격자ID,중심위도,중심경도,한변_m,세대수,직장인구
G375382_1270478,37.538167,127.047769,100,8,14
G375391_1270478,37.539072,127.047769,100,7,19
G375400_1270478,37.539977,127.047769,100,9,28
G375409_1270478,37.540881,127.047769,100,6,33
G375418_1270478,37.541786,127.047769,100,12,25
G375427_1270478,37.542691,127.047769,100,11,43
G375436_1270478,37.543595,127.047769,100,7,41
G375445_1270478,37.5445,127.047769,100,7,19
G375454_1270478,37.545405,127.047769,100,9,18
G375463_1270478,37.546309,127.047769,100,10,22
G375472_1270478,37.547214,127.047769,100,9,34
G375481_1270478,37.548119,127.047769,100,6,22
G375490_1270478,37.549023,127.047769,100,5,16
G375499_1270478,37.549928,127.047769,100,9,17
G375508_1270478,37.550833,127.047769,100,8,12
G375382_1270489,37.538167,127.048902,100,5,24
G375391_1270489,37.539072,127.048902,100,6,21
G375400_1270489,37.539977,127.048902,100,9,16
G375409_1270489,37.540881,127.048902,100,13,16
G375418_1270489,37.541786,127.048902,100,12,44
G375427_1270489,37.542691,127.048902,100,15,18
G375436_1270489,37.543595,127.048902,100,12,17
G375445_1270489,37.5445,127.048902,100,7,27
G375454_1270489,37.545405,127.048902,100,11,33
G375463_1270489,37.546309,127.048902,100,14,44
G375472_1270489,37.547214,127.048902,100,6,28
G375481_1270489,37.548119,127.048902,100,7,29
G375490_1270489,37.549023,127.048902,100,10,40
G375499_1270489,37.549928,127.048902,100,10,30
G375508_1270489,37.550833,127.048902,100,6,14
G375382_1270500,37.538167,127.050035,100,5,24
G375391_1270500,37.539072,127.050035,100,8,30
G375400_1270500,37.539977,127.050035,100,10,21
G375409_1270500,37.540881,127.050035,100,10,39
G375418_1270500,37.541786,127.050035,100,8,33
G375427_1270500,37.542691,127.050035,100,15,25
G375436_1270500,37.543595,127.050035,100,18,28
G375445_1270500,37.5445,127.050035,100,10,42
G375454_1270500,37.545405,127.050035,100,13,28
G375463_1270500,37.546309,127.050035,100,10,49
G375472_1270500,37.547214,127.050035,100,13,34
G375481_1270500,37.548119,127.050035,100,9,52
G375490_1270500,37.549023,127.050035,100,5,21
G375499_1270500,37.549928,127.050035,100,8,30
G375508_1270500,37.550833,127.050035,100,8,15
G375382_1270512,37.538167,127.051168,100,6,16
G375391_1270512,37.539072,127.051168,100,13,29
G375400_1270512,37.539977,127.051168,100,9,24
G375409_1270512,37.540881,127.051168,100,17,56
G375418_1270512,37.541786,127.051168,100,18,31
G375427_1270512,37.542691,127.051168,100,17,61
G375436_1270512,37.543595,127.051168,100,22,43
G375445_1270512,37.5445,127.051168,100,11,64
G375454_1270512,37.545405,127.051168,100,22,39
G375463_1270512,37.546309,127.051168,100,11,38
G375472_1270512,37.547214,127.051168,100,13,42
G375481_1270512,37.548119,127.051168,100,8,36
G375490_1270512,37.549023,127.051168,100,7,25
G375499_1270512,37.549928,127.051168,100,7,22
G375508_1270512,37.550833,127.051168,100,10,33
G375382_1270523,37.538167,127.052301,100,13,23
G375391_1270523,37.539072,127.052301,100,12,25
G375400_1270523,37.539977,127.052301,100,12,43
G375409_1270523,37.540881,127.052301,100,12,43
G375418_1270523,37.541786,127.052301,100,9,44
G375427_1270523,37.542691,127.052301,100,11,61
G375436_1270523,37.543595,127.052301,100,14,82
G375445_1270523,37.5445,127.052301,100,16,62
G375454_1270523,37.545405,127.052301,100,13,30
G375463_1270523,37.546309,127.052301,100,22,37
G375472_1270523,37.547214,127.052301,100,13,51
G375481_1270523,37.548119,127.052301,100,10,56
G375490_1270523,37.549023,127.052301,100,14,47
G375499_1270523,37.549928,127.052301,100,10,40
G375508_1270523,37.550833,127.052301,100,6,36
G375382_1270534,37.538167,127.053434,100,9,31
G375391_1270534,37.539072,127.053434,100,7,36
G375400_1270534,37.539977,127.053434,100,17,42
G375409_1270534,37.540881,127.053434,100,19,28
G375418_1270534,37.541786,127.053434,100,21,32
G375427_1270534,37.542691,127.053434,100,14,60
G375436_1270534,37.543595,127.053434,100,12,62
G375445_1270534,37.5445,127.053434,100,31,101
G375454_1270534,37.545405,127.053434,100,20,44
G375463_1270534,37.546309,127.053434,100,12,52
G375472_1270534,37.547214,127.053434,100,12,41
G375481_1270534,37.548119,127.053434,100,13,23
G375490_1270534,37.549023,127.053434,100,17,53
G375499_1270534,37.549928,127.053434,100,12,19
G375508_1270534,37.550833,127.053434,100,9,42
G375382_1270546,37.538167,127.054567,100,13,17
G375391_1270546,37.539072,127.054567,100,15,36
G375400_1270546,37.539977,127.054567,100,13,35
G375409_1270546,37.540881,127.054567,100,14,44
G375418_1270546,37.541786,127.054567,100,15,32
G375427_1270546,37.542691,127.054567,100,16,76
G375436_1270546,37.543595,127.054567,100,18,97
G375445_1270546,37.5445,127.054567,100,37,42
G375454_1270546,37.545405,127.054567,100,15,54
G375463_1270546,37.546309,127.054567,100,28,87
G375472_1270546,37.547214,127.054567,100,11,42
G375481_1270546,37.548119,127.054567,100,19,52
G375490_1270546,37.549023,127.054567,100,8,30
G375499_1270546,37.549928,127.054567,100,11,49
G375508_1270546,37.550833,127.054567,100,10,20
G375382_1270557,37.538167,127.0557,100,7,39
G375391_1270557,37.539072,127.0557,100,7,50
G375400_1270557,37.539977,127.0557,100,18,28
G375409_1270557,37.540881,127.0557,100,18,78
G375418_1270557,37.541786,127.0557,100,26,42
G375427_1270557,37.542691,127.0557,100,32,77
G375436_1270557,37.543595,127.0557,100,18,50
G375445_1270557,37.5445,127.0557,100,17,99
G375454_1270557,37.545405,127.0557,100,23,92
G375463_1270557,37.546309,127.0557,100,14,63
G375472_1270557,37.547214,127.0557,100,24,78
G375481_1270557,37.548119,127.0557,100,10,76
G375490_1270557,37.549023,127.0557,100,9,43
G375499_1270557,37.549928,127.0557,100,8,21
G375508_1270557,37.550833,127.0557,100,6,28
G375382_1270568,37.538167,127.056833,100,9,45
G375391_1270568,37.539072,127.056833,100,12,40
G375400_1270568,37.539977,127.056833,100,10,52
G375409_1270568,37.540881,127.056833,100,11,28
G375418_1270568,37.541786,127.056833,100,11,52
G375427_1270568,37.542691,127.056833,100,22,47
G375436_1270568,37.543595,127.056833,100,18,62
G375445_1270568,37.5445,127.056833,100,36,128
G375454_1270568,37.545405,127.056833,100,17,65
G375463_1270568,37.546309,127.056833,100,22,51
G375472_1270568,37.547214,127.056833,100,26,41
G375481_1270568,37.548119,127.056833,100,10,30
G375490_1270568,37.549023,127.056833,100,17,54
G375499_1270568,37.549928,127.056833,100,15,22
G375508_1270568,37.550833,127.056833,100,13,24
G375382_1270580,37.538167,127.057966,100,6,36
G375391_1270580,37.539072,127.057966,100,11,17
G375400_1270580,37.539977,127.057966,100,14,60
G375409_1270580,37.540881,127.057966,100,17,41
G375418_1270580,37.541786,127.057966,100,15,34
G375427_1270580,37.542691,127.057966,100,27,72
G375436_1270580,37.543595,127.057966,100,14,56
G375445_1270580,37.5445,127.057966,100,29,63
G375454_1270580,37.545405,127.057966,100,28,57
G375463_1270580,37.546309,127.057966,100,13,41
G375472_1270580,37.547214,127.057966,100,20,68
G375481_1270580,37.548119,127.057966,100,12,34
G375490_1270580,37.549023,127.057966,100,9,53
G375499_1270580,37.549928,127.057966,100,15,34
G375508_1270580,37.550833,127.057966,100,6,24
G375382_1270591,37.538167,127.059099,100,12,17
G375391_1270591,37.539072,127.059099,100,10,27
G375400_1270591,37.539977,127.059099,100,13,46
G375409_1270591,37.540881,127.059099,100,15,41
G375418_1270591,37.541786,127.059099,100,14,44
G375427_1270591,37.542691,127.059099,100,13,40
G375436_1270591,37.543595,127.059099,100,23,66
G375445_1270591,37.5445,127.059099,100,23,67
G375454_1270591,37.545405,127.059099,100,10,51
G375463_1270591,37.546309,127.059099,100,13,67
G375472_1270591,37.547214,127.059099,100,12,68
G375481_1270591,37.548119,127.059099,100,19,42
G375490_1270591,37.549023,127.059099,100,13,29
G375499_1270591,37.549928,127.059099,100,14,45
G375508_1270591,37.550833,127.059099,100,11,20
G375382_1270602,37.538167,127.060232,100,12,23
G375391_1270602,37.539072,127.060232,100,11,16
G375400_1270602,37.539977,127.060232,100,14,34
G375409_1270602,37.540881,127.060232,100,17,42
G375418_1270602,37.541786,127.060232,100,13,61
G375427_1270602,37.542691,127.060232,100,14,59
G375436_1270602,37.543595,127.060232,100,19,58
G375445_1270602,37.5445,127.060232,100,20,29
G375454_1270602,37.545405,127.060232,100,13,47
G375463_1270602,37.546309,127.060232,100,9,72
G375472_1270602,37.547214,127.060232,100,11,26
G375481_1270602,37.548119,127.060232,100,10,36
G375490_1270602,37.549023,127.060232,100,8,44
G375499_1270602,37.549928,127.060232,100,8,19
G375508_1270602,37.550833,127.060232,100,9,20
G375382_1270614,37.538167,127.061365,100,6,27
G375391_1270614,37.539072,127.061365,100,5,41
G375400_1270614,37.539977,127.061365,100,7,34
G375409_1270614,37.540881,127.061365,100,6,22
G375418_1270614,37.541786,127.061365,100,16,23
G375427_1270614,37.542691,127.061365,100,14,45
G375436_1270614,37.543595,127.061365,100,17,24
G375445_1270614,37.5445,127.061365,100,15,25
G375454_1270614,37.545405,127.061365,100,9,28
G375463_1270614,37.546309,127.061365,100,8,27
G375472_1270614,37.547214,127.061365,100,8,21
G375481_1270614,37.548119,127.061365,100,9,38
G375490_1270614,37.549023,127.061365,100,11,36
G375499_1270614,37.549928,127.061365,100,7,36
G375508_1270614,37.550833,127.061365,100,5,28
G375382_1270625,37.538167,127.062498,100,5,30
G375391_1270625,37.539072,127.062498,100,6,37
G375400_1270625,37.539977,127.062498,100,9,37
G375409_1270625,37.540881,127.062498,100,9,31
G375418_1270625,37.541786,127.062498,100,13,23
G375427_1270625,37.542691,127.062498,100,12,29
G375436_1270625,37.543595,127.062498,100,8,48
G375445_1270625,37.5445,127.062498,100,13,50
G375454_1270625,37.545405,127.062498,100,12,39
G375463_1270625,37.546309,127.062498,100,14,24
G375472_1270625,37.547214,127.062498,100,14,41
G375481_1270625,37.548119,127.062498,100,5,15
G375490_1270625,37.549023,127.062498,100,12,30
G375499_1270625,37.549928,127.062498,100,9,28
G375508_1270625,37.550833,127.062498,100,5,17
G375382_1270636,37.538167,127.063631,100,6,17
G375391_1270636,37.539072,127.063631,100,6,14
G375400_1270636,37.539977,127.063631,100,8,33
G375409_1270636,37.540881,127.063631,100,5,31
G375418_1270636,37.541786,127.063631,100,10,26
G375427_1270636,37.542691,127.063631,100,11,45
G375436_1270636,37.543595,127.063631,100,9,21
G375445_1270636,37.5445,127.063631,100,13,26
G375454_1270636,37.545405,127.063631,100,9,40
G375463_1270636,37.546309,127.063631,100,12,22
G375472_1270636,37.547214,127.063631,100,9,24
G375481_1270636,37.548119,127.063631,100,10,33
G375490_1270636,37.549023,127.063631,100,6,13
G375499_1270636,37.549928,127.063631,100,10,29
G375508_1270636,37.550833,127.063631,100,7,24
G374916_1270197,37.491567,127.019674,100,2,37
G374925_1270197,37.492472,127.019674,100,4,58
G374934_1270197,37.493377,127.019674,100,3,62
G374943_1270197,37.494281,127.019674,100,4,83
G374952_1270197,37.495186,127.019674,100,3,82
G374961_1270197,37.496091,127.019674,100,3,83
G374970_1270197,37.496995,127.019674,100,3,53
G374979_1270197,37.4979,127.019674,100,3,71
G374988_1270197,37.498805,127.019674,100,5,57
G374997_1270197,37.499709,127.019674,100,5,59
G375006_1270197,37.500614,127.019674,100,3,72
G375015_1270197,37.501519,127.019674,100,4,70
G375024_1270197,37.502423,127.019674,100,2,47
G375033_1270197,37.503328,127.019674,100,2,44
G375042_1270197,37.504233,127.019674,100,4,29
G374916_1270208,37.491567,127.020806,100,2,71
G374925_1270208,37.492472,127.020806,100,4,68
G374934_1270208,37.493377,127.020806,100,2,39
G374943_1270208,37.494281,127.020806,100,5,75
G374952_1270208,37.495186,127.020806,100,3,87
G374961_1270208,37.496091,127.020806,100,4,87
G374970_1270208,37.496995,127.020806,100,6,97
G374979_1270208,37.4979,127.020806,100,7,105
G374988_1270208,37.498805,127.020806,100,4,53
G374997_1270208,37.499709,127.020806,100,5,94
G375006_1270208,37.500614,127.020806,100,5,35
G375015_1270208,37.501519,127.020806,100,3,90
G375024_1270208,37.502423,127.020806,100,2,42
G375033_1270208,37.503328,127.020806,100,3,65
G375042_1270208,37.504233,127.020806,100,4,25
G374916_1270219,37.491567,127.021939,100,2,71
G374925_1270219,37.492472,127.021939,100,5,50
G374934_1270219,37.493377,127.021939,100,6,90
G374943_1270219,37.494281,127.021939,100,3,85
G374952_1270219,37.495186,127.021939,100,6,113
G374961_1270219,37.496091,127.021939,100,4,66
G374970_1270219,37.496995,127.021939,100,7,115
G374979_1270219,37.4979,127.021939,100,5,58
G374988_1270219,37.498805,127.021939,100,6,142
G374997_1270219,37.499709,127.021939,100,7,94
G375006_1270219,37.500614,127.021939,100,6,125
G375015_1270219,37.501519,127.021939,100,3,115
G375024_1270219,37.502423,127.021939,100,3,89
G375033_1270219,37.503328,127.021939,100,3,60
G375042_1270219,37.504233,127.021939,100,4,78
G374916_1270231,37.491567,127.023071,100,4,44
G374925_1270231,37.492472,127.023071,100,4,82
G374934_1270231,37.493377,127.023071,100,5,91
G374943_1270231,37.494281,127.023071,100,6,85
G374952_1270231,37.495186,127.023071,100,8,46
G374961_1270231,37.496091,127.023071,100,5,66
G374970_1270231,37.496995,127.023071,100,4,147
G374979_1270231,37.4979,127.023071,100,7,127
G374988_1270231,37.498805,127.023071,100,10,54
G374997_1270231,37.499709,127.023071,100,7,52
G375006_1270231,37.500614,127.023071,100,6,93
G375015_1270231,37.501519,127.023071,100,8,50
G375024_1270231,37.502423,127.023071,100,3,88
G375033_1270231,37.503328,127.023071,100,6,32
G375042_1270231,37.504233,127.023071,100,3,60
G374916_1270242,37.491567,127.024203,100,6,85
G374925_1270242,37.492472,127.024203,100,4,48
G374934_1270242,37.493377,127.024203,100,8,75
G374943_1270242,37.494281,127.024203,100,6,143
G374952_1270242,37.495186,127.024203,100,9,120
G374961_1270242,37.496091,127.024203,100,6,122
G374970_1270242,37.496995,127.024203,100,10,154
G374979_1270242,37.4979,127.024203,100,8,87
G374988_1270242,37.498805,127.024203,100,8,122
G374997_1270242,37.499709,127.024203,100,8,127
G375006_1270242,37.500614,127.024203,100,8,142
G375015_1270242,37.501519,127.024203,100,4,83
G375024_1270242,37.502423,127.024203,100,7,63
G375033_1270242,37.503328,127.024203,100,4,87
G375042_1270242,37.504233,127.024203,100,3,42
G374916_1270253,37.491567,127.025335,100,6,47
G374925_1270253,37.492472,127.025335,100,3,92
G374934_1270253,37.493377,127.025335,100,5,115
G374943_1270253,37.494281,127.025335,100,4,57
G374952_1270253,37.495186,127.025335,100,5,81
G374961_1270253,37.496091,127.025335,100,11,197
G374970_1270253,37.496995,127.025335,100,6,130
G374979_1270253,37.4979,127.025335,100,12,168
G374988_1270253,37.498805,127.025335,100,12,214
G374997_1270253,37.499709,127.025335,100,8,87
G375006_1270253,37.500614,127.025335,100,8,151
G375015_1270253,37.501519,127.025335,100,9,138
G375024_1270253,37.502423,127.025335,100,6,106
G375033_1270253,37.503328,127.025335,100,4,65
G375042_1270253,37.504233,127.025335,100,4,100
G374916_1270265,37.491567,127.026468,100,6,101
G374925_1270265,37.492472,127.026468,100,6,72
G374934_1270265,37.493377,127.026468,100,6,86
G374943_1270265,37.494281,127.026468,100,8,97
G374952_1270265,37.495186,127.026468,100,8,67
G374961_1270265,37.496091,127.026468,100,9,169
G374970_1270265,37.496995,127.026468,100,7,85
G374979_1270265,37.4979,127.026468,100,18,262
G374988_1270265,37.498805,127.026468,100,11,139
G374997_1270265,37.499709,127.026468,100,12,194
G375006_1270265,37.500614,127.026468,100,12,120
G375015_1270265,37.501519,127.026468,100,10,72
G375024_1270265,37.502423,127.026468,100,8,71
G375033_1270265,37.503328,127.026468,100,6,119
G375042_1270265,37.504233,127.026468,100,5,34
G374916_1270276,37.491567,127.0276,100,3,69
G374925_1270276,37.492472,127.0276,100,7,98
G374934_1270276,37.493377,127.0276,100,5,87
G374943_1270276,37.494281,127.0276,100,4,66
G374952_1270276,37.495186,127.0276,100,5,112
G374961_1270276,37.496091,127.0276,100,10,141
G374970_1270276,37.496995,127.0276,100,14,216
G374979_1270276,37.4979,127.0276,100,8,118
G374988_1270276,37.498805,127.0276,100,13,116
G374997_1270276,37.499709,127.0276,100,10,196
G375006_1270276,37.500614,127.0276,100,11,179
G375015_1270276,37.501519,127.0276,100,9,141
G375024_1270276,37.502423,127.0276,100,4,86
G375033_1270276,37.503328,127.0276,100,3,86
G375042_1270276,37.504233,127.0276,100,5,67
G374916_1270287,37.491567,127.028732,100,3,88
G374925_1270287,37.492472,127.028732,100,4,82
G374934_1270287,37.493377,127.028732,100,8,99
G374943_1270287,37.494281,127.028732,100,7,163
G374952_1270287,37.495186,127.028732,100,10,139
G374961_1270287,37.496091,127.028732,100,12,146
G374970_1270287,37.496995,127.028732,100,10,215
G374979_1270287,37.4979,127.028732,100,9,198
G374988_1270287,37.498805,127.028732,100,12,101
G374997_1270287,37.499709,127.028732,100,7,155
G375006_1270287,37.500614,127.028732,100,11,142
G375015_1270287,37.501519,127.028732,100,4,82
G375024_1270287,37.502423,127.028732,100,9,90
G375033_1270287,37.503328,127.028732,100,7,89
G375042_1270287,37.504233,127.028732,100,4,91
G374916_1270299,37.491567,127.029865,100,3,36
G374925_1270299,37.492472,127.029865,100,3,83
G374934_1270299,37.493377,127.029865,100,4,53
G374943_1270299,37.494281,127.029865,100,7,86
G374952_1270299,37.495186,127.029865,100,7,72
G374961_1270299,37.496091,127.029865,100,6,138
G374970_1270299,37.496995,127.029865,100,7,120
G374979_1270299,37.4979,127.029865,100,8,122
G374988_1270299,37.498805,127.029865,100,8,80
G374997_1270299,37.499709,127.029865,100,5,143
G375006_1270299,37.500614,127.029865,100,10,61
G375015_1270299,37.501519,127.029865,100,7,115
G375024_1270299,37.502423,127.029865,100,8,100
G375033_1270299,37.503328,127.029865,100,6,85
G375042_1270299,37.504233,127.029865,100,5,90
G374916_1270310,37.491567,127.030997,100,5,59
G374925_1270310,37.492472,127.030997,100,6,41
G374934_1270310,37.493377,127.030997,100,4,92
G374943_1270310,37.494281,127.030997,100,8,125
G374952_1270310,37.495186,127.030997,100,8,87
G374961_1270310,37.496091,127.030997,100,9,108
G374970_1270310,37.496995,127.030997,100,7,160
G374979_1270310,37.4979,127.030997,100,8,203
G374988_1270310,37.498805,127.030997,100,11,67
G374997_1270310,37.499709,127.030997,100,8,84
G375006_1270310,37.500614,127.030997,100,5,130
G375015_1270310,37.501519,127.030997,100,6,143
G375024_1270310,37.502423,127.030997,100,3,51
G375033_1270310,37.503328,127.030997,100,7,62
G375042_1270310,37.504233,127.030997,100,6,71
G374916_1270321,37.491567,127.032129,100,3,36
G374925_1270321,37.492472,127.032129,100,3,62
G374934_1270321,37.493377,127.032129,100,6,94
G374943_1270321,37.494281,127.032129,100,8,119
G374952_1270321,37.495186,127.032129,100,9,79
G374961_1270321,37.496091,127.032129,100,5,124
G374970_1270321,37.496995,127.032129,100,7,135
G374979_1270321,37.4979,127.032129,100,6,127
G374988_1270321,37.498805,127.032129,100,6,139
G374997_1270321,37.499709,127.032129,100,4,151
G375006_1270321,37.500614,127.032129,100,8,125
G375015_1270321,37.501519,127.032129,100,3,104
G375024_1270321,37.502423,127.032129,100,5,98
G375033_1270321,37.503328,127.032129,100,4,100
G375042_1270321,37.504233,127.032129,100,3,28
G374916_1270333,37.491567,127.033261,100,3,47
G374925_1270333,37.492472,127.033261,100,2,42
G374934_1270333,37.493377,127.033261,100,6,62
G374943_1270333,37.494281,127.033261,100,5,40
G374952_1270333,37.495186,127.033261,100,7,87
G374961_1270333,37.496091,127.033261,100,8,53
G374970_1270333,37.496995,127.033261,100,6,134
G374979_1270333,37.4979,127.033261,100,4,140
G374988_1270333,37.498805,127.033261,100,5,87
G374997_1270333,37.499709,127.033261,100,7,54
G375006_1270333,37.500614,127.033261,100,3,86
G375015_1270333,37.501519,127.033261,100,4,59
G375024_1270333,37.502423,127.033261,100,3,83
G375033_1270333,37.503328,127.033261,100,6,74
G375042_1270333,37.504233,127.033261,100,4,54
G374916_1270344,37.491567,127.034394,100,3,39
G374925_1270344,37.492472,127.034394,100,4,44
G374934_1270344,37.493377,127.034394,100,4,71
G374943_1270344,37.494281,127.034394,100,3,72
G374952_1270344,37.495186,127.034394,100,7,62
G374961_1270344,37.496091,127.034394,100,7,70
G374970_1270344,37.496995,127.034394,100,5,64
G374979_1270344,37.4979,127.034394,100,5,111
G374988_1270344,37.498805,127.034394,100,5,45
G374997_1270344,37.499709,127.034394,100,4,100
G375006_1270344,37.500614,127.034394,100,6,57
G375015_1270344,37.501519,127.034394,100,6,58
G375024_1270344,37.502423,127.034394,100,3,57
G375033_1270344,37.503328,127.034394,100,4,75
G375042_1270344,37.504233,127.034394,100,3,38
G374916_1270355,37.491567,127.035526,100,3,60
G374925_1270355,37.492472,127.035526,100,3,52
G374934_1270355,37.493377,127.035526,100,2,59
G374943_1270355,37.494281,127.035526,100,2,48
G374952_1270355,37.495186,127.035526,100,6,78
G374961_1270355,37.496091,127.035526,100,3,77
G374970_1270355,37.496995,127.035526,100,5,64
G374979_1270355,37.4979,127.035526,100,6,60
G374988_1270355,37.498805,127.035526,100,3,41
G374997_1270355,37.499709,127.035526,100,5,100
G375006_1270355,37.500614,127.035526,100,3,33
G375015_1270355,37.501519,127.035526,100,3,56
G375024_1270355,37.502423,127.035526,100,3,56
G375033_1270355,37.503328,127.035526,100,4,41
G375042_1270355,37.504233,127.035526,100,3,58
G375199_1268673,37.519867,126.867271,100,13,3
G375208_1268673,37.520772,126.867271,100,16,4
G375217_1268673,37.521677,126.867271,100,8,5
G375226_1268673,37.522581,126.867271,100,14,5
G375235_1268673,37.523486,126.867271,100,18,6
G375244_1268673,37.524391,126.867271,100,14,7
G375253_1268673,37.525295,126.867271,100,21,8
G375262_1268673,37.5262,126.867271,100,15,10
G375271_1268673,37.527105,126.867271,100,16,9
G375280_1268673,37.528009,126.867271,100,21,7
G375289_1268673,37.528914,126.867271,100,24,4
G375298_1268673,37.529819,126.867271,100,13,5
G375307_1268673,37.530723,126.867271,100,15,6
G375316_1268673,37.531628,126.867271,100,17,3
G375325_1268673,37.532533,126.867271,100,17,2
G375199_1268684,37.519867,126.868404,100,13,3
G375208_1268684,37.520772,126.868404,100,10,8
G375217_1268684,37.521677,126.868404,100,24,4
G375226_1268684,37.522581,126.868404,100,22,6
G375235_1268684,37.523486,126.868404,100,12,4
G375244_1268684,37.524391,126.868404,100,12,11
G375253_1268684,37.525295,126.868404,100,23,5
G375262_1268684,37.5262,126.868404,100,30,8
G375271_1268684,37.527105,126.868404,100,26,10
G375280_1268684,37.528009,126.868404,100,30,6
G375289_1268684,37.528914,126.868404,100,22,7
G375298_1268684,37.529819,126.868404,100,17,5
G375307_1268684,37.530723,126.868404,100,15,8
G375316_1268684,37.531628,126.868404,100,16,5
G375325_1268684,37.532533,126.868404,100,18,3
G375199_1268695,37.519867,126.869537,100,19,4
G375208_1268695,37.520772,126.869537,100,11,9
G375217_1268695,37.521677,126.869537,100,15,5
G375226_1268695,37.522581,126.869537,100,22,5
G375235_1268695,37.523486,126.869537,100,14,6
G375244_1268695,37.524391,126.869537,100,31,11
G375253_1268695,37.525295,126.869537,100,21,9
G375262_1268695,37.5262,126.869537,100,16,10
G375271_1268695,37.527105,126.869537,100,36,13
G375280_1268695,37.528009,126.869537,100,25,13
G375289_1268695,37.528914,126.869537,100,29,10
G375298_1268695,37.529819,126.869537,100,13,4
G375307_1268695,37.530723,126.869537,100,11,9
G375316_1268695,37.531628,126.869537,100,10,5
G375325_1268695,37.532533,126.869537,100,18,6
G375199_1268707,37.519867,126.870669,100,9,8
G375208_1268707,37.520772,126.870669,100,24,10
G375217_1268707,37.521677,126.870669,100,26,9
G375226_1268707,37.522581,126.870669,100,31,6
G375235_1268707,37.523486,126.870669,100,35,14
G375244_1268707,37.524391,126.870669,100,31,11
G375253_1268707,37.525295,126.870669,100,31,9
G375262_1268707,37.5262,126.870669,100,28,13
G375271_1268707,37.527105,126.870669,100,40,9
G375280_1268707,37.528009,126.870669,100,36,13
G375289_1268707,37.528914,126.870669,100,19,6
G375298_1268707,37.529819,126.870669,100,17,6
G375307_1268707,37.530723,126.870669,100,12,4
G375316_1268707,37.531628,126.870669,100,19,4
G375325_1268707,37.532533,126.870669,100,14,6
G375199_1268718,37.519867,126.871802,100,9,4
G375208_1268718,37.520772,126.871802,100,20,8
G375217_1268718,37.521677,126.871802,100,23,12
G375226_1268718,37.522581,126.871802,100,24,11
G375235_1268718,37.523486,126.871802,100,36,14
G375244_1268718,37.524391,126.871802,100,34,6
G375253_1268718,37.525295,126.871802,100,36,11
G375262_1268718,37.5262,126.871802,100,51,20
G375271_1268718,37.527105,126.871802,100,30,7
G375280_1268718,37.528009,126.871802,100,37,18
G375289_1268718,37.528914,126.871802,100,40,8
G375298_1268718,37.529819,126.871802,100,20,15
G375307_1268718,37.530723,126.871802,100,12,9
G375316_1268718,37.531628,126.871802,100,11,10
G375325_1268718,37.532533,126.871802,100,9,8
G375199_1268729,37.519867,126.872935,100,25,4
G375208_1268729,37.520772,126.872935,100,23,4
G375217_1268729,37.521677,126.872935,100,35,9
G375226_1268729,37.522581,126.872935,100,34,16
G375235_1268729,37.523486,126.872935,100,19,9
G375244_1268729,37.524391,126.872935,100,44,14
G375253_1268729,37.525295,126.872935,100,26,9
G375262_1268729,37.5262,126.872935,100,31,12
G375271_1268729,37.527105,126.872935,100,53,22
G375280_1268729,37.528009,126.872935,100,33,13
G375289_1268729,37.528914,126.872935,100,28,6
G375298_1268729,37.529819,126.872935,100,25,6
G375307_1268729,37.530723,126.872935,100,17,13
G375316_1268729,37.531628,126.872935,100,15,5
G375325_1268729,37.532533,126.872935,100,18,9
G375199_1268741,37.519867,126.874067,100,20,8
G375208_1268741,37.520772,126.874067,100,25,12
G375217_1268741,37.521677,126.874067,100,20,13
G375226_1268741,37.522581,126.874067,100,35,16
G375235_1268741,37.523486,126.874067,100,31,19
G375244_1268741,37.524391,126.874067,100,26,8
G375253_1268741,37.525295,126.874067,100,38,27
G375262_1268741,37.5262,126.874067,100,54,18
G375271_1268741,37.527105,126.874067,100,25,25
G375280_1268741,37.528009,126.874067,100,30,23
G375289_1268741,37.528914,126.874067,100,28,11
G375298_1268741,37.529819,126.874067,100,43,8
G375307_1268741,37.530723,126.874067,100,14,5
G375316_1268741,37.531628,126.874067,100,13,10
G375325_1268741,37.532533,126.874067,100,26,5
G375199_1268752,37.519867,126.8752,100,10,8
G375208_1268752,37.520772,126.8752,100,21,11
G375217_1268752,37.521677,126.8752,100,18,9
G375226_1268752,37.522581,126.8752,100,28,11
G375235_1268752,37.523486,126.8752,100,20,21
G375244_1268752,37.524391,126.8752,100,58,11
G375253_1268752,37.525295,126.8752,100,37,24
G375262_1268752,37.5262,126.8752,100,66,27
G375271_1268752,37.527105,126.8752,100,36,19
G375280_1268752,37.528009,126.8752,100,23,25
G375289_1268752,37.528914,126.8752,100,20,9
G375298_1268752,37.529819,126.8752,100,37,14
G375307_1268752,37.530723,126.8752,100,21,13
G375316_1268752,37.531628,126.8752,100,23,13
G375325_1268752,37.532533,126.8752,100,17,4
G375199_1268763,37.519867,126.876333,100,13,6
G375208_1268763,37.520772,126.876333,100,24,12
G375217_1268763,37.521677,126.876333,100,26,11
G375226_1268763,37.522581,126.876333,100,32,13
G375235_1268763,37.523486,126.876333,100,29,15
G375244_1268763,37.524391,126.876333,100,29,10
G375253_1268763,37.525295,126.876333,100,39,12
G375262_1268763,37.5262,126.876333,100,70,22
G375271_1268763,37.527105,126.876333,100,55,19
G375280_1268763,37.528009,126.876333,100,23,10
G375289_1268763,37.528914,126.876333,100,19,12
G375298_1268763,37.529819,126.876333,100,32,6
G375307_1268763,37.530723,126.876333,100,28,13
G375316_1268763,37.531628,126.876333,100,29,11
G375325_1268763,37.532533,126.876333,100,12,4
G375199_1268775,37.519867,126.877465,100,12,6
G375208_1268775,37.520772,126.877465,100,27,8
G375217_1268775,37.521677,126.877465,100,20,7
G375226_1268775,37.522581,126.877465,100,16,11
G375235_1268775,37.523486,126.877465,100,40,9
G375244_1268775,37.524391,126.877465,100,45,13
G375253_1268775,37.525295,126.877465,100,57,10
G375262_1268775,37.5262,126.877465,100,37,15
G375271_1268775,37.527105,126.877465,100,52,11
G375280_1268775,37.528009,126.877465,100,32,22
G375289_1268775,37.528914,126.877465,100,37,16
G375298_1268775,37.529819,126.877465,100,22,8
G375307_1268775,37.530723,126.877465,100,35,6
G375316_1268775,37.531628,126.877465,100,28,11
G375325_1268775,37.532533,126.877465,100,16,10
G375199_1268786,37.519867,126.878598,100,19,7
G375208_1268786,37.520772,126.878598,100,18,6
G375217_1268786,37.521677,126.878598,100,17,7
G375226_1268786,37.522581,126.878598,100,23,12
G375235_1268786,37.523486,126.878598,100,29,16
G375244_1268786,37.524391,126.878598,100,41,9
G375253_1268786,37.525295,126.878598,100,42,15
G375262_1268786,37.5262,126.878598,100,28,9
G375271_1268786,37.527105,126.878598,100,40,7
G375280_1268786,37.528009,126.878598,100,24,8
G375289_1268786,37.528914,126.878598,100,22,14
G375298_1268786,37.529819,126.878598,100,23,7
G375307_1268786,37.530723,126.878598,100,29,4
G375316_1268786,37.531628,126.878598,100,16,11
G375325_1268786,37.532533,126.878598,100,21,9
G375199_1268797,37.519867,126.879731,100,9,8
G375208_1268797,37.520772,126.879731,100,23,8
G375217_1268797,37.521677,126.879731,100,22,4
G375226_1268797,37.522581,126.879731,100,15,5
G375235_1268797,37.523486,126.879731,100,30,10
G375244_1268797,37.524391,126.879731,100,34,10
G375253_1268797,37.525295,126.879731,100,29,16
G375262_1268797,37.5262,126.879731,100,21,17
G375271_1268797,37.527105,126.879731,100,27,14
G375280_1268797,37.528009,126.879731,100,22,14
G375289_1268797,37.528914,126.879731,100,18,12
G375298_1268797,37.529819,126.879731,100,29,6
G375307_1268797,37.530723,126.879731,100,28,6
G375316_1268797,37.531628,126.879731,100,13,5
G375325_1268797,37.532533,126.879731,100,20,7
G375199_1268809,37.519867,126.880863,100,17,7
G375208_1268809,37.520772,126.880863,100,17,5
G375217_1268809,37.521677,126.880863,100,21,8
G375226_1268809,37.522581,126.880863,100,14,10
G375235_1268809,37.523486,126.880863,100,27,8
G375244_1268809,37.524391,126.880863,100,33,6
G375253_1268809,37.525295,126.880863,100,24,7
G375262_1268809,37.5262,126.880863,100,17,15
G375271_1268809,37.527105,126.880863,100,26,8
G375280_1268809,37.528009,126.880863,100,28,6
G375289_1268809,37.528914,126.880863,100,17,7
G375298_1268809,37.529819,126.880863,100,30,8
G375307_1268809,37.530723,126.880863,100,19,9
G375316_1268809,37.531628,126.880863,100,18,6
G375325_1268809,37.532533,126.880863,100,18,4
G375199_1268820,37.519867,126.881996,100,16,7
G375208_1268820,37.520772,126.881996,100,14,7
G375217_1268820,37.521677,126.881996,100,18,6
G375226_1268820,37.522581,126.881996,100,17,5
G375235_1268820,37.523486,126.881996,100,23,6
G375244_1268820,37.524391,126.881996,100,15,8
G375253_1268820,37.525295,126.881996,100,22,11
G375262_1268820,37.5262,126.881996,100,19,10
G375271_1268820,37.527105,126.881996,100,26,5
G375280_1268820,37.528009,126.881996,100,25,10
G375289_1268820,37.528914,126.881996,100,22,11
G375298_1268820,37.529819,126.881996,100,25,10
G375307_1268820,37.530723,126.881996,100,12,7
G375316_1268820,37.531628,126.881996,100,12,3
G375325_1268820,37.532533,126.881996,100,17,3
G375199_1268831,37.519867,126.883129,100,11,4
G375208_1268831,37.520772,126.883129,100,16,5
G375217_1268831,37.521677,126.883129,100,14,5
G375226_1268831,37.522581,126.883129,100,20,4
G375235_1268831,37.523486,126.883129,100,23,6
G375244_1268831,37.524391,126.883129,100,25,3
G375253_1268831,37.525295,126.883129,100,26,4
G375262_1268831,37.5262,126.883129,100,24,7
G375271_1268831,37.527105,126.883129,100,12,7
G375280_1268831,37.528009,126.883129,100,23,7
G375289_1268831,37.528914,126.883129,100,22,5
G375298_1268831,37.529819,126.883129,100,20,8
G375307_1268831,37.530723,126.883129,100,10,7
G375316_1268831,37.531628,126.883129,100,13,6
G375325_1268831,37.532533,126.883129,100,11,4
G375509_1269166,37.550867,126.916568,100,4,12
G375518_1269166,37.551772,126.916568,100,8,17
G375527_1269166,37.552677,126.916568,100,12,21
G375536_1269166,37.553581,126.916568,100,6,12
G375545_1269166,37.554486,126.916568,100,11,21
G375554_1269166,37.555391,126.916568,100,11,23
G375563_1269166,37.556295,126.916568,100,13,35
G375572_1269166,37.5572,126.916568,100,10,41
G375581_1269166,37.558105,126.916568,100,8,35
G375590_1269166,37.559009,126.916568,100,10,17
G375599_1269166,37.559914,126.916568,100,14,32
G375608_1269166,37.560819,126.916568,100,13,27
G375617_1269166,37.561723,126.916568,100,6,32
G375626_1269166,37.562628,126.916568,100,6,22
G375635_1269166,37.563533,126.916568,100,5,13
G375509_1269177,37.550867,126.917701,100,11,25
G375518_1269177,37.551772,126.917701,100,6,18
G375527_1269177,37.552677,126.917701,100,6,35
G375536_1269177,37.553581,126.917701,100,15,35
G375545_1269177,37.554486,126.917701,100,11,43
G375554_1269177,37.555391,126.917701,100,13,39
G375563_1269177,37.556295,126.917701,100,9,48
G375572_1269177,37.5572,126.917701,100,14,49
G375581_1269177,37.558105,126.917701,100,15,47
G375590_1269177,37.559009,126.917701,100,10,23
G375599_1269177,37.559914,126.917701,100,11,24
G375608_1269177,37.560819,126.917701,100,13,32
G375617_1269177,37.561723,126.917701,100,8,22
G375626_1269177,37.562628,126.917701,100,8,14
G375635_1269177,37.563533,126.917701,100,6,18
G375509_1269188,37.550867,126.918834,100,7,19
G375518_1269188,37.551772,126.918834,100,11,21
G375527_1269188,37.552677,126.918834,100,7,32
G375536_1269188,37.553581,126.918834,100,7,18
G375545_1269188,37.554486,126.918834,100,9,24
G375554_1269188,37.555391,126.918834,100,12,53
G375563_1269188,37.556295,126.918834,100,14,32
G375572_1269188,37.5572,126.918834,100,13,49
G375581_1269188,37.558105,126.918834,100,16,34
G375590_1269188,37.559009,126.918834,100,14,40
G375599_1269188,37.559914,126.918834,100,9,20
G375608_1269188,37.560819,126.918834,100,15,36
G375617_1269188,37.561723,126.918834,100,13,24
G375626_1269188,37.562628,126.918834,100,7,34
G375635_1269188,37.563533,126.918834,100,8,30
G375509_1269200,37.550867,126.919967,100,13,14
G375518_1269200,37.551772,126.919967,100,6,33
G375527_1269200,37.552677,126.919967,100,16,28
G375536_1269200,37.553581,126.919967,100,11,28
G375545_1269200,37.554486,126.919967,100,9,20
G375554_1269200,37.555391,126.919967,100,21,59
G375563_1269200,37.556295,126.919967,100,19,27
G375572_1269200,37.5572,126.919967,100,13,27
G375581_1269200,37.558105,126.919967,100,24,47
G375590_1269200,37.559009,126.919967,100,20,38
G375599_1269200,37.559914,126.919967,100,17,19
G375608_1269200,37.560819,126.919967,100,11,40
G375617_1269200,37.561723,126.919967,100,12,20
G375626_1269200,37.562628,126.919967,100,8,33
G375635_1269200,37.563533,126.919967,100,9,27
G375509_1269211,37.550867,126.921101,100,6,22
G375518_1269211,37.551772,126.921101,100,13,20
G375527_1269211,37.552677,126.921101,100,10,27
G375536_1269211,37.553581,126.921101,100,13,48
G375545_1269211,37.554486,126.921101,100,11,26
G375554_1269211,37.555391,126.921101,100,17,52
G375563_1269211,37.556295,126.921101,100,17,28
G375572_1269211,37.5572,126.921101,100,13,78
G375581_1269211,37.558105,126.921101,100,17,59
G375590_1269211,37.559009,126.921101,100,11,59
G375599_1269211,37.559914,126.921101,100,22,25
G375608_1269211,37.560819,126.921101,100,17,47
G375617_1269211,37.561723,126.921101,100,9,16
G375626_1269211,37.562628,126.921101,100,16,24
G375635_1269211,37.563533,126.921101,100,12,15
G375509_1269222,37.550867,126.922234,100,6,33
G375518_1269222,37.551772,126.922234,100,14,44
G375527_1269222,37.552677,126.922234,100,15,55
G375536_1269222,37.553581,126.922234,100,22,38
G375545_1269222,37.554486,126.922234,100,27,72
G375554_1269222,37.555391,126.922234,100,27,50
G375563_1269222,37.556295,126.922234,100,29,42
G375572_1269222,37.5572,126.922234,100,33,51
G375581_1269222,37.558105,126.922234,100,17,57
G375590_1269222,37.559009,126.922234,100,28,33
G375599_1269222,37.559914,126.922234,100,23,68
G375608_1269222,37.560819,126.922234,100,15,56
G375617_1269222,37.561723,126.922234,100,19,22
G375626_1269222,37.562628,126.922234,100,13,37
G375635_1269222,37.563533,126.922234,100,15,15
G375509_1269234,37.550867,126.923367,100,15,15
G375518_1269234,37.551772,126.923367,100,12,44
G375527_1269234,37.552677,126.923367,100,8,31
G375536_1269234,37.553581,126.923367,100,18,36
G375545_1269234,37.554486,126.923367,100,15,72
G375554_1269234,37.555391,126.923367,100,21,66
G375563_1269234,37.556295,126.923367,100,26,40
G375572_1269234,37.5572,126.923367,100,27,74
G375581_1269234,37.558105,126.923367,100,32,39
G375590_1269234,37.559009,126.923367,100,31,56
G375599_1269234,37.559914,126.923367,100,19,69
G375608_1269234,37.560819,126.923367,100,21,56
G375617_1269234,37.561723,126.923367,100,11,18
G375626_1269234,37.562628,126.923367,100,12,43
G375635_1269234,37.563533,126.923367,100,13,39
G375509_1269245,37.550867,126.9245,100,12,18
G375518_1269245,37.551772,126.9245,100,18,40
G375527_1269245,37.552677,126.9245,100,17,49
G375536_1269245,37.553581,126.9245,100,26,69
G375545_1269245,37.554486,126.9245,100,29,58
G375554_1269245,37.555391,126.9245,100,30,95
G375563_1269245,37.556295,126.9245,100,17,47
G375572_1269245,37.5572,126.9245,100,20,48
G375581_1269245,37.558105,126.9245,100,39,94
G375590_1269245,37.559009,126.9245,100,28,80
G375599_1269245,37.559914,126.9245,100,24,65
G375608_1269245,37.560819,126.9245,100,16,49
G375617_1269245,37.561723,126.9245,100,14,58
G375626_1269245,37.562628,126.9245,100,9,45
G375635_1269245,37.563533,126.9245,100,15,16
G375509_1269256,37.550867,126.925633,100,15,32
G375518_1269256,37.551772,126.925633,100,10,40
G375527_1269256,37.552677,126.925633,100,12,18
G375536_1269256,37.553581,126.925633,100,24,40
G375545_1269256,37.554486,126.925633,100,18,48
G375554_1269256,37.555391,126.925633,100,32,62
G375563_1269256,37.556295,126.925633,100,22,100
G375572_1269256,37.5572,126.925633,100,35,101
G375581_1269256,37.558105,126.925633,100,34,36
G375590_1269256,37.559009,126.925633,100,20,51
G375599_1269256,37.559914,126.925633,100,28,43
G375608_1269256,37.560819,126.925633,100,17,63
G375617_1269256,37.561723,126.925633,100,13,33
G375626_1269256,37.562628,126.925633,100,17,20
G375635_1269256,37.563533,126.925633,100,13,41
G375509_1269268,37.550867,126.926766,100,10,17
G375518_1269268,37.551772,126.926766,100,12,46
G375527_1269268,37.552677,126.926766,100,13,22
G375536_1269268,37.553581,126.926766,100,22,43
G375545_1269268,37.554486,126.926766,100,24,33
G375554_1269268,37.555391,126.926766,100,15,81
G375563_1269268,37.556295,126.926766,100,29,82
G375572_1269268,37.5572,126.926766,100,19,77
G375581_1269268,37.558105,126.926766,100,16,57
G375590_1269268,37.559009,126.926766,100,12,80
G375599_1269268,37.559914,126.926766,100,13,67
G375608_1269268,37.560819,126.926766,100,20,58
G375617_1269268,37.561723,126.926766,100,10,47
G375626_1269268,37.562628,126.926766,100,9,23
G375635_1269268,37.563533,126.926766,100,13,21
G375509_1269279,37.550867,126.927899,100,5,35
G375518_1269279,37.551772,126.927899,100,10,28
G375527_1269279,37.552677,126.927899,100,18,38
G375536_1269279,37.553581,126.927899,100,8,39
G375545_1269279,37.554486,126.927899,100,18,49
G375554_1269279,37.555391,126.927899,100,23,66
G375563_1269279,37.556295,126.927899,100,22,72
G375572_1269279,37.5572,126.927899,100,22,52
G375581_1269279,37.558105,126.927899,100,30,37
G375590_1269279,37.559009,126.927899,100,12,35
G375599_1269279,37.559914,126.927899,100,14,50
G375608_1269279,37.560819,126.927899,100,14,48
G375617_1269279,37.561723,126.927899,100,14,24
G375626_1269279,37.562628,126.927899,100,14,34
G375635_1269279,37.563533,126.927899,100,11,22
G375509_1269290,37.550867,126.929033,100,9,35
G375518_1269290,37.551772,126.929033,100,9,26
G375527_1269290,37.552677,126.929033,100,9,34
G375536_1269290,37.553581,126.929033,100,11,42
G375545_1269290,37.554486,126.929033,100,20,20
G375554_1269290,37.555391,126.929033,100,19,47
G375563_1269290,37.556295,126.929033,100,16,59
G375572_1269290,37.5572,126.929033,100,18,42
G375581_1269290,37.558105,126.929033,100,12,66
G375590_1269290,37.559009,126.929033,100,9,30
G375599_1269290,37.559914,126.929033,100,22,31
G375608_1269290,37.560819,126.929033,100,8,47
G375617_1269290,37.561723,126.929033,100,7,36
G375626_1269290,37.562628,126.929033,100,14,13
G375635_1269290,37.563533,126.929033,100,10,14
G375509_1269302,37.550867,126.930166,100,10,16
G375518_1269302,37.551772,126.930166,100,12,28
G375527_1269302,37.552677,126.930166,100,12,41
G375536_1269302,37.553581,126.930166,100,16,27
G375545_1269302,37.554486,126.930166,100,14,37
G375554_1269302,37.555391,126.930166,100,12,34
G375563_1269302,37.556295,126.930166,100,13,55
G375572_1269302,37.5572,126.930166,100,16,46
G375581_1269302,37.558105,126.930166,100,16,55
G375590_1269302,37.559009,126.930166,100,8,21
G375599_1269302,37.559914,126.930166,100,12,29
G375608_1269302,37.560819,126.930166,100,12,45
G375617_1269302,37.561723,126.930166,100,7,33
G375626_1269302,37.562628,126.930166,100,6,13
G375635_1269302,37.563533,126.930166,100,8,32
G375509_1269313,37.550867,126.931299,100,6,12
G375518_1269313,37.551772,126.931299,100,12,11
G375527_1269313,37.552677,126.931299,100,13,15
G375536_1269313,37.553581,126.931299,100,14,19
G375545_1269313,37.554486,126.931299,100,7,36
G375554_1269313,37.555391,126.931299,100,12,46
G375563_1269313,37.556295,126.931299,100,11,28
G375572_1269313,37.5572,126.931299,100,17,41
G375581_1269313,37.558105,126.931299,100,10,43
G375590_1269313,37.559009,126.931299,100,14,43
G375599_1269313,37.559914,126.931299,100,11,32
G375608_1269313,37.560819,126.931299,100,10,20
G375617_1269313,37.561723,126.931299,100,9,36
G375626_1269313,37.562628,126.931299,100,12,12
G375635_1269313,37.563533,126.931299,100,4,17
G375509_1269324,37.550867,126.932432,100,10,16
G375518_1269324,37.551772,126.932432,100,6,17
G375527_1269324,37.552677,126.932432,100,12,15
G375536_1269324,37.553581,126.932432,100,5,20
G375545_1269324,37.554486,126.932432,100,10,20
G375554_1269324,37.555391,126.932432,100,14,38
G375563_1269324,37.556295,126.932432,100,7,14
G375572_1269324,37.5572,126.932432,100,8,25
G375581_1269324,37.558105,126.932432,100,11,29
G375590_1269324,37.559009,126.932432,100,13,22
G375599_1269324,37.559914,126.932432,100,12,12
G375608_1269324,37.560819,126.932432,100,12,33
G375617_1269324,37.561723,126.932432,100,7,23
G375626_1269324,37.562628,126.932432,100,8,17
G375635_1269324,37.563533,126.932432,100,9,21
G373957_1271007,37.395667,127.100684,100,3,28
G373966_1271007,37.396572,127.100684,100,2,60
G373975_1271007,37.397477,127.100684,100,2,38
G373984_1271007,37.398381,127.100684,100,3,72
G373993_1271007,37.399286,127.100684,100,5,30
G374002_1271007,37.400191,127.100684,100,4,52
G374011_1271007,37.401095,127.100684,100,3,57
G374020_1271007,37.402,127.100684,100,3,36
G374029_1271007,37.402905,127.100684,100,5,47
G374038_1271007,37.403809,127.100684,100,6,64
G374047_1271007,37.404714,127.100684,100,3,78
G374056_1271007,37.405619,127.100684,100,3,54
G374065_1271007,37.406523,127.100684,100,4,26
G374074_1271007,37.407428,127.100684,100,4,29
G374083_1271007,37.408333,127.100684,100,2,48
G373957_1271018,37.395667,127.101815,100,2,41
G373966_1271018,37.396572,127.101815,100,2,69
G373975_1271018,37.397477,127.101815,100,3,42
G373984_1271018,37.398381,127.101815,100,5,43
G373993_1271018,37.399286,127.101815,100,5,69
G374002_1271018,37.400191,127.101815,100,7,93
G374011_1271018,37.401095,127.101815,100,5,92
G374020_1271018,37.402,127.101815,100,7,108
G374029_1271018,37.402905,127.101815,100,5,66
G374038_1271018,37.403809,127.101815,100,6,54
G374047_1271018,37.404714,127.101815,100,6,97
G374056_1271018,37.405619,127.101815,100,5,41
G374065_1271018,37.406523,127.101815,100,4,70
G374074_1271018,37.407428,127.101815,100,3,80
G374083_1271018,37.408333,127.101815,100,4,50
G373957_1271029,37.395667,127.102946,100,3,40
G373966_1271029,37.396572,127.102946,100,5,79
G373975_1271029,37.397477,127.102946,100,5,101
G373984_1271029,37.398381,127.102946,100,3,73
G373993_1271029,37.399286,127.102946,100,4,126
G374002_1271029,37.400191,127.102946,100,5,121
G374011_1271029,37.401095,127.102946,100,8,99
G374020_1271029,37.402,127.102946,100,5,85
G374029_1271029,37.402905,127.102946,100,4,95
G374038_1271029,37.403809,127.102946,100,6,127
G374047_1271029,37.404714,127.102946,100,7,66
G374056_1271029,37.405619,127.102946,100,6,63
G374065_1271029,37.406523,127.102946,100,6,99
G374074_1271029,37.407428,127.102946,100,5,54
G374083_1271029,37.408333,127.102946,100,2,46
G373957_1271041,37.395667,127.104077,100,4,48
G373966_1271041,37.396572,127.104077,100,5,72
G373975_1271041,37.397477,127.104077,100,6,43
G373984_1271041,37.398381,127.104077,100,7,126
G373993_1271041,37.399286,127.104077,100,8,62
G374002_1271041,37.400191,127.104077,100,9,87
G374011_1271041,37.401095,127.104077,100,6,54
G374020_1271041,37.402,127.104077,100,7,88
G374029_1271041,37.402905,127.104077,100,4,80
G374038_1271041,37.403809,127.104077,100,10,57
G374047_1271041,37.404714,127.104077,100,4,98
G374056_1271041,37.405619,127.104077,100,4,62
G374065_1271041,37.406523,127.104077,100,3,90
G374074_1271041,37.407428,127.104077,100,5,51
G374083_1271041,37.408333,127.104077,100,5,82
G373957_1271052,37.395667,127.105208,100,6,82
G373966_1271052,37.396572,127.105208,100,6,53
G373975_1271052,37.397477,127.105208,100,4,96
G373984_1271052,37.398381,127.105208,100,7,57
G373993_1271052,37.399286,127.105208,100,9,141
G374002_1271052,37.400191,127.105208,100,10,78
G374011_1271052,37.401095,127.105208,100,10,130
G374020_1271052,37.402,127.105208,100,12,124
G374029_1271052,37.402905,127.105208,100,9,123
G374038_1271052,37.403809,127.105208,100,6,84
G374047_1271052,37.404714,127.105208,100,6,96
G374056_1271052,37.405619,127.105208,100,6,104
G374065_1271052,37.406523,127.105208,100,3,98
G374074_1271052,37.407428,127.105208,100,6,42
G374083_1271052,37.408333,127.105208,100,5,49
G373957_1271063,37.395667,127.106338,100,3,79
G373966_1271063,37.396572,127.106338,100,4,81
G373975_1271063,37.397477,127.106338,100,5,105
G373984_1271063,37.398381,127.106338,100,5,98
G373993_1271063,37.399286,127.106338,100,4,140
G374002_1271063,37.400191,127.106338,100,9,68
G374011_1271063,37.401095,127.106338,100,8,218
G374020_1271063,37.402,127.106338,100,8,117
G374029_1271063,37.402905,127.106338,100,6,145
G374038_1271063,37.403809,127.106338,100,6,149
G374047_1271063,37.404714,127.106338,100,9,89
G374056_1271063,37.405619,127.106338,100,9,63
G374065_1271063,37.406523,127.106338,100,5,50
G374074_1271063,37.407428,127.106338,100,3,114
G374083_1271063,37.408333,127.106338,100,6,65
G373957_1271075,37.395667,127.107469,100,5,44
G373966_1271075,37.396572,127.107469,100,7,46
G373975_1271075,37.397477,127.107469,100,8,114
G373984_1271075,37.398381,127.107469,100,4,140
G373993_1271075,37.399286,127.107469,100,8,118
G374002_1271075,37.400191,127.107469,100,8,162
G374011_1271075,37.401095,127.107469,100,15,186
G374020_1271075,37.402,127.107469,100,15,187
G374029_1271075,37.402905,127.107469,100,8,102
G374038_1271075,37.403809,127.107469,100,7,205
G374047_1271075,37.404714,127.107469,100,12,117
G374056_1271075,37.405619,127.107469,100,4,86
G374065_1271075,37.406523,127.107469,100,7,106
G374074_1271075,37.407428,127.107469,100,7,80
G374083_1271075,37.408333,127.107469,100,3,52
G373957_1271086,37.395667,127.1086,100,6,102
G373966_1271086,37.396572,127.1086,100,4,98
G373975_1271086,37.397477,127.1086,100,8,99
G373984_1271086,37.398381,127.1086,100,10,103
G373993_1271086,37.399286,127.1086,100,5,145
G374002_1271086,37.400191,127.1086,100,9,78
G374011_1271086,37.401095,127.1086,100,15,98
G374020_1271086,37.402,127.1086,100,20,197
G374029_1271086,37.402905,127.1086,100,15,254
G374038_1271086,37.403809,127.1086,100,7,160
G374047_1271086,37.404714,127.1086,100,13,82
G374056_1271086,37.405619,127.1086,100,4,163
G374065_1271086,37.406523,127.1086,100,4,54
G374074_1271086,37.407428,127.1086,100,8,65
G374083_1271086,37.408333,127.1086,100,6,96
G373957_1271097,37.395667,127.109731,100,4,95
G373966_1271097,37.396572,127.109731,100,5,80
G373975_1271097,37.397477,127.109731,100,6,128
G373984_1271097,37.398381,127.109731,100,10,54
G373993_1271097,37.399286,127.109731,100,7,128
G374002_1271097,37.400191,127.109731,100,6,206
G374011_1271097,37.401095,127.109731,100,7,122
G374020_1271097,37.402,127.109731,100,8,252
G374029_1271097,37.402905,127.109731,100,11,111
G374038_1271097,37.403809,127.109731,100,6,171
G374047_1271097,37.404714,127.109731,100,10,105
G374056_1271097,37.405619,127.109731,100,10,138
G374065_1271097,37.406523,127.109731,100,4,114
G374074_1271097,37.407428,127.109731,100,4,43
G374083_1271097,37.408333,127.109731,100,4,83
G373957_1271109,37.395667,127.110862,100,6,72
G373966_1271109,37.396572,127.110862,100,4,53
G373975_1271109,37.397477,127.110862,100,7,95
G373984_1271109,37.398381,127.110862,100,7,130
G373993_1271109,37.399286,127.110862,100,10,159
G374002_1271109,37.400191,127.110862,100,11,155
G374011_1271109,37.401095,127.110862,100,7,105
G374020_1271109,37.402,127.110862,100,10,191
G374029_1271109,37.402905,127.110862,100,12,216
G374038_1271109,37.403809,127.110862,100,13,195
G374047_1271109,37.404714,127.110862,100,5,61
G374056_1271109,37.405619,127.110862,100,5,101
G374065_1271109,37.406523,127.110862,100,4,87
G374074_1271109,37.407428,127.110862,100,5,114
G374083_1271109,37.408333,127.110862,100,2,75
G373957_1271120,37.395667,127.111992,100,3,85
G373966_1271120,37.396572,127.111992,100,5,41
G373975_1271120,37.397477,127.111992,100,6,62
G373984_1271120,37.398381,127.111992,100,8,57
G373993_1271120,37.399286,127.111992,100,4,110
G374002_1271120,37.400191,127.111992,100,9,130
G374011_1271120,37.401095,127.111992,100,6,175
G374020_1271120,37.402,127.111992,100,10,177
G374029_1271120,37.402905,127.111992,100,6,126
G374038_1271120,37.403809,127.111992,100,5,91
G374047_1271120,37.404714,127.111992,100,5,54
G374056_1271120,37.405619,127.111992,100,9,101
G374065_1271120,37.406523,127.111992,100,7,78
G374074_1271120,37.407428,127.111992,100,3,61
G374083_1271120,37.408333,127.111992,100,5,60
G373957_1271131,37.395667,127.113123,100,5,55
G373966_1271131,37.396572,127.113123,100,5,75
G373975_1271131,37.397477,127.113123,100,6,44
G373984_1271131,37.398381,127.113123,100,5,105
G373993_1271131,37.399286,127.113123,100,8,89
G374002_1271131,37.400191,127.113123,100,10,152
G374011_1271131,37.401095,127.113123,100,6,165
G374020_1271131,37.402,127.113123,100,10,72
G374029_1271131,37.402905,127.113123,100,8,61
G374038_1271131,37.403809,127.113123,100,7,110
G374047_1271131,37.404714,127.113123,100,9,92
G374056_1271131,37.405619,127.113123,100,6,80
G374065_1271131,37.406523,127.113123,100,5,43
G374074_1271131,37.407428,127.113123,100,4,87
G374083_1271131,37.408333,127.113123,100,4,62
G373957_1271143,37.395667,127.114254,100,3,68
G373966_1271143,37.396572,127.114254,100,3,77
G373975_1271143,37.397477,127.114254,100,6,75
G373984_1271143,37.398381,127.114254,100,4,64
G373993_1271143,37.399286,127.114254,100,6,71
G374002_1271143,37.400191,127.114254,100,8,104
G374011_1271143,37.401095,127.114254,100,5,99
G374020_1271143,37.402,127.114254,100,8,144
G374029_1271143,37.402905,127.114254,100,4,95
G374038_1271143,37.403809,127.114254,100,7,132
G374047_1271143,37.404714,127.114254,100,4,94
G374056_1271143,37.405619,127.114254,100,6,79
G374065_1271143,37.406523,127.114254,100,4,66
G374074_1271143,37.407428,127.114254,100,3,34
G374083_1271143,37.408333,127.114254,100,4,80
G373957_1271154,37.395667,127.115385,100,2,62
G373966_1271154,37.396572,127.115385,100,4,53
G373975_1271154,37.397477,127.115385,100,5,35
G373984_1271154,37.398381,127.115385,100,3,82
G373993_1271154,37.399286,127.115385,100,3,77
G374002_1271154,37.400191,127.115385,100,7,109
G374011_1271154,37.401095,127.115385,100,7,83
G374020_1271154,37.402,127.115385,100,6,65
G374029_1271154,37.402905,127.115385,100,3,102
G374038_1271154,37.403809,127.115385,100,4,86
G374047_1271154,37.404714,127.115385,100,4,41
G374056_1271154,37.405619,127.115385,100,3,97
G374065_1271154,37.406523,127.115385,100,5,47
G374074_1271154,37.407428,127.115385,100,3,31
G374083_1271154,37.408333,127.115385,100,2,23
G373957_1271165,37.395667,127.116516,100,2,32
G373966_1271165,37.396572,127.116516,100,4,33
G373975_1271165,37.397477,127.116516,100,3,77
G373984_1271165,37.398381,127.116516,100,4,28
G373993_1271165,37.399286,127.116516,100,4,83
G374002_1271165,37.400191,127.116516,100,6,73
G374011_1271165,37.401095,127.116516,100,3,59
G374020_1271165,37.402,127.116516,100,4,80
G374029_1271165,37.402905,127.116516,100,5,64
G374038_1271165,37.403809,127.116516,100,6,64
G374047_1271165,37.404714,127.116516,100,3,69
G374056_1271165,37.405619,127.116516,100,2,49
G374065_1271165,37.406523,127.116516,100,3,48
G374074_1271165,37.407428,127.116516,100,4,64
G374083_1271165,37.408333,127.116516,100,2,44
G374779_1269217,37.477867,126.921676,100,7,7
G374788_1269217,37.478772,126.921676,100,9,8
G374797_1269217,37.479677,126.921676,100,11,11
G374806_1269217,37.480581,126.921676,100,7,15
G374815_1269217,37.481486,126.921676,100,8,8
G374824_1269217,37.482391,126.921676,100,13,12
G374833_1269217,37.483295,126.921676,100,20,15
G374842_1269217,37.4842,126.921676,100,20,17
G374851_1269217,37.485105,126.921676,100,8,19
G374860_1269217,37.486009,126.921676,100,8,15
G374869_1269217,37.486914,126.921676,100,17,12
G374878_1269217,37.487819,126.921676,100,10,14
G374887_1269217,37.488723,126.921676,100,13,14
G374896_1269217,37.489628,126.921676,100,5,5
G374905_1269217,37.490533,126.921676,100,9,8
G374779_1269228,37.477867,126.922808,100,14,13
G374788_1269228,37.478772,126.922808,100,8,8
G374797_1269228,37.479677,126.922808,100,10,17
G374806_1269228,37.480581,126.922808,100,16,7
G374815_1269228,37.481486,126.922808,100,20,8
G374824_1269228,37.482391,126.922808,100,23,18
G374833_1269228,37.483295,126.922808,100,25,20
G374842_1269228,37.4842,126.922808,100,21,11
G374851_1269228,37.485105,126.922808,100,19,22
G374860_1269228,37.486009,126.922808,100,19,21
G374869_1269228,37.486914,126.922808,100,15,18
G374878_1269228,37.487819,126.922808,100,13,9
G374887_1269228,37.488723,126.922808,100,8,17
G374896_1269228,37.489628,126.922808,100,16,12
G374905_1269228,37.490533,126.922808,100,10,12
G374779_1269239,37.477867,126.92394,100,14,10
G374788_1269239,37.478772,126.92394,100,12,7
G374797_1269239,37.479677,126.92394,100,12,17
G374806_1269239,37.480581,126.92394,100,12,9
G374815_1269239,37.481486,126.92394,100,12,23
G374824_1269239,37.482391,126.92394,100,26,10
G374833_1269239,37.483295,126.92394,100,23,13
G374842_1269239,37.4842,126.92394,100,29,13
G374851_1269239,37.485105,126.92394,100,19,20
G374860_1269239,37.486009,126.92394,100,19,14
G374869_1269239,37.486914,126.92394,100,21,24
G374878_1269239,37.487819,126.92394,100,17,14
G374887_1269239,37.488723,126.92394,100,18,15
G374896_1269239,37.489628,126.92394,100,8,14
G374905_1269239,37.490533,126.92394,100,13,12
G374779_1269251,37.477867,126.925072,100,18,12
G374788_1269251,37.478772,126.925072,100,9,8
G374797_1269251,37.479677,126.925072,100,14,15
G374806_1269251,37.480581,126.925072,100,25,18
G374815_1269251,37.481486,126.925072,100,27,20
G374824_1269251,37.482391,126.925072,100,17,19
G374833_1269251,37.483295,126.925072,100,22,12
G374842_1269251,37.4842,126.925072,100,24,20
G374851_1269251,37.485105,126.925072,100,27,28
G374860_1269251,37.486009,126.925072,100,24,12
G374869_1269251,37.486914,126.925072,100,22,21
G374878_1269251,37.487819,126.925072,100,27,13
G374887_1269251,37.488723,126.925072,100,21,21
G374896_1269251,37.489628,126.925072,100,11,9
G374905_1269251,37.490533,126.925072,100,16,10
G374779_1269262,37.477867,126.926204,100,10,17
G374788_1269262,37.478772,126.926204,100,16,14
G374797_1269262,37.479677,126.926204,100,10,17
G374806_1269262,37.480581,126.926204,100,29,13
G374815_1269262,37.481486,126.926204,100,31,13
G374824_1269262,37.482391,126.926204,100,16,28
G374833_1269262,37.483295,126.926204,100,30,15
G374842_1269262,37.4842,126.926204,100,29,29
G374851_1269262,37.485105,126.926204,100,40,30
G374860_1269262,37.486009,126.926204,100,19,27
G374869_1269262,37.486914,126.926204,100,20,12
G374878_1269262,37.487819,126.926204,100,11,16
G374887_1269262,37.488723,126.926204,100,19,16
G374896_1269262,37.489628,126.926204,100,10,14
G374905_1269262,37.490533,126.926204,100,16,9
G374779_1269273,37.477867,126.927336,100,12,14
G374788_1269273,37.478772,126.927336,100,20,9
G374797_1269273,37.479677,126.927336,100,24,26
G374806_1269273,37.480581,126.927336,100,19,27
G374815_1269273,37.481486,126.927336,100,21,15
G374824_1269273,37.482391,126.927336,100,19,22
G374833_1269273,37.483295,126.927336,100,46,24
G374842_1269273,37.4842,126.927336,100,29,18
G374851_1269273,37.485105,126.927336,100,41,34
G374860_1269273,37.486009,126.927336,100,17,26
G374869_1269273,37.486914,126.927336,100,30,32
G374878_1269273,37.487819,126.927336,100,13,11
G374887_1269273,37.488723,126.927336,100,19,22
G374896_1269273,37.489628,126.927336,100,18,16
G374905_1269273,37.490533,126.927336,100,14,17
G374779_1269285,37.477867,126.928468,100,15,11
G374788_1269285,37.478772,126.928468,100,15,7
G374797_1269285,37.479677,126.928468,100,13,21
G374806_1269285,37.480581,126.928468,100,26,29
G374815_1269285,37.481486,126.928468,100,31,15
G374824_1269285,37.482391,126.928468,100,40,31
G374833_1269285,37.483295,126.928468,100,43,23
G374842_1269285,37.4842,126.928468,100,33,19
G374851_1269285,37.485105,126.928468,100,40,37
G374860_1269285,37.486009,126.928468,100,36,42
G374869_1269285,37.486914,126.928468,100,20,17
G374878_1269285,37.487819,126.928468,100,23,13
G374887_1269285,37.488723,126.928468,100,24,10
G374896_1269285,37.489628,126.928468,100,20,14
G374905_1269285,37.490533,126.928468,100,9,11
G374779_1269296,37.477867,126.9296,100,20,19
G374788_1269296,37.478772,126.9296,100,16,23
G374797_1269296,37.479677,126.9296,100,29,27
G374806_1269296,37.480581,126.9296,100,27,23
G374815_1269296,37.481486,126.9296,100,27,13
G374824_1269296,37.482391,126.9296,100,30,42
G374833_1269296,37.483295,126.9296,100,29,28
G374842_1269296,37.4842,126.9296,100,32,28
G374851_1269296,37.485105,126.9296,100,50,50
G374860_1269296,37.486009,126.9296,100,27,40
G374869_1269296,37.486914,126.9296,100,36,38
G374878_1269296,37.487819,126.9296,100,23,16
G374887_1269296,37.488723,126.9296,100,19,19
G374896_1269296,37.489628,126.9296,100,22,17
G374905_1269296,37.490533,126.9296,100,8,14
G374779_1269307,37.477867,126.930732,100,17,11
G374788_1269307,37.478772,126.930732,100,16,21
G374797_1269307,37.479677,126.930732,100,24,13
G374806_1269307,37.480581,126.930732,100,21,18
G374815_1269307,37.481486,126.930732,100,29,29
G374824_1269307,37.482391,126.930732,100,33,37
G374833_1269307,37.483295,126.930732,100,34,25
G374842_1269307,37.4842,126.930732,100,56,28
G374851_1269307,37.485105,126.930732,100,52,41
G374860_1269307,37.486009,126.930732,100,26,24
G374869_1269307,37.486914,126.930732,100,33,22
G374878_1269307,37.487819,126.930732,100,17,12
G374887_1269307,37.488723,126.930732,100,11,17
G374896_1269307,37.489628,126.930732,100,20,22
G374905_1269307,37.490533,126.930732,100,16,18
G374779_1269319,37.477867,126.931864,100,13,7
G374788_1269319,37.478772,126.931864,100,16,18
G374797_1269319,37.479677,126.931864,100,26,24
G374806_1269319,37.480581,126.931864,100,30,24
G374815_1269319,37.481486,126.931864,100,18,24
G374824_1269319,37.482391,126.931864,100,30,31
G374833_1269319,37.483295,126.931864,100,22,19
G374842_1269319,37.4842,126.931864,100,40,31
G374851_1269319,37.485105,126.931864,100,42,19
G374860_1269319,37.486009,126.931864,100,38,14
G374869_1269319,37.486914,126.931864,100,25,33
G374878_1269319,37.487819,126.931864,100,23,17
G374887_1269319,37.488723,126.931864,100,12,10
G374896_1269319,37.489628,126.931864,100,17,10
G374905_1269319,37.490533,126.931864,100,20,8
G374779_1269330,37.477867,126.932996,100,11,10
G374788_1269330,37.478772,126.932996,100,22,17
G374797_1269330,37.479677,126.932996,100,22,18
G374806_1269330,37.480581,126.932996,100,15,14
G374815_1269330,37.481486,126.932996,100,16,14
G374824_1269330,37.482391,126.932996,100,22,22
G374833_1269330,37.483295,126.932996,100,36,18
G374842_1269330,37.4842,126.932996,100,17,15
G374851_1269330,37.485105,126.932996,100,27,24
G374860_1269330,37.486009,126.932996,100,30,21
G374869_1269330,37.486914,126.932996,100,25,15
G374878_1269330,37.487819,126.932996,100,17,11
G374887_1269330,37.488723,126.932996,100,14,18
G374896_1269330,37.489628,126.932996,100,19,15
G374905_1269330,37.490533,126.932996,100,11,14
G374779_1269341,37.477867,126.934128,100,13,9
G374788_1269341,37.478772,126.934128,100,17,17
G374797_1269341,37.479677,126.934128,100,19,7
G374806_1269341,37.480581,126.934128,100,16,22
G374815_1269341,37.481486,126.934128,100,26,17
G374824_1269341,37.482391,126.934128,100,26,14
G374833_1269341,37.483295,126.934128,100,30,12
G374842_1269341,37.4842,126.934128,100,13,27
G374851_1269341,37.485105,126.934128,100,19,30
G374860_1269341,37.486009,126.934128,100,26,10
G374869_1269341,37.486914,126.934128,100,14,23
G374878_1269341,37.487819,126.934128,100,17,23
G374887_1269341,37.488723,126.934128,100,14,13
G374896_1269341,37.489628,126.934128,100,8,10
G374905_1269341,37.490533,126.934128,100,8,7
G374779_1269353,37.477867,126.93526,100,10,12
G374788_1269353,37.478772,126.93526,100,16,10
G374797_1269353,37.479677,126.93526,100,12,10
G374806_1269353,37.480581,126.93526,100,24,14
G374815_1269353,37.481486,126.93526,100,24,15
G374824_1269353,37.482391,126.93526,100,22,11
G374833_1269353,37.483295,126.93526,100,28,23
G374842_1269353,37.4842,126.93526,100,12,22
G374851_1269353,37.485105,126.93526,100,18,10
G374860_1269353,37.486009,126.93526,100,13,9
G374869_1269353,37.486914,126.93526,100,14,8
G374878_1269353,37.487819,126.93526,100,10,8
G374887_1269353,37.488723,126.93526,100,9,7
G374896_1269353,37.489628,126.93526,100,18,16
G374905_1269353,37.490533,126.93526,100,13,11
G374779_1269364,37.477867,126.936392,100,5,5
G374788_1269364,37.478772,126.936392,100,16,12
G374797_1269364,37.479677,126.936392,100,10,6
G374806_1269364,37.480581,126.936392,100,18,6
G374815_1269364,37.481486,126.936392,100,14,11
G374824_1269364,37.482391,126.936392,100,21,11
G374833_1269364,37.483295,126.936392,100,18,23
G374842_1269364,37.4842,126.936392,100,18,22
G374851_1269364,37.485105,126.936392,100,15,15
G374860_1269364,37.486009,126.936392,100,24,16
G374869_1269364,37.486914,126.936392,100,9,15
G374878_1269364,37.487819,126.936392,100,15,14
G374887_1269364,37.488723,126.936392,100,7,8
G374896_1269364,37.489628,126.936392,100,8,11
G374905_1269364,37.490533,126.936392,100,14,5
G374779_1269375,37.477867,126.937524,100,11,9
G374788_1269375,37.478772,126.937524,100,10,8
G374797_1269375,37.479677,126.937524,100,10,8
G374806_1269375,37.480581,126.937524,100,14,7
G374815_1269375,37.481486,126.937524,100,8,15
G374824_1269375,37.482391,126.937524,100,18,15
G374833_1269375,37.483295,126.937524,100,14,20
G374842_1269375,37.4842,126.937524,100,20,10
G374851_1269375,37.485105,126.937524,100,13,6
G374860_1269375,37.486009,126.937524,100,12,19
G374869_1269375,37.486914,126.937524,100,18,9
G374878_1269375,37.487819,126.937524,100,8,12
G374887_1269375,37.488723,126.937524,100,12,15
G374896_1269375,37.489628,126.937524,100,12,6
G374905_1269375,37.490533,126.937524,100,13,11
G375550_1270301,37.554967,127.030067,100,4,21
G375559_1270301,37.555872,127.030067,100,7,15
G375568_1270301,37.556777,127.030067,100,4,22
G375577_1270301,37.557681,127.030067,100,9,26
G375586_1270301,37.558586,127.030067,100,12,40
G375595_1270301,37.559491,127.030067,100,8,16
G375604_1270301,37.560395,127.030067,100,11,34
G375613_1270301,37.5613,127.030067,100,8,20
G375622_1270301,37.562205,127.030067,100,11,43
G375631_1270301,37.563109,127.030067,100,11,30
G375640_1270301,37.564014,127.030067,100,10,38
G375649_1270301,37.564919,127.030067,100,9,13
G375658_1270301,37.565823,127.030067,100,7,17
G375667_1270301,37.566728,127.030067,100,9,26
G375676_1270301,37.567633,127.030067,100,8,17
G375550_1270312,37.554967,127.031201,100,4,11
G375559_1270312,37.555872,127.031201,100,6,24
G375568_1270312,37.556777,127.031201,100,5,40
G375577_1270312,37.557681,127.031201,100,9,28
G375586_1270312,37.558586,127.031201,100,7,48
G375595_1270312,37.559491,127.031201,100,9,44
G375604_1270312,37.560395,127.031201,100,7,32
G375613_1270312,37.5613,127.031201,100,14,27
G375622_1270312,37.562205,127.031201,100,11,31
G375631_1270312,37.563109,127.031201,100,11,23
G375640_1270312,37.564014,127.031201,100,10,29
G375649_1270312,37.564919,127.031201,100,5,42
G375658_1270312,37.565823,127.031201,100,12,22
G375667_1270312,37.566728,127.031201,100,8,33
G375676_1270312,37.567633,127.031201,100,8,18
G375550_1270323,37.554967,127.032334,100,11,20
G375559_1270323,37.555872,127.032334,100,11,15
G375568_1270323,37.556777,127.032334,100,9,41
G375577_1270323,37.557681,127.032334,100,13,22
G375586_1270323,37.558586,127.032334,100,13,44
G375595_1270323,37.559491,127.032334,100,12,24
G375604_1270323,37.560395,127.032334,100,10,45
G375613_1270323,37.5613,127.032334,100,12,26
G375622_1270323,37.562205,127.032334,100,17,65
G375631_1270323,37.563109,127.032334,100,8,54
G375640_1270323,37.564014,127.032334,100,13,28
G375649_1270323,37.564919,127.032334,100,7,43
G375658_1270323,37.565823,127.032334,100,6,35
G375667_1270323,37.566728,127.032334,100,11,16
G375676_1270323,37.567633,127.032334,100,8,22
G375550_1270335,37.554967,127.033467,100,7,20
G375559_1270335,37.555872,127.033467,100,12,33
G375568_1270335,37.556777,127.033467,100,6,50
G375577_1270335,37.557681,127.033467,100,12,44
G375586_1270335,37.558586,127.033467,100,10,56
G375595_1270335,37.559491,127.033467,100,11,72
G375604_1270335,37.560395,127.033467,100,20,70
G375613_1270335,37.5613,127.033467,100,11,58
G375622_1270335,37.562205,127.033467,100,16,34
G375631_1270335,37.563109,127.033467,100,9,36
G375640_1270335,37.564014,127.033467,100,17,29
G375649_1270335,37.564919,127.033467,100,17,23
G375658_1270335,37.565823,127.033467,100,9,29
G375667_1270335,37.566728,127.033467,100,13,43
G375676_1270335,37.567633,127.033467,100,4,15
G375550_1270346,37.554967,127.0346,100,11,19
G375559_1270346,37.555872,127.0346,100,11,22
G375568_1270346,37.556777,127.0346,100,14,39
G375577_1270346,37.557681,127.0346,100,19,55
G375586_1270346,37.558586,127.0346,100,19,68
G375595_1270346,37.559491,127.0346,100,22,39
G375604_1270346,37.560395,127.0346,100,15,85
G375613_1270346,37.5613,127.0346,100,12,55
G375622_1270346,37.562205,127.0346,100,21,33
G375631_1270346,37.563109,127.0346,100,15,76
G375640_1270346,37.564014,127.0346,100,9,35
G375649_1270346,37.564919,127.0346,100,13,35
G375658_1270346,37.565823,127.0346,100,12,24
G375667_1270346,37.566728,127.0346,100,12,20
G375676_1270346,37.567633,127.0346,100,9,34
G375550_1270357,37.554967,127.035734,100,8,38
G375559_1270357,37.555872,127.035734,100,11,30
G375568_1270357,37.556777,127.035734,100,12,36
G375577_1270357,37.557681,127.035734,100,15,47
G375586_1270357,37.558586,127.035734,100,13,26
G375595_1270357,37.559491,127.035734,100,26,84
G375604_1270357,37.560395,127.035734,100,18,97
G375613_1270357,37.5613,127.035734,100,30,86
G375622_1270357,37.562205,127.035734,100,26,51
G375631_1270357,37.563109,127.035734,100,26,50
G375640_1270357,37.564014,127.035734,100,19,80
G375649_1270357,37.564919,127.035734,100,10,43
G375658_1270357,37.565823,127.035734,100,11,34
G375667_1270357,37.566728,127.035734,100,9,18
G375676_1270357,37.567633,127.035734,100,11,42
G375550_1270369,37.554967,127.036867,100,11,38
G375559_1270369,37.555872,127.036867,100,11,41
G375568_1270369,37.556777,127.036867,100,19,50
G375577_1270369,37.557681,127.036867,100,16,72
G375586_1270369,37.558586,127.036867,100,20,40
G375595_1270369,37.559491,127.036867,100,27,84
G375604_1270369,37.560395,127.036867,100,31,51
G375613_1270369,37.5613,127.036867,100,32,79
G375622_1270369,37.562205,127.036867,100,22,68
G375631_1270369,37.563109,127.036867,100,12,79
G375640_1270369,37.564014,127.036867,100,17,72
G375649_1270369,37.564919,127.036867,100,13,26
G375658_1270369,37.565823,127.036867,100,13,51
G375667_1270369,37.566728,127.036867,100,15,27
G375676_1270369,37.567633,127.036867,100,9,25
G375550_1270380,37.554967,127.038,100,10,15
G375559_1270380,37.555872,127.038,100,9,27
G375568_1270380,37.556777,127.038,100,7,29
G375577_1270380,37.557681,127.038,100,12,27
G375586_1270380,37.558586,127.038,100,11,31
G375595_1270380,37.559491,127.038,100,30,79
G375604_1270380,37.560395,127.038,100,25,54
G375613_1270380,37.5613,127.038,100,45,85
G375622_1270380,37.562205,127.038,100,33,122
G375631_1270380,37.563109,127.038,100,15,44
G375640_1270380,37.564014,127.038,100,26,29
G375649_1270380,37.564919,127.038,100,18,35
G375658_1270380,37.565823,127.038,100,8,51
G375667_1270380,37.566728,127.038,100,9,49
G375676_1270380,37.567633,127.038,100,10,29
G375550_1270391,37.554967,127.039133,100,7,29
G375559_1270391,37.555872,127.039133,100,11,18
G375568_1270391,37.556777,127.039133,100,10,41
G375577_1270391,37.557681,127.039133,100,18,34
G375586_1270391,37.558586,127.039133,100,14,60
G375595_1270391,37.559491,127.039133,100,14,83
G375604_1270391,37.560395,127.039133,100,15,117
G375613_1270391,37.5613,127.039133,100,16,45
G375622_1270391,37.562205,127.039133,100,22,103
G375631_1270391,37.563109,127.039133,100,12,77
G375640_1270391,37.564014,127.039133,100,10,83
G375649_1270391,37.564919,127.039133,100,20,60
G375658_1270391,37.565823,127.039133,100,15,63
G375667_1270391,37.566728,127.039133,100,13,49
G375676_1270391,37.567633,127.039133,100,11,26
G375550_1270403,37.554967,127.040266,100,11,45
G375559_1270403,37.555872,127.040266,100,8,50
G375568_1270403,37.556777,127.040266,100,7,34
G375577_1270403,37.557681,127.040266,100,14,61
G375586_1270403,37.558586,127.040266,100,14,55
G375595_1270403,37.559491,127.040266,100,19,78
G375604_1270403,37.560395,127.040266,100,18,60
G375613_1270403,37.5613,127.040266,100,16,36
G375622_1270403,37.562205,127.040266,100,18,102
G375631_1270403,37.563109,127.040266,100,11,63
G375640_1270403,37.564014,127.040266,100,14,66
G375649_1270403,37.564919,127.040266,100,11,38
G375658_1270403,37.565823,127.040266,100,18,20
G375667_1270403,37.566728,127.040266,100,16,39
G375676_1270403,37.567633,127.040266,100,13,28
G375550_1270414,37.554967,127.0414,100,5,28
G375559_1270414,37.555872,127.0414,100,8,42
G375568_1270414,37.556777,127.0414,100,17,30
G375577_1270414,37.557681,127.0414,100,18,36
G375586_1270414,37.558586,127.0414,100,14,61
G375595_1270414,37.559491,127.0414,100,16,61
G375604_1270414,37.560395,127.0414,100,25,88
G375613_1270414,37.5613,127.0414,100,13,38
G375622_1270414,37.562205,127.0414,100,25,58
G375631_1270414,37.563109,127.0414,100,10,44
G375640_1270414,37.564014,127.0414,100,17,62
G375649_1270414,37.564919,127.0414,100,8,31
G375658_1270414,37.565823,127.0414,100,15,31
G375667_1270414,37.566728,127.0414,100,12,39
G375676_1270414,37.567633,127.0414,100,8,16
G375550_1270425,37.554967,127.042533,100,9,25
G375559_1270425,37.555872,127.042533,100,6,29
G375568_1270425,37.556777,127.042533,100,6,52
G375577_1270425,37.557681,127.042533,100,15,36
G375586_1270425,37.558586,127.042533,100,18,29
G375595_1270425,37.559491,127.042533,100,11,38
G375604_1270425,37.560395,127.042533,100,21,33
G375613_1270425,37.5613,127.042533,100,17,29
G375622_1270425,37.562205,127.042533,100,21,58
G375631_1270425,37.563109,127.042533,100,13,61
G375640_1270425,37.564014,127.042533,100,8,44
G375649_1270425,37.564919,127.042533,100,7,36
G375658_1270425,37.565823,127.042533,100,8,49
G375667_1270425,37.566728,127.042533,100,13,33
G375676_1270425,37.567633,127.042533,100,10,29
G375550_1270437,37.554967,127.043666,100,8,35
G375559_1270437,37.555872,127.043666,100,12,31
G375568_1270437,37.556777,127.043666,100,12,38
G375577_1270437,37.557681,127.043666,100,13,22
G375586_1270437,37.558586,127.043666,100,16,26
G375595_1270437,37.559491,127.043666,100,8,44
G375604_1270437,37.560395,127.043666,100,9,29
G375613_1270437,37.5613,127.043666,100,16,35
G375622_1270437,37.562205,127.043666,100,12,25
G375631_1270437,37.563109,127.043666,100,16,48
G375640_1270437,37.564014,127.043666,100,13,25
G375649_1270437,37.564919,127.043666,100,15,32
G375658_1270437,37.565823,127.043666,100,10,35
G375667_1270437,37.566728,127.043666,100,10,40
G375676_1270437,37.567633,127.043666,100,5,20
G375550_1270448,37.554967,127.044799,100,8,16
G375559_1270448,37.555872,127.044799,100,9,23
G375568_1270448,37.556777,127.044799,100,9,14
G375577_1270448,37.557681,127.044799,100,10,26
G375586_1270448,37.558586,127.044799,100,8,41
G375595_1270448,37.559491,127.044799,100,6,28
G375604_1270448,37.560395,127.044799,100,11,20
G375613_1270448,37.5613,127.044799,100,14,39
G375622_1270448,37.562205,127.044799,100,14,48
G375631_1270448,37.563109,127.044799,100,9,40
G375640_1270448,37.564014,127.044799,100,13,41
G375649_1270448,37.564919,127.044799,100,10,20
G375658_1270448,37.565823,127.044799,100,12,38
G375667_1270448,37.566728,127.044799,100,10,17
G375676_1270448,37.567633,127.044799,100,7,29
G375550_1270459,37.554967,127.045933,100,6,26
G375559_1270459,37.555872,127.045933,100,7,29
G375568_1270459,37.556777,127.045933,100,9,35
G375577_1270459,37.557681,127.045933,100,7,24
G375586_1270459,37.558586,127.045933,100,12,20
G375595_1270459,37.559491,127.045933,100,7,42
G375604_1270459,37.560395,127.045933,100,13,15
G375613_1270459,37.5613,127.045933,100,5,39
G375622_1270459,37.562205,127.045933,100,12,26
G375631_1270459,37.563109,127.045933,100,11,38
G375640_1270459,37.564014,127.045933,100,11,25
G375649_1270459,37.564919,127.045933,100,8,25
G375658_1270459,37.565823,127.045933,100,4,18
G375667_1270459,37.566728,127.045933,100,7,15
G375676_1270459,37.567633,127.045933,100,7,22
G374943_1270285,37.494267,127.028474,100,3,23
G374952_1270285,37.495172,127.028474,100,3,68
G374961_1270285,37.496077,127.028474,100,4,71
G374970_1270285,37.496981,127.028474,100,4,74
G374979_1270285,37.497886,127.028474,100,3,34
G374988_1270285,37.498791,127.028474,100,5,62
G374997_1270285,37.499695,127.028474,100,4,34
G375006_1270285,37.5006,127.028474,100,3,56
G375015_1270285,37.501505,127.028474,100,4,67
G375024_1270285,37.502409,127.028474,100,5,66
G375033_1270285,37.503314,127.028474,100,4,88
G375042_1270285,37.504219,127.028474,100,4,57
G375051_1270285,37.505123,127.028474,100,2,52
G375060_1270285,37.506028,127.028474,100,2,66
G375069_1270285,37.506933,127.028474,100,3,63
G374943_1270296,37.494267,127.029606,100,2,64
G374952_1270296,37.495172,127.029606,100,2,52
G374961_1270296,37.496077,127.029606,100,3,43
G374970_1270296,37.496981,127.029606,100,4,45
G374979_1270296,37.497886,127.029606,100,6,53
G374988_1270296,37.498791,127.029606,100,6,52
G374997_1270296,37.499695,127.029606,100,6,49
G375006_1270296,37.5006,127.029606,100,3,57
G375015_1270296,37.501505,127.029606,100,7,112
G375024_1270296,37.502409,127.029606,100,3,45
G375033_1270296,37.503314,127.029606,100,7,97
G375042_1270296,37.504219,127.029606,100,6,74
G375051_1270296,37.505123,127.029606,100,5,44
G375060_1270296,37.506028,127.029606,100,4,52
G375069_1270296,37.506933,127.029606,100,2,70
G374943_1270307,37.494267,127.030738,100,2,31
G374952_1270307,37.495172,127.030738,100,3,33
G374961_1270307,37.496077,127.030738,100,6,74
G374970_1270307,37.496981,127.030738,100,7,101
G374979_1270307,37.497886,127.030738,100,4,86
G374988_1270307,37.498791,127.030738,100,6,135
G374997_1270307,37.499695,127.030738,100,4,53
G375006_1270307,37.5006,127.030738,100,9,48
G375015_1270307,37.501505,127.030738,100,4,65
G375024_1270307,37.502409,127.030738,100,7,55
G375033_1270307,37.503314,127.030738,100,5,90
G375042_1270307,37.504219,127.030738,100,6,98
G375051_1270307,37.505123,127.030738,100,3,39
G375060_1270307,37.506028,127.030738,100,3,75
G375069_1270307,37.506933,127.030738,100,3,47
G374943_1270319,37.494267,127.031871,100,4,38
G374952_1270319,37.495172,127.031871,100,6,72
G374961_1270319,37.496077,127.031871,100,6,111
G374970_1270319,37.496981,127.031871,100,7,68
G374979_1270319,37.497886,127.031871,100,4,141
G374988_1270319,37.498791,127.031871,100,4,55
G374997_1270319,37.499695,127.031871,100,9,59
G375006_1270319,37.5006,127.031871,100,8,127
G375015_1270319,37.501505,127.031871,100,5,128
G375024_1270319,37.502409,127.031871,100,10,112
G375033_1270319,37.503314,127.031871,100,8,46
G375042_1270319,37.504219,127.031871,100,5,101
G375051_1270319,37.505123,127.031871,100,3,101
G375060_1270319,37.506028,127.031871,100,6,35
G375069_1270319,37.506933,127.031871,100,5,57
G374943_1270330,37.494267,127.033003,100,3,50
G374952_1270330,37.495172,127.033003,100,3,108
G374961_1270330,37.496077,127.033003,100,4,99
G374970_1270330,37.496981,127.033003,100,7,56
G374979_1270330,37.497886,127.033003,100,6,115
G374988_1270330,37.498791,127.033003,100,7,152
G374997_1270330,37.499695,127.033003,100,5,102
G375006_1270330,37.5006,127.033003,100,5,64
G375015_1270330,37.501505,127.033003,100,8,76
G375024_1270330,37.502409,127.033003,100,7,161
G375033_1270330,37.503314,127.033003,100,9,123
G375042_1270330,37.504219,127.033003,100,3,99
G375051_1270330,37.505123,127.033003,100,6,41
G375060_1270330,37.506028,127.033003,100,5,53
G375069_1270330,37.506933,127.033003,100,6,54
G374943_1270341,37.494267,127.034135,100,2,71
G374952_1270341,37.495172,127.034135,100,7,49
G374961_1270341,37.496077,127.034135,100,8,122
G374970_1270341,37.496981,127.034135,100,7,131
G374979_1270341,37.497886,127.034135,100,6,109
G374988_1270341,37.498791,127.034135,100,7,207
G374997_1270341,37.499695,127.034135,100,13,225
G375006_1270341,37.5006,127.034135,100,12,192
G375015_1270341,37.501505,127.034135,100,9,143
G375024_1270341,37.502409,127.034135,100,10,83
G375033_1270341,37.503314,127.034135,100,4,89
G375042_1270341,37.504219,127.034135,100,8,76
G375051_1270341,37.505123,127.034135,100,6,73
G375060_1270341,37.506028,127.034135,100,6,55
G375069_1270341,37.506933,127.034135,100,4,43
G374943_1270353,37.494267,127.035268,100,3,36
G374952_1270353,37.495172,127.035268,100,4,109
G374961_1270353,37.496077,127.035268,100,7,127
G374970_1270353,37.496981,127.035268,100,10,57
G374979_1270353,37.497886,127.035268,100,9,166
G374988_1270353,37.498791,127.035268,100,10,87
G374997_1270353,37.499695,127.035268,100,6,159
G375006_1270353,37.5006,127.035268,100,14,248
G375015_1270353,37.501505,127.035268,100,8,234
G375024_1270353,37.502409,127.035268,100,10,73
G375033_1270353,37.503314,127.035268,100,6,111
G375042_1270353,37.504219,127.035268,100,10,91
G375051_1270353,37.505123,127.035268,100,8,84
G375060_1270353,37.506028,127.035268,100,6,60
G375069_1270353,37.506933,127.035268,100,4,96
G374943_1270364,37.494267,127.0364,100,6,58
G374952_1270364,37.495172,127.0364,100,5,87
G374961_1270364,37.496077,127.0364,100,5,71
G374970_1270364,37.496981,127.0364,100,8,58
G374979_1270364,37.497886,127.0364,100,9,108
G374988_1270364,37.498791,127.0364,100,15,144
G374997_1270364,37.499695,127.0364,100,10,216
G375006_1270364,37.5006,127.0364,100,14,218
G375015_1270364,37.501505,127.0364,100,12,251
G375024_1270364,37.502409,127.0364,100,11,175
G375033_1270364,37.503314,127.0364,100,6,187
G375042_1270364,37.504219,127.0364,100,5,96
G375051_1270364,37.505123,127.0364,100,6,61
G375060_1270364,37.506028,127.0364,100,4,109
G375069_1270364,37.506933,127.0364,100,6,61
G374943_1270375,37.494267,127.037532,100,4,49
G374952_1270375,37.495172,127.037532,100,7,98
G374961_1270375,37.496077,127.037532,100,7,90
G374970_1270375,37.496981,127.037532,100,7,100
G374979_1270375,37.497886,127.037532,100,11,75
G374988_1270375,37.498791,127.037532,100,14,79
G374997_1270375,37.499695,127.037532,100,12,100
G375006_1270375,37.5006,127.037532,100,14,117
G375015_1270375,37.501505,127.037532,100,12,128
G375024_1270375,37.502409,127.037532,100,10,210
G375033_1270375,37.503314,127.037532,100,6,111
G375042_1270375,37.504219,127.037532,100,9,167
G375051_1270375,37.505123,127.037532,100,7,121
G375060_1270375,37.506028,127.037532,100,5,101
G375069_1270375,37.506933,127.037532,100,6,39
G374943_1270387,37.494267,127.038665,100,5,42
G374952_1270387,37.495172,127.038665,100,6,91
G374961_1270387,37.496077,127.038665,100,8,115
G374970_1270387,37.496981,127.038665,100,7,94
G374979_1270387,37.497886,127.038665,100,9,148
G374988_1270387,37.498791,127.038665,100,7,172
G374997_1270387,37.499695,127.038665,100,12,200
G375006_1270387,37.5006,127.038665,100,14,104
G375015_1270387,37.501505,127.038665,100,13,81
G375024_1270387,37.502409,127.038665,100,5,78
G375033_1270387,37.503314,127.038665,100,10,76
G375042_1270387,37.504219,127.038665,100,5,127
G375051_1270387,37.505123,127.038665,100,8,56
G375060_1270387,37.506028,127.038665,100,6,105
G375069_1270387,37.506933,127.038665,100,4,99
G374943_1270398,37.494267,127.039797,100,5,71
G374952_1270398,37.495172,127.039797,100,4,43
G374961_1270398,37.496077,127.039797,100,6,125
G374970_1270398,37.496981,127.039797,100,5,124
G374979_1270398,37.497886,127.039797,100,4,161
G374988_1270398,37.498791,127.039797,100,5,106
G374997_1270398,37.499695,127.039797,100,8,87
G375006_1270398,37.5006,127.039797,100,7,190
G375015_1270398,37.501505,127.039797,100,6,173
G375024_1270398,37.502409,127.039797,100,7,183
G375033_1270398,37.503314,127.039797,100,6,55
G375042_1270398,37.504219,127.039797,100,5,121
G375051_1270398,37.505123,127.039797,100,7,56
G375060_1270398,37.506028,127.039797,100,4,48
G375069_1270398,37.506933,127.039797,100,5,48
G374943_1270409,37.494267,127.040929,100,2,72
G374952_1270409,37.495172,127.040929,100,6,80
G374961_1270409,37.496077,127.040929,100,5,75
G374970_1270409,37.496981,127.040929,100,6,93
G374979_1270409,37.497886,127.040929,100,7,105
G374988_1270409,37.498791,127.040929,100,4,98
G374997_1270409,37.499695,127.040929,100,5,71
G375006_1270409,37.5006,127.040929,100,6,127
G375015_1270409,37.501505,127.040929,100,9,106
G375024_1270409,37.502409,127.040929,100,8,121
G375033_1270409,37.503314,127.040929,100,6,63
G375042_1270409,37.504219,127.040929,100,5,128
G375051_1270409,37.505123,127.040929,100,4,103
G375060_1270409,37.506028,127.040929,100,3,68
G375069_1270409,37.506933,127.040929,100,5,86
G374943_1270421,37.494267,127.042062,100,3,31
G374952_1270421,37.495172,127.042062,100,4,66
G374961_1270421,37.496077,127.042062,100,5,66
G374970_1270421,37.496981,127.042062,100,6,43
G374979_1270421,37.497886,127.042062,100,5,84
G374988_1270421,37.498791,127.042062,100,4,136
G374997_1270421,37.499695,127.042062,100,7,58
G375006_1270421,37.5006,127.042062,100,4,77
G375015_1270421,37.501505,127.042062,100,8,135
G375024_1270421,37.502409,127.042062,100,7,44
G375033_1270421,37.503314,127.042062,100,4,67
G375042_1270421,37.504219,127.042062,100,5,56
G375051_1270421,37.505123,127.042062,100,5,101
G375060_1270421,37.506028,127.042062,100,4,85
G375069_1270421,37.506933,127.042062,100,3,31
G374943_1270432,37.494267,127.043194,100,2,29
G374952_1270432,37.495172,127.043194,100,5,78
G374961_1270432,37.496077,127.043194,100,3,63
G374970_1270432,37.496981,127.043194,100,6,76
G374979_1270432,37.497886,127.043194,100,3,46
G374988_1270432,37.498791,127.043194,100,3,80
G374997_1270432,37.499695,127.043194,100,5,59
G375006_1270432,37.5006,127.043194,100,6,87
G375015_1270432,37.501505,127.043194,100,4,46
G375024_1270432,37.502409,127.043194,100,4,51
G375033_1270432,37.503314,127.043194,100,4,89
G375042_1270432,37.504219,127.043194,100,3,43
G375051_1270432,37.505123,127.043194,100,3,44
G375060_1270432,37.506028,127.043194,100,3,42
G375069_1270432,37.506933,127.043194,100,2,55
G374943_1270443,37.494267,127.044326,100,3,27
G374952_1270443,37.495172,127.044326,100,4,36
G374961_1270443,37.496077,127.044326,100,3,41
G374970_1270443,37.496981,127.044326,100,4,60
G374979_1270443,37.497886,127.044326,100,3,79
G374988_1270443,37.498791,127.044326,100,4,68
G374997_1270443,37.499695,127.044326,100,6,98
G375006_1270443,37.5006,127.044326,100,3,69
G375015_1270443,37.501505,127.044326,100,3,58
G375024_1270443,37.502409,127.044326,100,4,67
G375033_1270443,37.503314,127.044326,100,4,68
G375042_1270443,37.504219,127.044326,100,3,30
G375051_1270443,37.505123,127.044326,100,4,77
G375060_1270443,37.506028,127.044326,100,3,60
G375069_1270443,37.506933,127.044326,100,3,48
G374774_1270245,37.477367,127.024476,100,3,59
G374783_1270245,37.478272,127.024476,100,4,25
G374792_1270245,37.479177,127.024476,100,5,29
G374801_1270245,37.480081,127.024476,100,2,55
G374810_1270245,37.480986,127.024476,100,2,50
G374819_1270245,37.481891,127.024476,100,4,90
G374828_1270245,37.482795,127.024476,100,5,88
G374837_1270245,37.4837,127.024476,100,6,60
G374846_1270245,37.484605,127.024476,100,6,49
G374855_1270245,37.485509,127.024476,100,2,80
G374864_1270245,37.486414,127.024476,100,3,57
G374873_1270245,37.487319,127.024476,100,5,82
G374882_1270245,37.488223,127.024476,100,4,37
G374891_1270245,37.489128,127.024476,100,4,67
G374900_1270245,37.490033,127.024476,100,4,57
G374774_1270256,37.477367,127.025608,100,4,54
G374783_1270256,37.478272,127.025608,100,2,76
G374792_1270256,37.479177,127.025608,100,6,33
G374801_1270256,37.480081,127.025608,100,6,57
G374810_1270256,37.480986,127.025608,100,6,37
G374819_1270256,37.481891,127.025608,100,6,77
G374828_1270256,37.482795,127.025608,100,4,100
G374837_1270256,37.4837,127.025608,100,6,45
G374846_1270256,37.484605,127.025608,100,3,95
G374855_1270256,37.485509,127.025608,100,5,80
G374864_1270256,37.486414,127.025608,100,5,94
G374873_1270256,37.487319,127.025608,100,4,38
G374882_1270256,37.488223,127.025608,100,5,70
G374891_1270256,37.489128,127.025608,100,2,47
G374900_1270256,37.490033,127.025608,100,2,48
G374774_1270267,37.477367,127.02674,100,2,30
G374783_1270267,37.478272,127.02674,100,2,75
G374792_1270267,37.479177,127.02674,100,5,90
G374801_1270267,37.480081,127.02674,100,7,98
G374810_1270267,37.480986,127.02674,100,8,96
G374819_1270267,37.481891,127.02674,100,7,94
G374828_1270267,37.482795,127.02674,100,5,81
G374837_1270267,37.4837,127.02674,100,7,108
G374846_1270267,37.484605,127.02674,100,6,130
G374855_1270267,37.485509,127.02674,100,6,127
G374864_1270267,37.486414,127.02674,100,4,48
G374873_1270267,37.487319,127.02674,100,6,101
G374882_1270267,37.488223,127.02674,100,2,84
G374891_1270267,37.489128,127.02674,100,2,64
G374900_1270267,37.490033,127.02674,100,3,78
G374774_1270279,37.477367,127.027872,100,5,35
G374783_1270279,37.478272,127.027872,100,5,39
G374792_1270279,37.479177,127.027872,100,4,49
G374801_1270279,37.480081,127.027872,100,4,83
G374810_1270279,37.480986,127.027872,100,8,65
G374819_1270279,37.481891,127.027872,100,7,158
G374828_1270279,37.482795,127.027872,100,10,105
G374837_1270279,37.4837,127.027872,100,11,157
G374846_1270279,37.484605,127.027872,100,7,65
G374855_1270279,37.485509,127.027872,100,4,118
G374864_1270279,37.486414,127.027872,100,7,112
G374873_1270279,37.487319,127.027872,100,6,72
G374882_1270279,37.488223,127.027872,100,3,87
G374891_1270279,37.489128,127.027872,100,4,35
G374900_1270279,37.490033,127.027872,100,3,38
G374774_1270290,37.477367,127.029004,100,4,71
G374783_1270290,37.478272,127.029004,100,4,63
G374792_1270290,37.479177,127.029004,100,3,99
G374801_1270290,37.480081,127.029004,100,3,67
G374810_1270290,37.480986,127.029004,100,4,107
G374819_1270290,37.481891,127.029004,100,5,147
G374828_1270290,37.482795,127.029004,100,8,99
G374837_1270290,37.4837,127.029004,100,8,201
G374846_1270290,37.484605,127.029004,100,5,100
G374855_1270290,37.485509,127.029004,100,6,98
G374864_1270290,37.486414,127.029004,100,9,126
G374873_1270290,37.487319,127.029004,100,6,71
G374882_1270290,37.488223,127.029004,100,6,92
G374891_1270290,37.489128,127.029004,100,3,109
G374900_1270290,37.490033,127.029004,100,5,51
G374774_1270301,37.477367,127.030136,100,3,55
G374783_1270301,37.478272,127.030136,100,4,64
G374792_1270301,37.479177,127.030136,100,6,96
G374801_1270301,37.480081,127.030136,100,6,50
G374810_1270301,37.480986,127.030136,100,6,96
G374819_1270301,37.481891,127.030136,100,11,70
G374828_1270301,37.482795,127.030136,100,10,183
G374837_1270301,37.4837,127.030136,100,11,236
G374846_1270301,37.484605,127.030136,100,8,178
G374855_1270301,37.485509,127.030136,100,11,193
G374864_1270301,37.486414,127.030136,100,9,178
G374873_1270301,37.487319,127.030136,100,6,111
G374882_1270301,37.488223,127.030136,100,6,47
G374891_1270301,37.489128,127.030136,100,4,94
G374900_1270301,37.490033,127.030136,100,6,90
G374774_1270313,37.477367,127.031268,100,6,91
G374783_1270313,37.478272,127.031268,100,3,74
G374792_1270313,37.479177,127.031268,100,5,77
G374801_1270313,37.480081,127.031268,100,6,54
G374810_1270313,37.480986,127.031268,100,5,135
G374819_1270313,37.481891,127.031268,100,11,130
G374828_1270313,37.482795,127.031268,100,11,260
G374837_1270313,37.4837,127.031268,100,9,175
G374846_1270313,37.484605,127.031268,100,14,132
G374855_1270313,37.485509,127.031268,100,14,87
G374864_1270313,37.486414,127.031268,100,6,65
G374873_1270313,37.487319,127.031268,100,8,94
G374882_1270313,37.488223,127.031268,100,6,105
G374891_1270313,37.489128,127.031268,100,6,84
G374900_1270313,37.490033,127.031268,100,3,56
G374774_1270324,37.477367,127.0324,100,6,58
G374783_1270324,37.478272,127.0324,100,5,99
G374792_1270324,37.479177,127.0324,100,6,91
G374801_1270324,37.480081,127.0324,100,10,93
G374810_1270324,37.480986,127.0324,100,10,149
G374819_1270324,37.481891,127.0324,100,6,100
G374828_1270324,37.482795,127.0324,100,13,183
G374837_1270324,37.4837,127.0324,100,15,306
G374846_1270324,37.484605,127.0324,100,13,194
G374855_1270324,37.485509,127.0324,100,7,222
G374864_1270324,37.486414,127.0324,100,8,102
G374873_1270324,37.487319,127.0324,100,6,97
G374882_1270324,37.488223,127.0324,100,4,82
G374891_1270324,37.489128,127.0324,100,4,46
G374900_1270324,37.490033,127.0324,100,6,75
G374774_1270335,37.477367,127.033532,100,4,86
G374783_1270335,37.478272,127.033532,100,8,44
G374792_1270335,37.479177,127.033532,100,5,110
G374801_1270335,37.480081,127.033532,100,9,115
G374810_1270335,37.480986,127.033532,100,12,136
G374819_1270335,37.481891,127.033532,100,13,164
G374828_1270335,37.482795,127.033532,100,13,153
G374837_1270335,37.4837,127.033532,100,13,281
G374846_1270335,37.484605,127.033532,100,12,167
G374855_1270335,37.485509,127.033532,100,14,187
G374864_1270335,37.486414,127.033532,100,7,127
G374873_1270335,37.487319,127.033532,100,5,138
G374882_1270335,37.488223,127.033532,100,6,49
G374891_1270335,37.489128,127.033532,100,4,104
G374900_1270335,37.490033,127.033532,100,4,83
G374774_1270347,37.477367,127.034664,100,5,41
G374783_1270347,37.478272,127.034664,100,6,59
G374792_1270347,37.479177,127.034664,100,4,135
G374801_1270347,37.480081,127.034664,100,7,102
G374810_1270347,37.480986,127.034664,100,5,93
G374819_1270347,37.481891,127.034664,100,6,135
G374828_1270347,37.482795,127.034664,100,6,176
G374837_1270347,37.4837,127.034664,100,9,92
G374846_1270347,37.484605,127.034664,100,11,221
G374855_1270347,37.485509,127.034664,100,8,186
G374864_1270347,37.486414,127.034664,100,8,156
G374873_1270347,37.487319,127.034664,100,4,99
G374882_1270347,37.488223,127.034664,100,6,46
G374891_1270347,37.489128,127.034664,100,7,100
G374900_1270347,37.490033,127.034664,100,5,49
G374774_1270358,37.477367,127.035796,100,4,67
G374783_1270358,37.478272,127.035796,100,4,100
G374792_1270358,37.479177,127.035796,100,3,90
G374801_1270358,37.480081,127.035796,100,4,67
G374810_1270358,37.480986,127.035796,100,10,119
G374819_1270358,37.481891,127.035796,100,8,178
G374828_1270358,37.482795,127.035796,100,11,118
G374837_1270358,37.4837,127.035796,100,6,89
G374846_1270358,37.484605,127.035796,100,12,121
G374855_1270358,37.485509,127.035796,100,7,136
G374864_1270358,37.486414,127.035796,100,4,135
G374873_1270358,37.487319,127.035796,100,4,117
G374882_1270358,37.488223,127.035796,100,8,67
G374891_1270358,37.489128,127.035796,100,7,62
G374900_1270358,37.490033,127.035796,100,5,46
G374774_1270369,37.477367,127.036928,100,4,79
G374783_1270369,37.478272,127.036928,100,6,78
G374792_1270369,37.479177,127.036928,100,6,105
G374801_1270369,37.480081,127.036928,100,4,76
G374810_1270369,37.480986,127.036928,100,6,119
G374819_1270369,37.481891,127.036928,100,6,57
G374828_1270369,37.482795,127.036928,100,9,155
G374837_1270369,37.4837,127.036928,100,5,68
G374846_1270369,37.484605,127.036928,100,9,97
G374855_1270369,37.485509,127.036928,100,7,67
G374864_1270369,37.486414,127.036928,100,8,142
G374873_1270369,37.487319,127.036928,100,5,89
G374882_1270369,37.488223,127.036928,100,5,104
G374891_1270369,37.489128,127.036928,100,4,50
G374900_1270369,37.490033,127.036928,100,5,79
G374774_1270381,37.477367,127.03806,100,4,48
G374783_1270381,37.478272,127.03806,100,4,75
G374792_1270381,37.479177,127.03806,100,5,93
G374801_1270381,37.480081,127.03806,100,5,55
G374810_1270381,37.480986,127.03806,100,7,125
G374819_1270381,37.481891,127.03806,100,6,137
G374828_1270381,37.482795,127.03806,100,6,92
G374837_1270381,37.4837,127.03806,100,4,102
G374846_1270381,37.484605,127.03806,100,9,95
G374855_1270381,37.485509,127.03806,100,7,64
G374864_1270381,37.486414,127.03806,100,7,65
G374873_1270381,37.487319,127.03806,100,5,111
G374882_1270381,37.488223,127.03806,100,4,88
G374891_1270381,37.489128,127.03806,100,3,80
G374900_1270381,37.490033,127.03806,100,3,60
G374774_1270392,37.477367,127.039192,100,3,50
G374783_1270392,37.478272,127.039192,100,3,40
G374792_1270392,37.479177,127.039192,100,4,64
G374801_1270392,37.480081,127.039192,100,6,71
G374810_1270392,37.480986,127.039192,100,3,96
G374819_1270392,37.481891,127.039192,100,7,111
G374828_1270392,37.482795,127.039192,100,4,47
G374837_1270392,37.4837,127.039192,100,3,54
G374846_1270392,37.484605,127.039192,100,6,72
G374855_1270392,37.485509,127.039192,100,3,96
G374864_1270392,37.486414,127.039192,100,6,52
G374873_1270392,37.487319,127.039192,100,5,35
G374882_1270392,37.488223,127.039192,100,3,77
G374891_1270392,37.489128,127.039192,100,5,54
G374900_1270392,37.490033,127.039192,100,4,63
G374774_1270403,37.477367,127.040324,100,3,46
G374783_1270403,37.478272,127.040324,100,4,55
G374792_1270403,37.479177,127.040324,100,3,46
G374801_1270403,37.480081,127.040324,100,4,63
G374810_1270403,37.480986,127.040324,100,3,63
G374819_1270403,37.481891,127.040324,100,6,45
G374828_1270403,37.482795,127.040324,100,4,97
G374837_1270403,37.4837,127.040324,100,4,49
G374846_1270403,37.484605,127.040324,100,5,37
G374855_1270403,37.485509,127.040324,100,3,81
G374864_1270403,37.486414,127.040324,100,4,63
G374873_1270403,37.487319,127.040324,100,4,37
G374882_1270403,37.488223,127.040324,100,3,25
G374891_1270403,37.489128,127.040324,100,3,41
G374900_1270403,37.490033,127.040324,100,2,32
G375051_1270785,37.505067,127.078473,100,9,22
G375060_1270785,37.505972,127.078473,100,8,10
G375069_1270785,37.506877,127.078473,100,11,13
G375078_1270785,37.507781,127.078473,100,7,12
G375087_1270785,37.508686,127.078473,100,7,36
G375096_1270785,37.509591,127.078473,100,12,39
G375105_1270785,37.510495,127.078473,100,9,16
G375114_1270785,37.5114,127.078473,100,6,29
G375123_1270785,37.512305,127.078473,100,8,35
G375132_1270785,37.513209,127.078473,100,15,34
G375141_1270785,37.514114,127.078473,100,13,33
G375150_1270785,37.515019,127.078473,100,9,21
G375159_1270785,37.515923,127.078473,100,12,27
G375168_1270785,37.516828,127.078473,100,8,21
G375177_1270785,37.517733,127.078473,100,4,14
G375051_1270796,37.505067,127.079605,100,8,29
G375060_1270796,37.505972,127.079605,100,5,32
G375069_1270796,37.506877,127.079605,100,6,33
G375078_1270796,37.507781,127.079605,100,12,14
G375087_1270796,37.508686,127.079605,100,7,26
G375096_1270796,37.509591,127.079605,100,7,22
G375105_1270796,37.510495,127.079605,100,17,26
G375114_1270796,37.5114,127.079605,100,17,48
G375123_1270796,37.512305,127.079605,100,8,20
G375132_1270796,37.513209,127.079605,100,13,29
G375141_1270796,37.514114,127.079605,100,9,23
G375150_1270796,37.515019,127.079605,100,11,28
G375159_1270796,37.515923,127.079605,100,9,13
G375168_1270796,37.516828,127.079605,100,6,30
G375177_1270796,37.517733,127.079605,100,8,19
G375051_1270807,37.505067,127.080738,100,7,31
G375060_1270807,37.505972,127.080738,100,11,17
G375069_1270807,37.506877,127.080738,100,14,42
G375078_1270807,37.507781,127.080738,100,16,29
G375087_1270807,37.508686,127.080738,100,12,42
G375096_1270807,37.509591,127.080738,100,20,31
G375105_1270807,37.510495,127.080738,100,14,35
G375114_1270807,37.5114,127.080738,100,19,38
G375123_1270807,37.512305,127.080738,100,10,47
G375132_1270807,37.513209,127.080738,100,12,34
G375141_1270807,37.514114,127.080738,100,13,50
G375150_1270807,37.515019,127.080738,100,16,33
G375159_1270807,37.515923,127.080738,100,10,35
G375168_1270807,37.516828,127.080738,100,7,34
G375177_1270807,37.517733,127.080738,100,10,17
G375051_1270819,37.505067,127.08187,100,8,30
G375060_1270819,37.505972,127.08187,100,11,17
G375069_1270819,37.506877,127.08187,100,13,26
G375078_1270819,37.507781,127.08187,100,8,32
G375087_1270819,37.508686,127.08187,100,12,54
G375096_1270819,37.509591,127.08187,100,11,46
G375105_1270819,37.510495,127.08187,100,12,47
G375114_1270819,37.5114,127.08187,100,11,57
G375123_1270819,37.512305,127.08187,100,11,25
G375132_1270819,37.513209,127.08187,100,20,38
G375141_1270819,37.514114,127.08187,100,18,56
G375150_1270819,37.515019,127.08187,100,11,41
G375159_1270819,37.515923,127.08187,100,12,46
G375168_1270819,37.516828,127.08187,100,7,18
G375177_1270819,37.517733,127.08187,100,11,28
G375051_1270830,37.505067,127.083003,100,10,21
G375060_1270830,37.505972,127.083003,100,12,15
G375069_1270830,37.506877,127.083003,100,14,48
G375078_1270830,37.507781,127.083003,100,13,46
G375087_1270830,37.508686,127.083003,100,18,39
G375096_1270830,37.509591,127.083003,100,19,63
G375105_1270830,37.510495,127.083003,100,24,40
G375114_1270830,37.5114,127.083003,100,19,71
G375123_1270830,37.512305,127.083003,100,19,77
G375132_1270830,37.513209,127.083003,100,22,45
G375141_1270830,37.514114,127.083003,100,16,61
G375150_1270830,37.515019,127.083003,100,15,50
G375159_1270830,37.515923,127.083003,100,17,36
G375168_1270830,37.516828,127.083003,100,11,33
G375177_1270830,37.517733,127.083003,100,7,24
G375051_1270841,37.505067,127.084135,100,12,17
G375060_1270841,37.505972,127.084135,100,17,32
G375069_1270841,37.506877,127.084135,100,11,42
G375078_1270841,37.507781,127.084135,100,22,37
G375087_1270841,37.508686,127.084135,100,16,64
G375096_1270841,37.509591,127.084135,100,24,63
G375105_1270841,37.510495,127.084135,100,18,80
G375114_1270841,37.5114,127.084135,100,14,59
G375123_1270841,37.512305,127.084135,100,30,76
G375132_1270841,37.513209,127.084135,100,24,62
G375141_1270841,37.514114,127.084135,100,27,54
G375150_1270841,37.515019,127.084135,100,22,40
G375159_1270841,37.515923,127.084135,100,12,21
G375168_1270841,37.516828,127.084135,100,16,35
G375177_1270841,37.517733,127.084135,100,8,29
G375051_1270853,37.505067,127.085268,100,9,26
G375060_1270853,37.505972,127.085268,100,9,17
G375069_1270853,37.506877,127.085268,100,18,36
G375078_1270853,37.507781,127.085268,100,12,58
G375087_1270853,37.508686,127.085268,100,21,50
G375096_1270853,37.509591,127.085268,100,35,80
G375105_1270853,37.510495,127.085268,100,16,67
G375114_1270853,37.5114,127.085268,100,38,102
G375123_1270853,37.512305,127.085268,100,26,60
G375132_1270853,37.513209,127.085268,100,31,79
G375141_1270853,37.514114,127.085268,100,21,53
G375150_1270853,37.515019,127.085268,100,10,29
G375159_1270853,37.515923,127.085268,100,20,45
G375168_1270853,37.516828,127.085268,100,12,16
G375177_1270853,37.517733,127.085268,100,13,35
G375051_1270864,37.505067,127.0864,100,7,40
G375060_1270864,37.505972,127.0864,100,10,20
G375069_1270864,37.506877,127.0864,100,21,48
G375078_1270864,37.507781,127.0864,100,14,55
G375087_1270864,37.508686,127.0864,100,27,42
G375096_1270864,37.509591,127.0864,100,16,35
G375105_1270864,37.510495,127.0864,100,25,51
G375114_1270864,37.5114,127.0864,100,51,51
G375123_1270864,37.512305,127.0864,100,34,88
G375132_1270864,37.513209,127.0864,100,24,63
G375141_1270864,37.514114,127.0864,100,22,75
G375150_1270864,37.515019,127.0864,100,14,58
G375159_1270864,37.515923,127.0864,100,17,28
G375168_1270864,37.516828,127.0864,100,9,50
G375177_1270864,37.517733,127.0864,100,9,32
G375051_1270875,37.505067,127.087532,100,8,27
G375060_1270875,37.505972,127.087532,100,15,31
G375069_1270875,37.506877,127.087532,100,18,34
G375078_1270875,37.507781,127.087532,100,17,32
G375087_1270875,37.508686,127.087532,100,26,58
G375096_1270875,37.509591,127.087532,100,34,89
G375105_1270875,37.510495,127.087532,100,21,75
G375114_1270875,37.5114,127.087532,100,33,107
G375123_1270875,37.512305,127.087532,100,22,37
G375132_1270875,37.513209,127.087532,100,19,47
G375141_1270875,37.514114,127.087532,100,22,57
G375150_1270875,37.515019,127.087532,100,23,36
G375159_1270875,37.515923,127.087532,100,14,23
G375168_1270875,37.516828,127.087532,100,11,17
G375177_1270875,37.517733,127.087532,100,10,32
G375051_1270887,37.505067,127.088665,100,13,33
G375060_1270887,37.505972,127.088665,100,10,20
G375069_1270887,37.506877,127.088665,100,13,19
G375078_1270887,37.507781,127.088665,100,12,36
G375087_1270887,37.508686,127.088665,100,11,50
G375096_1270887,37.509591,127.088665,100,26,66
G375105_1270887,37.510495,127.088665,100,24,50
G375114_1270887,37.5114,127.088665,100,34,39
G375123_1270887,37.512305,127.088665,100,19,34
G375132_1270887,37.513209,127.088665,100,18,44
G375141_1270887,37.514114,127.088665,100,24,63
G375150_1270887,37.515019,127.088665,100,20,27
G375159_1270887,37.515923,127.088665,100,10,39
G375168_1270887,37.516828,127.088665,100,7,27
G375177_1270887,37.517733,127.088665,100,9,33
G375051_1270898,37.505067,127.089797,100,12,13
G375060_1270898,37.505972,127.089797,100,13,39
G375069_1270898,37.506877,127.089797,100,11,33
G375078_1270898,37.507781,127.089797,100,13,50
G375087_1270898,37.508686,127.089797,100,24,26
G375096_1270898,37.509591,127.089797,100,16,71
G375105_1270898,37.510495,127.089797,100,13,52
G375114_1270898,37.5114,127.089797,100,29,54
G375123_1270898,37.512305,127.089797,100,26,43
G375132_1270898,37.513209,127.089797,100,11,48
G375141_1270898,37.514114,127.089797,100,13,32
G375150_1270898,37.515019,127.089797,100,22,32
G375159_1270898,37.515923,127.089797,100,13,22
G375168_1270898,37.516828,127.089797,100,7,19
G375177_1270898,37.517733,127.089797,100,11,30
G375051_1270909,37.505067,127.09093,100,8,30
G375060_1270909,37.505972,127.09093,100,8,19
G375069_1270909,37.506877,127.09093,100,11,30
G375078_1270909,37.507781,127.09093,100,9,34
G375087_1270909,37.508686,127.09093,100,21,45
G375096_1270909,37.509591,127.09093,100,18,45
G375105_1270909,37.510495,127.09093,100,12,47
G375114_1270909,37.5114,127.09093,100,14,66
G375123_1270909,37.512305,127.09093,100,20,50
G375132_1270909,37.513209,127.09093,100,14,44
G375141_1270909,37.514114,127.09093,100,19,52
G375150_1270909,37.515019,127.09093,100,11,39
G375159_1270909,37.515923,127.09093,100,10,26
G375168_1270909,37.516828,127.09093,100,7,38
G375177_1270909,37.517733,127.09093,100,13,31
G375051_1270921,37.505067,127.092062,100,7,32
G375060_1270921,37.505972,127.092062,100,6,14
G375069_1270921,37.506877,127.092062,100,14,29
G375078_1270921,37.507781,127.092062,100,11,21
G375087_1270921,37.508686,127.092062,100,10,27
G375096_1270921,37.509591,127.092062,100,15,25
G375105_1270921,37.510495,127.092062,100,16,43
G375114_1270921,37.5114,127.092062,100,12,51
G375123_1270921,37.512305,127.092062,100,8,43
G375132_1270921,37.513209,127.092062,100,10,29
G375141_1270921,37.514114,127.092062,100,18,28
G375150_1270921,37.515019,127.092062,100,11,23
G375159_1270921,37.515923,127.092062,100,11,28
G375168_1270921,37.516828,127.092062,100,7,27
G375177_1270921,37.517733,127.092062,100,8,17
G375051_1270932,37.505067,127.093195,100,9,25
G375060_1270932,37.505972,127.093195,100,12,19
G375069_1270932,37.506877,127.093195,100,7,35
G375078_1270932,37.507781,127.093195,100,12,36
G375087_1270932,37.508686,127.093195,100,11,38
G375096_1270932,37.509591,127.093195,100,16,18
G375105_1270932,37.510495,127.093195,100,7,16
G375114_1270932,37.5114,127.093195,100,10,18
G375123_1270932,37.512305,127.093195,100,13,18
G375132_1270932,37.513209,127.093195,100,16,26
G375141_1270932,37.514114,127.093195,100,10,40
G375150_1270932,37.515019,127.093195,100,15,39
G375159_1270932,37.515923,127.093195,100,10,33
G375168_1270932,37.516828,127.093195,100,5,21
G375177_1270932,37.517733,127.093195,100,11,15
G375051_1270943,37.505067,127.094327,100,7,17
G375060_1270943,37.505972,127.094327,100,7,24
G375069_1270943,37.506877,127.094327,100,9,30
G375078_1270943,37.507781,127.094327,100,13,21
G375087_1270943,37.508686,127.094327,100,10,26
G375096_1270943,37.509591,127.094327,100,14,20
G375105_1270943,37.510495,127.094327,100,11,18
G375114_1270943,37.5114,127.094327,100,12,21
G375123_1270943,37.512305,127.094327,100,10,14
G375132_1270943,37.513209,127.094327,100,11,28
G375141_1270943,37.514114,127.094327,100,13,35
G375150_1270943,37.515019,127.094327,100,8,28
G375159_1270943,37.515923,127.094327,100,11,17
G375168_1270943,37.516828,127.094327,100,4,13
G375177_1270943,37.517733,127.094327,100,7,14
G375342_1270621,37.534167,127.06207,100,5,11
G375351_1270621,37.535072,127.06207,100,8,9
G375360_1270621,37.535977,127.06207,100,16,12
G375369_1270621,37.536881,127.06207,100,9,9
G375378_1270621,37.537786,127.06207,100,12,14
G375387_1270621,37.538691,127.06207,100,9,9
G375396_1270621,37.539595,127.06207,100,9,17
G375405_1270621,37.5405,127.06207,100,14,15
G375414_1270621,37.541405,127.06207,100,11,11
G375423_1270621,37.542309,127.06207,100,16,6
G375432_1270621,37.543214,127.06207,100,11,8
G375441_1270621,37.544119,127.06207,100,16,8
G375450_1270621,37.545023,127.06207,100,9,13
G375459_1270621,37.545928,127.06207,100,10,13
G375468_1270621,37.546833,127.06207,100,12,9
G375342_1270632,37.534167,127.063203,100,12,11
G375351_1270632,37.535072,127.063203,100,16,15
G375360_1270632,37.535977,127.063203,100,14,7
G375369_1270632,37.536881,127.063203,100,15,14
G375378_1270632,37.537786,127.063203,100,15,16
G375387_1270632,37.538691,127.063203,100,16,11
G375396_1270632,37.539595,127.063203,100,10,17
G375405_1270632,37.5405,127.063203,100,21,16
G375414_1270632,37.541405,127.063203,100,19,7
G375423_1270632,37.542309,127.063203,100,13,21
G375432_1270632,37.543214,127.063203,100,11,9
G375441_1270632,37.544119,127.063203,100,13,17
G375450_1270632,37.545023,127.063203,100,14,7
G375459_1270632,37.545928,127.063203,100,15,6
G375468_1270632,37.546833,127.063203,100,15,9
G375342_1270643,37.534167,127.064335,100,8,13
G375351_1270643,37.535072,127.064335,100,15,16
G375360_1270643,37.535977,127.064335,100,9,10
G375369_1270643,37.536881,127.064335,100,17,16
G375378_1270643,37.537786,127.064335,100,18,14
G375387_1270643,37.538691,127.064335,100,16,14
G375396_1270643,37.539595,127.064335,100,25,14
G375405_1270643,37.5405,127.064335,100,18,20
G375414_1270643,37.541405,127.064335,100,15,14
G375423_1270643,37.542309,127.064335,100,13,20
G375432_1270643,37.543214,127.064335,100,23,24
G375441_1270643,37.544119,127.064335,100,16,18
G375450_1270643,37.545023,127.064335,100,21,11
G375459_1270643,37.545928,127.064335,100,8,9
G375468_1270643,37.546833,127.064335,100,8,12
G375342_1270655,37.534167,127.065468,100,11,9
G375351_1270655,37.535072,127.065468,100,12,9
G375360_1270655,37.535977,127.065468,100,10,12
G375369_1270655,37.536881,127.065468,100,25,22
G375378_1270655,37.537786,127.065468,100,20,25
G375387_1270655,37.538691,127.065468,100,16,26
G375396_1270655,37.539595,127.065468,100,30,29
G375405_1270655,37.5405,127.065468,100,16,15
G375414_1270655,37.541405,127.065468,100,17,17
G375423_1270655,37.542309,127.065468,100,12,28
G375432_1270655,37.543214,127.065468,100,11,9
G375441_1270655,37.544119,127.065468,100,13,22
G375450_1270655,37.545023,127.065468,100,23,7
G375459_1270655,37.545928,127.065468,100,11,14
G375468_1270655,37.546833,127.065468,100,15,15
G375342_1270666,37.534167,127.066601,100,11,6
G375351_1270666,37.535072,127.066601,100,10,20
G375360_1270666,37.535977,127.066601,100,26,20
G375369_1270666,37.536881,127.066601,100,28,14
G375378_1270666,37.537786,127.066601,100,25,16
G375387_1270666,37.538691,127.066601,100,21,31
G375396_1270666,37.539595,127.066601,100,20,21
G375405_1270666,37.5405,127.066601,100,36,22
G375414_1270666,37.541405,127.066601,100,16,12
G375423_1270666,37.542309,127.066601,100,32,20
G375432_1270666,37.543214,127.066601,100,30,24
G375441_1270666,37.544119,127.066601,100,12,11
G375450_1270666,37.545023,127.066601,100,19,16
G375459_1270666,37.545928,127.066601,100,13,20
G375468_1270666,37.546833,127.066601,100,9,11
G375342_1270677,37.534167,127.067734,100,15,12
G375351_1270677,37.535072,127.067734,100,23,12
G375360_1270677,37.535977,127.067734,100,13,12
G375369_1270677,37.536881,127.067734,100,15,16
G375378_1270677,37.537786,127.067734,100,24,25
G375387_1270677,37.538691,127.067734,100,27,20
G375396_1270677,37.539595,127.067734,100,18,30
G375405_1270677,37.5405,127.067734,100,47,36
G375414_1270677,37.541405,127.067734,100,33,35
G375423_1270677,37.542309,127.067734,100,34,33
G375432_1270677,37.543214,127.067734,100,17,12
G375441_1270677,37.544119,127.067734,100,28,23
G375450_1270677,37.545023,127.067734,100,19,26
G375459_1270677,37.545928,127.067734,100,10,9
G375468_1270677,37.546833,127.067734,100,14,19
G375342_1270689,37.534167,127.068867,100,18,8
G375351_1270689,37.535072,127.068867,100,15,10
G375360_1270689,37.535977,127.068867,100,13,14
G375369_1270689,37.536881,127.068867,100,35,32
G375378_1270689,37.537786,127.068867,100,35,28
G375387_1270689,37.538691,127.068867,100,32,42
G375396_1270689,37.539595,127.068867,100,37,50
G375405_1270689,37.5405,127.068867,100,24,22
G375414_1270689,37.541405,127.068867,100,34,41
G375423_1270689,37.542309,127.068867,100,25,33
G375432_1270689,37.543214,127.068867,100,30,27
G375441_1270689,37.544119,127.068867,100,13,12
G375450_1270689,37.545023,127.068867,100,25,25
G375459_1270689,37.545928,127.068867,100,23,22
G375468_1270689,37.546833,127.068867,100,9,11
G375342_1270700,37.534167,127.07,100,15,15
G375351_1270700,37.535072,127.07,100,18,8
G375360_1270700,37.535977,127.07,100,18,14
G375369_1270700,37.536881,127.07,100,29,13
G375378_1270700,37.537786,127.07,100,17,23
G375387_1270700,37.538691,127.07,100,43,42
G375396_1270700,37.539595,127.07,100,28,47
G375405_1270700,37.5405,127.07,100,65,29
G375414_1270700,37.541405,127.07,100,48,43
G375423_1270700,37.542309,127.07,100,49,26
G375432_1270700,37.543214,127.07,100,34,27
G375441_1270700,37.544119,127.07,100,15,27
G375450_1270700,37.545023,127.07,100,25,24
G375459_1270700,37.545928,127.07,100,12,15
G375468_1270700,37.546833,127.07,100,18,12
G375342_1270711,37.534167,127.071133,100,17,19
G375351_1270711,37.535072,127.071133,100,17,12
G375360_1270711,37.535977,127.071133,100,26,15
G375369_1270711,37.536881,127.071133,100,26,22
G375378_1270711,37.537786,127.071133,100,28,20
G375387_1270711,37.538691,127.071133,100,36,25
G375396_1270711,37.539595,127.071133,100,22,17
G375405_1270711,37.5405,127.071133,100,55,50
G375414_1270711,37.541405,127.071133,100,25,39
G375423_1270711,37.542309,127.071133,100,19,29
G375432_1270711,37.543214,127.071133,100,30,37
G375441_1270711,37.544119,127.071133,100,17,31
G375450_1270711,37.545023,127.071133,100,17,19
G375459_1270711,37.545928,127.071133,100,22,11
G375468_1270711,37.546833,127.071133,100,18,13
G375342_1270723,37.534167,127.072266,100,9,19
G375351_1270723,37.535072,127.072266,100,10,20
G375360_1270723,37.535977,127.072266,100,10,15
G375369_1270723,37.536881,127.072266,100,29,28
G375378_1270723,37.537786,127.072266,100,21,16
G375387_1270723,37.538691,127.072266,100,27,38
G375396_1270723,37.539595,127.072266,100,36,19
G375405_1270723,37.5405,127.072266,100,24,18
G375414_1270723,37.541405,127.072266,100,37,44
G375423_1270723,37.542309,127.072266,100,38,24
G375432_1270723,37.543214,127.072266,100,29,26
G375441_1270723,37.544119,127.072266,100,16,26
G375450_1270723,37.545023,127.072266,100,13,22
G375459_1270723,37.545928,127.072266,100,23,18
G375468_1270723,37.546833,127.072266,100,13,13
G375342_1270734,37.534167,127.073399,100,7,6
G375351_1270734,37.535072,127.073399,100,12,8
G375360_1270734,37.535977,127.073399,100,24,18
G375369_1270734,37.536881,127.073399,100,26,20
G375378_1270734,37.537786,127.073399,100,20,16
G375387_1270734,37.538691,127.073399,100,33,25
G375396_1270734,37.539595,127.073399,100,39,15
G375405_1270734,37.5405,127.073399,100,24,38
G375414_1270734,37.541405,127.073399,100,35,36
G375423_1270734,37.542309,127.073399,100,36,29
G375432_1270734,37.543214,127.073399,100,30,19
G375441_1270734,37.544119,127.073399,100,26,12
G375450_1270734,37.545023,127.073399,100,22,14
G375459_1270734,37.545928,127.073399,100,21,15
G375468_1270734,37.546833,127.073399,100,9,6
G375342_1270745,37.534167,127.074532,100,17,13
G375351_1270745,37.535072,127.074532,100,10,16
G375360_1270745,37.535977,127.074532,100,14,17
G375369_1270745,37.536881,127.074532,100,16,17
G375378_1270745,37.537786,127.074532,100,11,15
G375387_1270745,37.538691,127.074532,100,17,17
G375396_1270745,37.539595,127.074532,100,33,23
G375405_1270745,37.5405,127.074532,100,14,29
G375414_1270745,37.541405,127.074532,100,21,16
G375423_1270745,37.542309,127.074532,100,16,16
G375432_1270745,37.543214,127.074532,100,16,24
G375441_1270745,37.544119,127.074532,100,22,12
G375450_1270745,37.545023,127.074532,100,23,20
G375459_1270745,37.545928,127.074532,100,14,7
G375468_1270745,37.546833,127.074532,100,14,11
G375342_1270757,37.534167,127.075665,100,11,10
G375351_1270757,37.535072,127.075665,100,10,12
G375360_1270757,37.535977,127.075665,100,19,11
G375369_1270757,37.536881,127.075665,100,22,20
G375378_1270757,37.537786,127.075665,100,19,22
G375387_1270757,37.538691,127.075665,100,13,10
G375396_1270757,37.539595,127.075665,100,21,21
G375405_1270757,37.5405,127.075665,100,13,23
G375414_1270757,37.541405,127.075665,100,28,15
G375423_1270757,37.542309,127.075665,100,22,12
G375432_1270757,37.543214,127.075665,100,21,23
G375441_1270757,37.544119,127.075665,100,14,18
G375450_1270757,37.545023,127.075665,100,10,10
G375459_1270757,37.545928,127.075665,100,13,7
G375468_1270757,37.546833,127.075665,100,7,15
G375342_1270768,37.534167,127.076797,100,8,11
G375351_1270768,37.535072,127.076797,100,11,7
G375360_1270768,37.535977,127.076797,100,16,15
G375369_1270768,37.536881,127.076797,100,21,9
G375378_1270768,37.537786,127.076797,100,15,10
G375387_1270768,37.538691,127.076797,100,17,12
G375396_1270768,37.539595,127.076797,100,25,19
G375405_1270768,37.5405,127.076797,100,13,18
G375414_1270768,37.541405,127.076797,100,13,8
G375423_1270768,37.542309,127.076797,100,17,12
G375432_1270768,37.543214,127.076797,100,11,7
G375441_1270768,37.544119,127.076797,100,18,16
G375450_1270768,37.545023,127.076797,100,7,14
G375459_1270768,37.545928,127.076797,100,9,9
G375468_1270768,37.546833,127.076797,100,7,4
G375342_1270779,37.534167,127.07793,100,5,8
G375351_1270779,37.535072,127.07793,100,9,10
G375360_1270779,37.535977,127.07793,100,13,15
G375369_1270779,37.536881,127.07793,100,11,13
G375378_1270779,37.537786,127.07793,100,16,14
G375387_1270779,37.538691,127.07793,100,13,10
G375396_1270779,37.539595,127.07793,100,18,15
G375405_1270779,37.5405,127.07793,100,9,17
G375414_1270779,37.541405,127.07793,100,21,13
G375423_1270779,37.542309,127.07793,100,16,8
G375432_1270779,37.543214,127.07793,100,8,6
G375441_1270779,37.544119,127.07793,100,10,6
G375450_1270779,37.545023,127.07793,100,7,12
G375459_1270779,37.545928,127.07793,100,11,8
G375468_1270779,37.546833,127.07793,100,6,7
G375733_1268814,37.573267,126.881365,100,4,59
G375742_1268814,37.574172,126.881365,100,4,37
G375751_1268814,37.575077,126.881365,100,5,71
G375760_1268814,37.575981,126.881365,100,5,77
G375769_1268814,37.576886,126.881365,100,4,63
G375778_1268814,37.577791,126.881365,100,4,39
G375787_1268814,37.578695,126.881365,100,3,96
G375796_1268814,37.5796,126.881365,100,3,60
G375805_1268814,37.580505,126.881365,100,5,52
G375814_1268814,37.581409,126.881365,100,6,93
G375823_1268814,37.582314,126.881365,100,6,69
G375832_1268814,37.583219,126.881365,100,5,59
G375841_1268814,37.584123,126.881365,100,4,38
G375850_1268814,37.585028,126.881365,100,4,39
G375859_1268814,37.585933,126.881365,100,4,31
G375733_1268825,37.573267,126.882499,100,4,64
G375742_1268825,37.574172,126.882499,100,4,76
G375751_1268825,37.575077,126.882499,100,5,57
G375760_1268825,37.575981,126.882499,100,3,79
G375769_1268825,37.576886,126.882499,100,7,41
G375778_1268825,37.577791,126.882499,100,3,111
G375787_1268825,37.578695,126.882499,100,5,113
G375796_1268825,37.5796,126.882499,100,3,85
G375805_1268825,37.580505,126.882499,100,6,49
G375814_1268825,37.581409,126.882499,100,5,103
G375823_1268825,37.582314,126.882499,100,3,74
G375832_1268825,37.583219,126.882499,100,3,94
G375841_1268825,37.584123,126.882499,100,6,77
G375850_1268825,37.585028,126.882499,100,5,71
G375859_1268825,37.585933,126.882499,100,2,51
G375733_1268836,37.573267,126.883632,100,5,36
G375742_1268836,37.574172,126.883632,100,2,37
G375751_1268836,37.575077,126.883632,100,4,56
G375760_1268836,37.575981,126.883632,100,6,48
G375769_1268836,37.576886,126.883632,100,5,53
G375778_1268836,37.577791,126.883632,100,7,46
G375787_1268836,37.578695,126.883632,100,6,126
G375796_1268836,37.5796,126.883632,100,8,99
G375805_1268836,37.580505,126.883632,100,8,88
G375814_1268836,37.581409,126.883632,100,5,71
G375823_1268836,37.582314,126.883632,100,5,120
G375832_1268836,37.583219,126.883632,100,6,99
G375841_1268836,37.584123,126.883632,100,6,44
G375850_1268836,37.585028,126.883632,100,5,68
G375859_1268836,37.585933,126.883632,100,3,54
G375733_1268848,37.573267,126.884766,100,2,71
G375742_1268848,37.574172,126.884766,100,5,86
G375751_1268848,37.575077,126.884766,100,5,57
G375760_1268848,37.575981,126.884766,100,3,90
G375769_1268848,37.576886,126.884766,100,4,143
G375778_1268848,37.577791,126.884766,100,4,117
G375787_1268848,37.578695,126.884766,100,8,86
G375796_1268848,37.5796,126.884766,100,4,93
G375805_1268848,37.580505,126.884766,100,5,141
G375814_1268848,37.581409,126.884766,100,6,128
G375823_1268848,37.582314,126.884766,100,4,129
G375832_1268848,37.583219,126.884766,100,5,48
G375841_1268848,37.584123,126.884766,100,6,69
G375850_1268848,37.585028,126.884766,100,5,73
G375859_1268848,37.585933,126.884766,100,4,87
G375733_1268859,37.573267,126.885899,100,6,68
G375742_1268859,37.574172,126.885899,100,3,43
G375751_1268859,37.575077,126.885899,100,4,109
G375760_1268859,37.575981,126.885899,100,8,53
G375769_1268859,37.576886,126.885899,100,7,141
G375778_1268859,37.577791,126.885899,100,10,120
G375787_1268859,37.578695,126.885899,100,11,159
G375796_1268859,37.5796,126.885899,100,11,69
G375805_1268859,37.580505,126.885899,100,6,64
G375814_1268859,37.581409,126.885899,100,8,115
G375823_1268859,37.582314,126.885899,100,10,140
G375832_1268859,37.583219,126.885899,100,5,61
G375841_1268859,37.584123,126.885899,100,7,83
G375850_1268859,37.585028,126.885899,100,4,91
G375859_1268859,37.585933,126.885899,100,2,91
G375733_1268870,37.573267,126.887033,100,5,35
G375742_1268870,37.574172,126.887033,100,4,74
G375751_1268870,37.575077,126.887033,100,6,109
G375760_1268870,37.575981,126.887033,100,8,62
G375769_1268870,37.576886,126.887033,100,11,90
G375778_1268870,37.577791,126.887033,100,13,174
G375787_1268870,37.578695,126.887033,100,14,180
G375796_1268870,37.5796,126.887033,100,8,117
G375805_1268870,37.580505,126.887033,100,13,91
G375814_1268870,37.581409,126.887033,100,6,126
G375823_1268870,37.582314,126.887033,100,8,104
G375832_1268870,37.583219,126.887033,100,4,77
G375841_1268870,37.584123,126.887033,100,5,47
G375850_1268870,37.585028,126.887033,100,3,70
G375859_1268870,37.585933,126.887033,100,4,40
G375733_1268882,37.573267,126.888166,100,6,41
G375742_1268882,37.574172,126.888166,100,3,115
G375751_1268882,37.575077,126.888166,100,9,125
G375760_1268882,37.575981,126.888166,100,7,129
G375769_1268882,37.576886,126.888166,100,5,146
G375778_1268882,37.577791,126.888166,100,9,96
G375787_1268882,37.578695,126.888166,100,13,100
G375796_1268882,37.5796,126.888166,100,17,104
G375805_1268882,37.580505,126.888166,100,10,191
G375814_1268882,37.581409,126.888166,100,10,210
G375823_1268882,37.582314,126.888166,100,10,177
G375832_1268882,37.583219,126.888166,100,6,145
G375841_1268882,37.584123,126.888166,100,6,116
G375850_1268882,37.585028,126.888166,100,5,49
G375859_1268882,37.585933,126.888166,100,6,39
G375733_1268893,37.573267,126.8893,100,3,83
G375742_1268893,37.574172,126.8893,100,5,39
G375751_1268893,37.575077,126.8893,100,7,69
G375760_1268893,37.575981,126.8893,100,5,65
G375769_1268893,37.576886,126.8893,100,12,196
G375778_1268893,37.577791,126.8893,100,10,224
G375787_1268893,37.578695,126.8893,100,9,216
G375796_1268893,37.5796,126.8893,100,11,326
G375805_1268893,37.580505,126.8893,100,9,186
G375814_1268893,37.581409,126.8893,100,8,213
G375823_1268893,37.582314,126.8893,100,5,186
G375832_1268893,37.583219,126.8893,100,5,171
G375841_1268893,37.584123,126.8893,100,5,73
G375850_1268893,37.585028,126.8893,100,3,69
G375859_1268893,37.585933,126.8893,100,4,58
G375733_1268904,37.573267,126.890434,100,4,95
G375742_1268904,37.574172,126.890434,100,6,41
G375751_1268904,37.575077,126.890434,100,7,140
G375760_1268904,37.575981,126.890434,100,6,148
G375769_1268904,37.576886,126.890434,100,6,136
G375778_1268904,37.577791,126.890434,100,14,168
G375787_1268904,37.578695,126.890434,100,7,140
G375796_1268904,37.5796,126.890434,100,13,146
G375805_1268904,37.580505,126.890434,100,7,143
G375814_1268904,37.581409,126.890434,100,12,228
G375823_1268904,37.582314,126.890434,100,11,74
G375832_1268904,37.583219,126.890434,100,5,135
G375841_1268904,37.584123,126.890434,100,7,46
G375850_1268904,37.585028,126.890434,100,6,72
G375859_1268904,37.585933,126.890434,100,3,66
G375733_1268916,37.573267,126.891567,100,3,51
G375742_1268916,37.574172,126.891567,100,4,63
G375751_1268916,37.575077,126.891567,100,6,71
G375760_1268916,37.575981,126.891567,100,4,125
G375769_1268916,37.576886,126.891567,100,7,131
G375778_1268916,37.577791,126.891567,100,12,205
G375787_1268916,37.578695,126.891567,100,14,220
G375796_1268916,37.5796,126.891567,100,13,188
G375805_1268916,37.580505,126.891567,100,13,217
G375814_1268916,37.581409,126.891567,100,9,143
G375823_1268916,37.582314,126.891567,100,7,122
G375832_1268916,37.583219,126.891567,100,5,65
G375841_1268916,37.584123,126.891567,100,6,45
G375850_1268916,37.585028,126.891567,100,3,114
G375859_1268916,37.585933,126.891567,100,5,71
G375733_1268927,37.573267,126.892701,100,2,85
G375742_1268927,37.574172,126.892701,100,5,39
G375751_1268927,37.575077,126.892701,100,5,87
G375760_1268927,37.575981,126.892701,100,4,47
G375769_1268927,37.576886,126.892701,100,5,144
G375778_1268927,37.577791,126.892701,100,7,141
G375787_1268927,37.578695,126.892701,100,9,195
G375796_1268927,37.5796,126.892701,100,12,170
G375805_1268927,37.580505,126.892701,100,10,102
G375814_1268927,37.581409,126.892701,100,5,89
G375823_1268927,37.582314,126.892701,100,9,80
G375832_1268927,37.583219,126.892701,100,8,54
G375841_1268927,37.584123,126.892701,100,7,64
G375850_1268927,37.585028,126.892701,100,4,74
G375859_1268927,37.585933,126.892701,100,4,73
G375733_1268938,37.573267,126.893834,100,4,55
G375742_1268938,37.574172,126.893834,100,3,58
G375751_1268938,37.575077,126.893834,100,3,41
G375760_1268938,37.575981,126.893834,100,7,85
G375769_1268938,37.576886,126.893834,100,6,143
G375778_1268938,37.577791,126.893834,100,4,77
G375787_1268938,37.578695,126.893834,100,9,164
G375796_1268938,37.5796,126.893834,100,7,68
G375805_1268938,37.580505,126.893834,100,8,147
G375814_1268938,37.581409,126.893834,100,8,116
G375823_1268938,37.582314,126.893834,100,6,64
G375832_1268938,37.583219,126.893834,100,4,56
G375841_1268938,37.584123,126.893834,100,5,36
G375850_1268938,37.585028,126.893834,100,6,82
G375859_1268938,37.585933,126.893834,100,3,86
G375733_1268950,37.573267,126.894968,100,3,33
G375742_1268950,37.574172,126.894968,100,4,73
G375751_1268950,37.575077,126.894968,100,6,41
G375760_1268950,37.575981,126.894968,100,7,52
G375769_1268950,37.576886,126.894968,100,4,94
G375778_1268950,37.577791,126.894968,100,6,103
G375787_1268950,37.578695,126.894968,100,3,86
G375796_1268950,37.5796,126.894968,100,8,59
G375805_1268950,37.580505,126.894968,100,8,101
G375814_1268950,37.581409,126.894968,100,4,115
G375823_1268950,37.582314,126.894968,100,3,65
G375832_1268950,37.583219,126.894968,100,7,107
G375841_1268950,37.584123,126.894968,100,4,50
G375850_1268950,37.585028,126.894968,100,3,53
G375859_1268950,37.585933,126.894968,100,4,27
G375733_1268961,37.573267,126.896101,100,4,54
G375742_1268961,37.574172,126.896101,100,4,62
G375751_1268961,37.575077,126.896101,100,5,73
G375760_1268961,37.575981,126.896101,100,5,49
G375769_1268961,37.576886,126.896101,100,6,68
G375778_1268961,37.577791,126.896101,100,4,101
G375787_1268961,37.578695,126.896101,100,6,64
G375796_1268961,37.5796,126.896101,100,6,123
G375805_1268961,37.580505,126.896101,100,7,38
G375814_1268961,37.581409,126.896101,100,5,46
G375823_1268961,37.582314,126.896101,100,7,70
G375832_1268961,37.583219,126.896101,100,6,37
G375841_1268961,37.584123,126.896101,100,3,48
G375850_1268961,37.585028,126.896101,100,5,69
G375859_1268961,37.585933,126.896101,100,4,68
G375733_1268972,37.573267,126.897235,100,2,28
G375742_1268972,37.574172,126.897235,100,2,62
G375751_1268972,37.575077,126.897235,100,3,53
G375760_1268972,37.575981,126.897235,100,2,38
G375769_1268972,37.576886,126.897235,100,2,69
G375778_1268972,37.577791,126.897235,100,6,92
G375787_1268972,37.578695,126.897235,100,4,88
G375796_1268972,37.5796,126.897235,100,4,38
G375805_1268972,37.580505,126.897235,100,3,44
G375814_1268972,37.581409,126.897235,100,5,87
G375823_1268972,37.582314,126.897235,100,4,70
G375832_1268972,37.583219,126.897235,100,3,69
G375841_1268972,37.584123,126.897235,100,2,26
G375850_1268972,37.585028,126.897235,100,4,32
G375859_1268972,37.585933,126.897235,100,2,55
G375153_1269164,37.515267,126.916372,100,4,40
G375162_1269164,37.516172,126.916372,100,2,24
G375171_1269164,37.517077,126.916372,100,2,77
G375180_1269164,37.517981,126.916372,100,5,56
G375189_1269164,37.518886,126.916372,100,3,32
G375198_1269164,37.519791,126.916372,100,5,74
G375207_1269164,37.520695,126.916372,100,6,34
G375216_1269164,37.5216,126.916372,100,3,71
G375225_1269164,37.522505,126.916372,100,3,42
G375234_1269164,37.523409,126.916372,100,4,37
G375243_1269164,37.524314,126.916372,100,3,67
G375252_1269164,37.525219,126.916372,100,5,44
G375261_1269164,37.526123,126.916372,100,3,38
G375270_1269164,37.527028,126.916372,100,4,45
G375279_1269164,37.527933,126.916372,100,2,25
G375153_1269175,37.515267,126.917504,100,4,46
G375162_1269175,37.516172,126.917504,100,3,75
G375171_1269175,37.517077,126.917504,100,5,55
G375180_1269175,37.517981,126.917504,100,5,92
G375189_1269175,37.518886,126.917504,100,6,92
G375198_1269175,37.519791,126.917504,100,7,47
G375207_1269175,37.520695,126.917504,100,7,54
G375216_1269175,37.5216,126.917504,100,6,87
G375225_1269175,37.522505,126.917504,100,4,63
G375234_1269175,37.523409,126.917504,100,6,74
G375243_1269175,37.524314,126.917504,100,5,41
G375252_1269175,37.525219,126.917504,100,2,38
G375261_1269175,37.526123,126.917504,100,3,29
G375270_1269175,37.527028,126.917504,100,2,71
G375279_1269175,37.527933,126.917504,100,4,24
G375153_1269186,37.515267,126.918637,100,4,35
G375162_1269186,37.516172,126.918637,100,3,85
G375171_1269186,37.517077,126.918637,100,5,48
G375180_1269186,37.517981,126.918637,100,4,91
G375189_1269186,37.518886,126.918637,100,5,56
G375198_1269186,37.519791,126.918637,100,7,66
G375207_1269186,37.520695,126.918637,100,4,79
G375216_1269186,37.5216,126.918637,100,8,124
G375225_1269186,37.522505,126.918637,100,4,47
G375234_1269186,37.523409,126.918637,100,5,131
G375243_1269186,37.524314,126.918637,100,6,103
G375252_1269186,37.525219,126.918637,100,4,109
G375261_1269186,37.526123,126.918637,100,3,64
G375270_1269186,37.527028,126.918637,100,4,36
G375279_1269186,37.527933,126.918637,100,4,47
G375153_1269198,37.515267,126.91977,100,3,84
G375162_1269198,37.516172,126.91977,100,3,52
G375171_1269198,37.517077,126.91977,100,5,92
G375180_1269198,37.517981,126.91977,100,5,51
G375189_1269198,37.518886,126.91977,100,4,83
G375198_1269198,37.519791,126.91977,100,6,59
G375207_1269198,37.520695,126.91977,100,4,126
G375216_1269198,37.5216,126.91977,100,6,130
G375225_1269198,37.522505,126.91977,100,5,66
G375234_1269198,37.523409,126.91977,100,9,86
G375243_1269198,37.524314,126.91977,100,8,113
G375252_1269198,37.525219,126.91977,100,3,131
G375261_1269198,37.526123,126.91977,100,3,111
G375270_1269198,37.527028,126.91977,100,4,48
G375279_1269198,37.527933,126.91977,100,3,41
G375153_1269209,37.515267,126.920902,100,4,56
G375162_1269209,37.516172,126.920902,100,5,76
G375171_1269209,37.517077,126.920902,100,5,118
G375180_1269209,37.517981,126.920902,100,9,136
G375189_1269209,37.518886,126.920902,100,10,54
G375198_1269209,37.519791,126.920902,100,9,73
G375207_1269209,37.520695,126.920902,100,10,171
G375216_1269209,37.5216,126.920902,100,6,199
G375225_1269209,37.522505,126.920902,100,7,185
G375234_1269209,37.523409,126.920902,100,9,153
G375243_1269209,37.524314,126.920902,100,8,75
G375252_1269209,37.525219,126.920902,100,4,132
G375261_1269209,37.526123,126.920902,100,6,51
G375270_1269209,37.527028,126.920902,100,6,90
G375279_1269209,37.527933,126.920902,100,3,48
G375153_1269220,37.515267,126.922035,100,6,47
G375162_1269220,37.516172,126.922035,100,3,45
G375171_1269220,37.517077,126.922035,100,6,75
G375180_1269220,37.517981,126.922035,100,6,68
G375189_1269220,37.518886,126.922035,100,5,141
G375198_1269220,37.519791,126.922035,100,8,158
G375207_1269220,37.520695,126.922035,100,8,126
G375216_1269220,37.5216,126.922035,100,14,190
G375225_1269220,37.522505,126.922035,100,7,161
G375234_1269220,37.523409,126.922035,100,10,122
G375243_1269220,37.524314,126.922035,100,6,109
G375252_1269220,37.525219,126.922035,100,4,122
G375261_1269220,37.526123,126.922035,100,4,77
G375270_1269220,37.527028,126.922035,100,4,62
G375279_1269220,37.527933,126.922035,100,4,91
G375153_1269232,37.515267,126.923167,100,3,71
G375162_1269232,37.516172,126.923167,100,6,46
G375171_1269232,37.517077,126.923167,100,8,46
G375180_1269232,37.517981,126.923167,100,7,57
G375189_1269232,37.518886,126.923167,100,6,163
G375198_1269232,37.519791,126.923167,100,10,127
G375207_1269232,37.520695,126.923167,100,16,131
G375216_1269232,37.5216,126.923167,100,9,230
G375225_1269232,37.522505,126.923167,100,14,87
G375234_1269232,37.523409,126.923167,100,9,118
G375243_1269232,37.524314,126.923167,100,8,186
G375252_1269232,37.525219,126.923167,100,4,82
G375261_1269232,37.526123,126.923167,100,4,100
G375270_1269232,37.527028,126.923167,100,5,112
G375279_1269232,37.527933,126.923167,100,6,74
G375153_1269243,37.515267,126.9243,100,5,104
G375162_1269243,37.516172,126.9243,100,6,75
G375171_1269243,37.517077,126.9243,100,9,50
G375180_1269243,37.517981,126.9243,100,7,119
G375189_1269243,37.518886,126.9243,100,9,99
G375198_1269243,37.519791,126.9243,100,6,79
G375207_1269243,37.520695,126.9243,100,13,262
G375216_1269243,37.5216,126.9243,100,20,328
G375225_1269243,37.522505,126.9243,100,14,201
G375234_1269243,37.523409,126.9243,100,9,139
G375243_1269243,37.524314,126.9243,100,12,162
G375252_1269243,37.525219,126.9243,100,8,129
G375261_1269243,37.526123,126.9243,100,7,54
G375270_1269243,37.527028,126.9243,100,4,62
G375279_1269243,37.527933,126.9243,100,6,49
G375153_1269254,37.515267,126.925433,100,3,36
G375162_1269254,37.516172,126.925433,100,5,61
G375171_1269254,37.517077,126.925433,100,4,99
G375180_1269254,37.517981,126.925433,100,4,137
G375189_1269254,37.518886,126.925433,100,11,136
G375198_1269254,37.519791,126.925433,100,13,122
G375207_1269254,37.520695,126.925433,100,7,199
G375216_1269254,37.5216,126.925433,100,11,180
G375225_1269254,37.522505,126.925433,100,11,96
G375234_1269254,37.523409,126.925433,100,6,199
G375243_1269254,37.524314,126.925433,100,9,62
G375252_1269254,37.525219,126.925433,100,5,62
G375261_1269254,37.526123,126.925433,100,7,118
G375270_1269254,37.527028,126.925433,100,3,88
G375279_1269254,37.527933,126.925433,100,5,82
G375153_1269266,37.515267,126.926565,100,4,81
G375162_1269266,37.516172,126.926565,100,4,104
G375171_1269266,37.517077,126.926565,100,7,92
G375180_1269266,37.517981,126.926565,100,4,68
G375189_1269266,37.518886,126.926565,100,11,65
G375198_1269266,37.519791,126.926565,100,7,101
G375207_1269266,37.520695,126.926565,100,10,79
G375216_1269266,37.5216,126.926565,100,14,120
G375225_1269266,37.522505,126.926565,100,14,104
G375234_1269266,37.523409,126.926565,100,11,101
G375243_1269266,37.524314,126.926565,100,5,138
G375252_1269266,37.525219,126.926565,100,7,63
G375261_1269266,37.526123,126.926565,100,5,62
G375270_1269266,37.527028,126.926565,100,6,37
G375279_1269266,37.527933,126.926565,100,5,36
G375153_1269277,37.515267,126.927698,100,6,89
G375162_1269277,37.516172,126.927698,100,5,93
G375171_1269277,37.517077,126.927698,100,8,77
G375180_1269277,37.517981,126.927698,100,9,113
G375189_1269277,37.518886,126.927698,100,4,111
G375198_1269277,37.519791,126.927698,100,7,96
G375207_1269277,37.520695,126.927698,100,7,80
G375216_1269277,37.5216,126.927698,100,12,151
G375225_1269277,37.522505,126.927698,100,11,145
G375234_1269277,37.523409,126.927698,100,10,136
G375243_1269277,37.524314,126.927698,100,10,72
G375252_1269277,37.525219,126.927698,100,4,118
G375261_1269277,37.526123,126.927698,100,4,84
G375270_1269277,37.527028,126.927698,100,6,97
G375279_1269277,37.527933,126.927698,100,4,58
G375153_1269288,37.515267,126.92883,100,4,37
G375162_1269288,37.516172,126.92883,100,4,55
G375171_1269288,37.517077,126.92883,100,7,62
G375180_1269288,37.517981,126.92883,100,7,48
G375189_1269288,37.518886,126.92883,100,7,87
G375198_1269288,37.519791,126.92883,100,4,156
G375207_1269288,37.520695,126.92883,100,4,75
G375216_1269288,37.5216,126.92883,100,10,122
G375225_1269288,37.522505,126.92883,100,9,143
G375234_1269288,37.523409,126.92883,100,6,109
G375243_1269288,37.524314,126.92883,100,9,80
G375252_1269288,37.525219,126.92883,100,6,55
G375261_1269288,37.526123,126.92883,100,5,77
G375270_1269288,37.527028,126.92883,100,4,96
G375279_1269288,37.527933,126.92883,100,2,68
G375153_1269300,37.515267,126.929963,100,3,77
G375162_1269300,37.516172,126.929963,100,3,56
G375171_1269300,37.517077,126.929963,100,3,38
G375180_1269300,37.517981,126.929963,100,7,41
G375189_1269300,37.518886,126.929963,100,6,47
G375198_1269300,37.519791,126.929963,100,5,89
G375207_1269300,37.520695,126.929963,100,7,120
G375216_1269300,37.5216,126.929963,100,8,98
G375225_1269300,37.522505,126.929963,100,8,74
G375234_1269300,37.523409,126.929963,100,5,110
G375243_1269300,37.524314,126.929963,100,5,127
G375252_1269300,37.525219,126.929963,100,3,98
G375261_1269300,37.526123,126.929963,100,5,93
G375270_1269300,37.527028,126.929963,100,5,36
G375279_1269300,37.527933,126.929963,100,3,59
G375153_1269311,37.515267,126.931096,100,4,33
G375162_1269311,37.516172,126.931096,100,3,64
G375171_1269311,37.517077,126.931096,100,5,87
G375180_1269311,37.517981,126.931096,100,5,64
G375189_1269311,37.518886,126.931096,100,7,88
G375198_1269311,37.519791,126.931096,100,7,41
G375207_1269311,37.520695,126.931096,100,5,103
G375216_1269311,37.5216,126.931096,100,4,107
G375225_1269311,37.522505,126.931096,100,4,55
G375234_1269311,37.523409,126.931096,100,3,84
G375243_1269311,37.524314,126.931096,100,5,98
G375252_1269311,37.525219,126.931096,100,5,70
G375261_1269311,37.526123,126.931096,100,3,66
G375270_1269311,37.527028,126.931096,100,3,61
G375279_1269311,37.527933,126.931096,100,4,68
G375153_1269322,37.515267,126.932228,100,3,62
G375162_1269322,37.516172,126.932228,100,4,50
G375171_1269322,37.517077,126.932228,100,5,31
G375180_1269322,37.517981,126.932228,100,3,82
G375189_1269322,37.518886,126.932228,100,5,93
G375198_1269322,37.519791,126.932228,100,4,94
G375207_1269322,37.520695,126.932228,100,6,62
G375216_1269322,37.5216,126.932228,100,6,45
G375225_1269322,37.522505,126.932228,100,3,49
G375234_1269322,37.523409,126.932228,100,2,52
G375243_1269322,37.524314,126.932228,100,4,85
G375252_1269322,37.525219,126.932228,100,3,55
G375261_1269322,37.526123,126.932228,100,2,34
G375270_1269322,37.527028,126.932228,100,3,41
G375279_1269322,37.527933,126.932228,100,3,62
G375641_1269838,37.564067,126.983766,100,4,15
G375650_1269838,37.564972,126.983766,100,7,10
G375659_1269838,37.565877,126.983766,100,8,27
G375668_1269838,37.566781,126.983766,100,8,26
G375677_1269838,37.567686,126.983766,100,6,25
G375686_1269838,37.568591,126.983766,100,11,39
G375695_1269838,37.569495,126.983766,100,13,33
G375704_1269838,37.5704,126.983766,100,7,39
G375713_1269838,37.571305,126.983766,100,12,45
G375722_1269838,37.572209,126.983766,100,10,15
G375731_1269838,37.573114,126.983766,100,6,18
G375740_1269838,37.574019,126.983766,100,9,28
G375749_1269838,37.574923,126.983766,100,11,15
G375758_1269838,37.575828,126.983766,100,7,22
G375767_1269838,37.576733,126.983766,100,4,10
G375641_1269849,37.564067,126.9849,100,6,30
G375650_1269849,37.564972,126.9849,100,6,19
G375659_1269849,37.565877,126.9849,100,11,40
G375668_1269849,37.566781,126.9849,100,13,39
G375677_1269849,37.567686,126.9849,100,12,22
G375686_1269849,37.568591,126.9849,100,14,36
G375695_1269849,37.569495,126.9849,100,7,48
G375704_1269849,37.5704,126.9849,100,8,40
G375713_1269849,37.571305,126.9849,100,11,46
G375722_1269849,37.572209,126.9849,100,8,29
G375731_1269849,37.573114,126.9849,100,7,32
G375740_1269849,37.574019,126.9849,100,13,24
G375749_1269849,37.574923,126.9849,100,11,20
G375758_1269849,37.575828,126.9849,100,5,23
G375767_1269849,37.576733,126.9849,100,5,15
G375641_1269860,37.564067,126.986033,100,10,27
G375650_1269860,37.564972,126.986033,100,5,26
G375659_1269860,37.565877,126.986033,100,6,18
G375668_1269860,37.566781,126.986033,100,7,37
G375677_1269860,37.567686,126.986033,100,9,56
G375686_1269860,37.568591,126.986033,100,17,47
G375695_1269860,37.569495,126.986033,100,13,38
G375704_1269860,37.5704,126.986033,100,15,29
G375713_1269860,37.571305,126.986033,100,11,27
G375722_1269860,37.572209,126.986033,100,16,60
G375731_1269860,37.573114,126.986033,100,11,54
G375740_1269860,37.574019,126.986033,100,11,50
G375749_1269860,37.574923,126.986033,100,10,41
G375758_1269860,37.575828,126.986033,100,7,27
G375767_1269860,37.576733,126.986033,100,8,11
G375641_1269872,37.564067,126.987167,100,11,16
G375650_1269872,37.564972,126.987167,100,9,35
G375659_1269872,37.565877,126.987167,100,6,45
G375668_1269872,37.566781,126.987167,100,16,55
G375677_1269872,37.567686,126.987167,100,9,39
G375686_1269872,37.568591,126.987167,100,19,46
G375695_1269872,37.569495,126.987167,100,11,66
G375704_1269872,37.5704,126.987167,100,13,29
G375713_1269872,37.571305,126.987167,100,15,30
G375722_1269872,37.572209,126.987167,100,14,42
G375731_1269872,37.573114,126.987167,100,12,35
G375740_1269872,37.574019,126.987167,100,7,33
G375749_1269872,37.574923,126.987167,100,7,28
G375758_1269872,37.575828,126.987167,100,12,40
G375767_1269872,37.576733,126.987167,100,11,27
G375641_1269883,37.564067,126.9883,100,5,29
G375650_1269883,37.564972,126.9883,100,6,18
G375659_1269883,37.565877,126.9883,100,7,20
G375668_1269883,37.566781,126.9883,100,12,53
G375677_1269883,37.567686,126.9883,100,11,35
G375686_1269883,37.568591,126.9883,100,23,27
G375695_1269883,37.569495,126.9883,100,17,84
G375704_1269883,37.5704,126.9883,100,20,87
G375713_1269883,37.571305,126.9883,100,17,74
G375722_1269883,37.572209,126.9883,100,23,80
G375731_1269883,37.573114,126.9883,100,11,53
G375740_1269883,37.574019,126.9883,100,17,66
G375749_1269883,37.574923,126.9883,100,7,34
G375758_1269883,37.575828,126.9883,100,8,33
G375767_1269883,37.576733,126.9883,100,11,39
G375641_1269894,37.564067,126.989433,100,12,33
G375650_1269894,37.564972,126.989433,100,13,23
G375659_1269894,37.565877,126.989433,100,14,42
G375668_1269894,37.566781,126.989433,100,19,47
G375677_1269894,37.567686,126.989433,100,20,50
G375686_1269894,37.568591,126.989433,100,19,54
G375695_1269894,37.569495,126.989433,100,23,101
G375704_1269894,37.5704,126.989433,100,24,51
G375713_1269894,37.571305,126.989433,100,25,54
G375722_1269894,37.572209,126.989433,100,27,75
G375731_1269894,37.573114,126.989433,100,21,40
G375740_1269894,37.574019,126.989433,100,13,30
G375749_1269894,37.574923,126.989433,100,14,60
G375758_1269894,37.575828,126.989433,100,8,42
G375767_1269894,37.576733,126.989433,100,10,42
G375641_1269906,37.564067,126.990567,100,13,43
G375650_1269906,37.564972,126.990567,100,7,53
G375659_1269906,37.565877,126.990567,100,13,64
G375668_1269906,37.566781,126.990567,100,13,62
G375677_1269906,37.567686,126.990567,100,17,45
G375686_1269906,37.568591,126.990567,100,22,74
G375695_1269906,37.569495,126.990567,100,22,104
G375704_1269906,37.5704,126.990567,100,33,84
G375713_1269906,37.571305,126.990567,100,30,72
G375722_1269906,37.572209,126.990567,100,26,99
G375731_1269906,37.573114,126.990567,100,25,87
G375740_1269906,37.574019,126.990567,100,10,46
G375749_1269906,37.574923,126.990567,100,13,54
G375758_1269906,37.575828,126.990567,100,13,39
G375767_1269906,37.576733,126.990567,100,8,40
G375641_1269917,37.564067,126.9917,100,11,21
G375650_1269917,37.564972,126.9917,100,11,31
G375659_1269917,37.565877,126.9917,100,15,57
G375668_1269917,37.566781,126.9917,100,19,40
G375677_1269917,37.567686,126.9917,100,24,34
G375686_1269917,37.568591,126.9917,100,26,43
G375695_1269917,37.569495,126.9917,100,22,88
G375704_1269917,37.5704,126.9917,100,22,106
G375713_1269917,37.571305,126.9917,100,34,100
G375722_1269917,37.572209,126.9917,100,17,75
G375731_1269917,37.573114,126.9917,100,12,47
G375740_1269917,37.574019,126.9917,100,18,78
G375749_1269917,37.574923,126.9917,100,16,45
G375758_1269917,37.575828,126.9917,100,7,21
G375767_1269917,37.576733,126.9917,100,10,34
G375641_1269928,37.564067,126.992833,100,11,44
G375650_1269928,37.564972,126.992833,100,16,50
G375659_1269928,37.565877,126.992833,100,19,49
G375668_1269928,37.566781,126.992833,100,20,31
G375677_1269928,37.567686,126.992833,100,18,40
G375686_1269928,37.568591,126.992833,100,30,80
G375695_1269928,37.569495,126.992833,100,31,87
G375704_1269928,37.5704,126.992833,100,23,100
G375713_1269928,37.571305,126.992833,100,30,93
G375722_1269928,37.572209,126.992833,100,19,35
G375731_1269928,37.573114,126.992833,100,16,62
G375740_1269928,37.574019,126.992833,100,20,63
G375749_1269928,37.574923,126.992833,100,12,55
G375758_1269928,37.575828,126.992833,100,7,37
G375767_1269928,37.576733,126.992833,100,6,22
G375641_1269940,37.564067,126.993967,100,8,17
G375650_1269940,37.564972,126.993967,100,10,53
G375659_1269940,37.565877,126.993967,100,8,34
G375668_1269940,37.566781,126.993967,100,12,60
G375677_1269940,37.567686,126.993967,100,10,45
G375686_1269940,37.568591,126.993967,100,15,70
G375695_1269940,37.569495,126.993967,100,29,60
G375704_1269940,37.5704,126.993967,100,29,104
G375713_1269940,37.571305,126.993967,100,19,85
G375722_1269940,37.572209,126.993967,100,11,62
G375731_1269940,37.573114,126.993967,100,16,53
G375740_1269940,37.574019,126.993967,100,20,69
G375749_1269940,37.574923,126.993967,100,9,25
G375758_1269940,37.575828,126.993967,100,14,25
G375767_1269940,37.576733,126.993967,100,5,35
G375641_1269951,37.564067,126.9951,100,12,39
G375650_1269951,37.564972,126.9951,100,12,35
G375659_1269951,37.565877,126.9951,100,11,55
G375668_1269951,37.566781,126.9951,100,17,28
G375677_1269951,37.567686,126.9951,100,16,28
G375686_1269951,37.568591,126.9951,100,19,78
G375695_1269951,37.569495,126.9951,100,23,89
G375704_1269951,37.5704,126.9951,100,24,86
G375713_1269951,37.571305,126.9951,100,13,55
G375722_1269951,37.572209,126.9951,100,10,29
G375731_1269951,37.573114,126.9951,100,17,59
G375740_1269951,37.574019,126.9951,100,9,26
G375749_1269951,37.574923,126.9951,100,9,25
G375758_1269951,37.575828,126.9951,100,6,38
G375767_1269951,37.576733,126.9951,100,5,21
G375641_1269962,37.564067,126.996233,100,7,23
G375650_1269962,37.564972,126.996233,100,9,18
G375659_1269962,37.565877,126.996233,100,12,41
G375668_1269962,37.566781,126.996233,100,8,56
G375677_1269962,37.567686,126.996233,100,8,40
G375686_1269962,37.568591,126.996233,100,17,39
G375695_1269962,37.569495,126.996233,100,11,34
G375704_1269962,37.5704,126.996233,100,15,65
G375713_1269962,37.571305,126.996233,100,9,38
G375722_1269962,37.572209,126.996233,100,8,65
G375731_1269962,37.573114,126.996233,100,7,52
G375740_1269962,37.574019,126.996233,100,15,49
G375749_1269962,37.574923,126.996233,100,9,30
G375758_1269962,37.575828,126.996233,100,5,15
G375767_1269962,37.576733,126.996233,100,7,14
G375641_1269974,37.564067,126.997367,100,10,19
G375650_1269974,37.564972,126.997367,100,9,25
G375659_1269974,37.565877,126.997367,100,13,33
G375668_1269974,37.566781,126.997367,100,8,31
G375677_1269974,37.567686,126.997367,100,11,28
G375686_1269974,37.568591,126.997367,100,12,38
G375695_1269974,37.569495,126.997367,100,8,23
G375704_1269974,37.5704,126.997367,100,13,47
G375713_1269974,37.571305,126.997367,100,13,50
G375722_1269974,37.572209,126.997367,100,10,44
G375731_1269974,37.573114,126.997367,100,15,43
G375740_1269974,37.574019,126.997367,100,14,47
G375749_1269974,37.574923,126.997367,100,10,35
G375758_1269974,37.575828,126.997367,100,9,40
G375767_1269974,37.576733,126.997367,100,7,31
G375641_1269985,37.564067,126.9985,100,4,28
G375650_1269985,37.564972,126.9985,100,9,23
G375659_1269985,37.565877,126.9985,100,11,34
G375668_1269985,37.566781,126.9985,100,10,38
G375677_1269985,37.567686,126.9985,100,6,19
G375686_1269985,37.568591,126.9985,100,10,43
G375695_1269985,37.569495,126.9985,100,10,47
G375704_1269985,37.5704,126.9985,100,16,41
G375713_1269985,37.571305,126.9985,100,13,50
G375722_1269985,37.572209,126.9985,100,13,27
G375731_1269985,37.573114,126.9985,100,12,34
G375740_1269985,37.574019,126.9985,100,9,45
G375749_1269985,37.574923,126.9985,100,6,17
G375758_1269985,37.575828,126.9985,100,4,18
G375767_1269985,37.576733,126.9985,100,7,23
G375641_1269996,37.564067,126.999634,100,4,21
G375650_1269996,37.564972,126.999634,100,6,30
G375659_1269996,37.565877,126.999634,100,6,21
G375668_1269996,37.566781,126.999634,100,7,22
G375677_1269996,37.567686,126.999634,100,7,30
G375686_1269996,37.568591,126.999634,100,11,43
G375695_1269996,37.569495,126.999634,100,7,33
G375704_1269996,37.5704,126.999634,100,10,45
G375713_1269996,37.571305,126.999634,100,13,20
G375722_1269996,37.572209,126.999634,100,7,17
G375731_1269996,37.573114,126.999634,100,10,16
G375740_1269996,37.574019,126.999634,100,6,18
G375749_1269996,37.574923,126.999634,100,6,23
G375758_1269996,37.575828,126.999634,100,6,21
G375767_1269996,37.576733,126.999634,100,5,28
G374702_1269737,37.470167,126.973676,100,5,16
G374711_1269737,37.471072,126.973676,100,5,29
G374720_1269737,37.471977,126.973676,100,8,24
G374729_1269737,37.472881,126.973676,100,8,16
G374738_1269737,37.473786,126.973676,100,6,33
G374747_1269737,37.474691,126.973676,100,5,43
G374756_1269737,37.475595,126.973676,100,7,36
G374765_1269737,37.4765,126.973676,100,10,42
G374774_1269737,37.477405,126.973676,100,10,22
G374783_1269737,37.478309,126.973676,100,9,39
G374792_1269737,37.479214,126.973676,100,7,27
G374801_1269737,37.480119,126.973676,100,7,28
G374810_1269737,37.481023,126.973676,100,7,36
G374819_1269737,37.481928,126.973676,100,7,32
G374828_1269737,37.482833,126.973676,100,8,29
G374702_1269748,37.470167,126.974808,100,7,12
G374711_1269748,37.471072,126.974808,100,9,29
G374720_1269748,37.471977,126.974808,100,7,37
G374729_1269748,37.472881,126.974808,100,12,33
G374738_1269748,37.473786,126.974808,100,7,40
G374747_1269748,37.474691,126.974808,100,7,32
G374756_1269748,37.475595,126.974808,100,12,45
G374765_1269748,37.4765,126.974808,100,11,37
G374774_1269748,37.477405,126.974808,100,7,18
G374783_1269748,37.478309,126.974808,100,13,37
G374792_1269748,37.479214,126.974808,100,7,25
G374801_1269748,37.480119,126.974808,100,6,45
G374810_1269748,37.481023,126.974808,100,10,21
G374819_1269748,37.481928,126.974808,100,8,24
G374828_1269748,37.482833,126.974808,100,4,30
G374702_1269759,37.470167,126.97594,100,10,16
G374711_1269759,37.471072,126.97594,100,12,40
G374720_1269759,37.471977,126.97594,100,7,43
G374729_1269759,37.472881,126.97594,100,13,40
G374738_1269759,37.473786,126.97594,100,11,31
G374747_1269759,37.474691,126.97594,100,15,59
G374756_1269759,37.475595,126.97594,100,10,42
G374765_1269759,37.4765,126.97594,100,10,58
G374774_1269759,37.477405,126.97594,100,15,59
G374783_1269759,37.478309,126.97594,100,7,40
G374792_1269759,37.479214,126.97594,100,6,39
G374801_1269759,37.480119,126.97594,100,9,43
G374810_1269759,37.481023,126.97594,100,9,36
G374819_1269759,37.481928,126.97594,100,6,34
G374828_1269759,37.482833,126.97594,100,10,34
G374702_1269771,37.470167,126.977072,100,8,22
G374711_1269771,37.471072,126.977072,100,6,42
G374720_1269771,37.471977,126.977072,100,7,22
G374729_1269771,37.472881,126.977072,100,12,46
G374738_1269771,37.473786,126.977072,100,12,50
G374747_1269771,37.474691,126.977072,100,15,29
G374756_1269771,37.475595,126.977072,100,17,25
G374765_1269771,37.4765,126.977072,100,19,57
G374774_1269771,37.477405,126.977072,100,19,57
G374783_1269771,37.478309,126.977072,100,16,31
G374792_1269771,37.479214,126.977072,100,9,52
G374801_1269771,37.480119,126.977072,100,14,48
G374810_1269771,37.481023,126.977072,100,10,34
G374819_1269771,37.481928,126.977072,100,6,21
G374828_1269771,37.482833,126.977072,100,8,21
G374702_1269782,37.470167,126.978204,100,6,23
G374711_1269782,37.471072,126.978204,100,15,33
G374720_1269782,37.471977,126.978204,100,17,40
G374729_1269782,37.472881,126.978204,100,8,65
G374738_1269782,37.473786,126.978204,100,10,56
G374747_1269782,37.474691,126.978204,100,22,36
G374756_1269782,37.475595,126.978204,100,22,30
G374765_1269782,37.4765,126.978204,100,13,47
G374774_1269782,37.477405,126.978204,100,21,51
G374783_1269782,37.478309,126.978204,100,11,42
G374792_1269782,37.479214,126.978204,100,19,64
G374801_1269782,37.480119,126.978204,100,7,40
G374810_1269782,37.481023,126.978204,100,14,54
G374819_1269782,37.481928,126.978204,100,13,33
G374828_1269782,37.482833,126.978204,100,9,31
G374702_1269793,37.470167,126.979336,100,6,19
G374711_1269793,37.471072,126.979336,100,8,26
G374720_1269793,37.471977,126.979336,100,15,21
G374729_1269793,37.472881,126.979336,100,17,31
G374738_1269793,37.473786,126.979336,100,20,74
G374747_1269793,37.474691,126.979336,100,24,66
G374756_1269793,37.475595,126.979336,100,26,79
G374765_1269793,37.4765,126.979336,100,17,80
G374774_1269793,37.477405,126.979336,100,15,55
G374783_1269793,37.478309,126.979336,100,15,63
G374792_1269793,37.479214,126.979336,100,15,40
G374801_1269793,37.480119,126.979336,100,21,71
G374810_1269793,37.481023,126.979336,100,13,34
G374819_1269793,37.481928,126.979336,100,13,28
G374828_1269793,37.482833,126.979336,100,5,18
G374702_1269805,37.470167,126.980468,100,8,39
G374711_1269805,37.471072,126.980468,100,7,44
G374720_1269805,37.471977,126.980468,100,15,36
G374729_1269805,37.472881,126.980468,100,17,60
G374738_1269805,37.473786,126.980468,100,13,84
G374747_1269805,37.474691,126.980468,100,15,68
G374756_1269805,37.475595,126.980468,100,20,76
G374765_1269805,37.4765,126.980468,100,32,96
G374774_1269805,37.477405,126.980468,100,26,116
G374783_1269805,37.478309,126.980468,100,16,90
G374792_1269805,37.479214,126.980468,100,12,65
G374801_1269805,37.480119,126.980468,100,8,47
G374810_1269805,37.481023,126.980468,100,16,50
G374819_1269805,37.481928,126.980468,100,16,46
G374828_1269805,37.482833,126.980468,100,7,39
G374702_1269816,37.470167,126.9816,100,11,24
G374711_1269816,37.471072,126.9816,100,14,37
G374720_1269816,37.471977,126.9816,100,17,56
G374729_1269816,37.472881,126.9816,100,12,46
G374738_1269816,37.473786,126.9816,100,12,32
G374747_1269816,37.474691,126.9816,100,30,92
G374756_1269816,37.475595,126.9816,100,33,121
G374765_1269816,37.4765,126.9816,100,31,116
G374774_1269816,37.477405,126.9816,100,24,98
G374783_1269816,37.478309,126.9816,100,29,82
G374792_1269816,37.479214,126.9816,100,25,82
G374801_1269816,37.480119,126.9816,100,19,26
G374810_1269816,37.481023,126.9816,100,10,59
G374819_1269816,37.481928,126.9816,100,10,50
G374828_1269816,37.482833,126.9816,100,6,15
G374702_1269827,37.470167,126.982732,100,10,40
G374711_1269827,37.471072,126.982732,100,11,29
G374720_1269827,37.471977,126.982732,100,8,61
G374729_1269827,37.472881,126.982732,100,22,64
G374738_1269827,37.473786,126.982732,100,10,60
G374747_1269827,37.474691,126.982732,100,28,60
G374756_1269827,37.475595,126.982732,100,31,117
G374765_1269827,37.4765,126.982732,100,26,121
G374774_1269827,37.477405,126.982732,100,20,111
G374783_1269827,37.478309,126.982732,100,30,34
G374792_1269827,37.479214,126.982732,100,23,79
G374801_1269827,37.480119,126.982732,100,15,49
G374810_1269827,37.481023,126.982732,100,8,46
G374819_1269827,37.481928,126.982732,100,9,18
G374828_1269827,37.482833,126.982732,100,9,28
G374702_1269839,37.470167,126.983864,100,6,24
G374711_1269839,37.471072,126.983864,100,13,39
G374720_1269839,37.471977,126.983864,100,16,48
G374729_1269839,37.472881,126.983864,100,9,54
G374738_1269839,37.473786,126.983864,100,16,26
G374747_1269839,37.474691,126.983864,100,21,90
G374756_1269839,37.475595,126.983864,100,26,44
G374765_1269839,37.4765,126.983864,100,17,54
G374774_1269839,37.477405,126.983864,100,20,84
G374783_1269839,37.478309,126.983864,100,14,45
G374792_1269839,37.479214,126.983864,100,19,32
G374801_1269839,37.480119,126.983864,100,14,24
G374810_1269839,37.481023,126.983864,100,8,32
G374819_1269839,37.481928,126.983864,100,11,29
G374828_1269839,37.482833,126.983864,100,11,39
G374702_1269850,37.470167,126.984996,100,9,31
G374711_1269850,37.471072,126.984996,100,13,33
G374720_1269850,37.471977,126.984996,100,10,37
G374729_1269850,37.472881,126.984996,100,11,37
G374738_1269850,37.473786,126.984996,100,18,51
G374747_1269850,37.474691,126.984996,100,22,81
G374756_1269850,37.475595,126.984996,100,13,75
G374765_1269850,37.4765,126.984996,100,22,49
G374774_1269850,37.477405,126.984996,100,17,37
G374783_1269850,37.478309,126.984996,100,21,82
G374792_1269850,37.479214,126.984996,100,20,52
G374801_1269850,37.480119,126.984996,100,15,44
G374810_1269850,37.481023,126.984996,100,14,38
G374819_1269850,37.481928,126.984996,100,8,47
G374828_1269850,37.482833,126.984996,100,11,17
G374702_1269861,37.470167,126.986128,100,10,23
G374711_1269861,37.471072,126.986128,100,11,43
G374720_1269861,37.471977,126.986128,100,12,35
G374729_1269861,37.472881,126.986128,100,7,24
G374738_1269861,37.473786,126.986128,100,9,42
G374747_1269861,37.474691,126.986128,100,13,23
G374756_1269861,37.475595,126.986128,100,20,51
G374765_1269861,37.4765,126.986128,100,19,55
G374774_1269861,37.477405,126.986128,100,16,55
G374783_1269861,37.478309,126.986128,100,11,39
G374792_1269861,37.479214,126.986128,100,17,34
G374801_1269861,37.480119,126.986128,100,8,22
G374810_1269861,37.481023,126.986128,100,9,52
G374819_1269861,37.481928,126.986128,100,8,18
G374828_1269861,37.482833,126.986128,100,6,32
G374702_1269873,37.470167,126.98726,100,6,15
G374711_1269873,37.471072,126.98726,100,11,30
G374720_1269873,37.471977,126.98726,100,7,26
G374729_1269873,37.472881,126.98726,100,15,39
G374738_1269873,37.473786,126.98726,100,16,34
G374747_1269873,37.474691,126.98726,100,9,41
G374756_1269873,37.475595,126.98726,100,12,38
G374765_1269873,37.4765,126.98726,100,17,62
G374774_1269873,37.477405,126.98726,100,11,45
G374783_1269873,37.478309,126.98726,100,16,20
G374792_1269873,37.479214,126.98726,100,11,40
G374801_1269873,37.480119,126.98726,100,6,21
G374810_1269873,37.481023,126.98726,100,13,43
G374819_1269873,37.481928,126.98726,100,6,13
G374828_1269873,37.482833,126.98726,100,9,15
G374702_1269884,37.470167,126.988392,100,10,14
G374711_1269884,37.471072,126.988392,100,8,35
G374720_1269884,37.471977,126.988392,100,12,38
G374729_1269884,37.472881,126.988392,100,13,40
G374738_1269884,37.473786,126.988392,100,7,19
G374747_1269884,37.474691,126.988392,100,11,37
G374756_1269884,37.475595,126.988392,100,12,22
G374765_1269884,37.4765,126.988392,100,10,20
G374774_1269884,37.477405,126.988392,100,12,42
G374783_1269884,37.478309,126.988392,100,14,21
G374792_1269884,37.479214,126.988392,100,13,34
G374801_1269884,37.480119,126.988392,100,7,20
G374810_1269884,37.481023,126.988392,100,5,18
G374819_1269884,37.481928,126.988392,100,8,32
G374828_1269884,37.482833,126.988392,100,4,14
G374702_1269895,37.470167,126.989524,100,7,23
G374711_1269895,37.471072,126.989524,100,5,31
G374720_1269895,37.471977,126.989524,100,4,33
G374729_1269895,37.472881,126.989524,100,10,15
G374738_1269895,37.473786,126.989524,100,7,31
G374747_1269895,37.474691,126.989524,100,9,24
G374756_1269895,37.475595,126.989524,100,11,37
G374765_1269895,37.4765,126.989524,100,12,29
G374774_1269895,37.477405,126.989524,100,13,16
G374783_1269895,37.478309,126.989524,100,10,34
G374792_1269895,37.479214,126.989524,100,11,23
G374801_1269895,37.480119,126.989524,100,5,29
G374810_1269895,37.481023,126.989524,100,6,13
G374819_1269895,37.481928,126.989524,100,6,17
G374828_1269895,37.482833,126.989524,100,5,18
G376479_1270489,37.647867,127.048857,100,8,4
G376488_1270489,37.648772,127.048857,100,18,6
G376497_1270489,37.649677,127.048857,100,10,6
G376506_1270489,37.650581,127.048857,100,13,7
G376515_1270489,37.651486,127.048857,100,16,7
G376524_1270489,37.652391,127.048857,100,14,9
G376533_1270489,37.653295,127.048857,100,19,7
G376542_1270489,37.6542,127.048857,100,16,10
G376551_1270489,37.655105,127.048857,100,14,6
G376560_1270489,37.656009,127.048857,100,10,8
G376569_1270489,37.656914,127.048857,100,17,9
G376578_1270489,37.657819,127.048857,100,14,6
G376587_1270489,37.658723,127.048857,100,13,7
G376596_1270489,37.659628,127.048857,100,10,6
G376605_1270489,37.660533,127.048857,100,8,5
G376479_1270500,37.647867,127.049992,100,16,5
G376488_1270500,37.648772,127.049992,100,13,6
G376497_1270500,37.649677,127.049992,100,20,8
G376506_1270500,37.650581,127.049992,100,16,7
G376515_1270500,37.651486,127.049992,100,12,9
G376524_1270500,37.652391,127.049992,100,19,9
G376533_1270500,37.653295,127.049992,100,24,11
G376542_1270500,37.6542,127.049992,100,31,4
G376551_1270500,37.655105,127.049992,100,20,9
G376560_1270500,37.656009,127.049992,100,13,9
G376569_1270500,37.656914,127.049992,100,14,9
G376578_1270500,37.657819,127.049992,100,13,8
G376587_1270500,37.658723,127.049992,100,20,5
G376596_1270500,37.659628,127.049992,100,12,7
G376605_1270500,37.660533,127.049992,100,12,7
G376479_1270511,37.647867,127.051127,100,18,5
G376488_1270511,37.648772,127.051127,100,9,4
G376497_1270511,37.649677,127.051127,100,22,6
G376506_1270511,37.650581,127.051127,100,12,5
G376515_1270511,37.651486,127.051127,100,19,11
G376524_1270511,37.652391,127.051127,100,25,7
G376533_1270511,37.653295,127.051127,100,22,10
G376542_1270511,37.6542,127.051127,100,20,12
G376551_1270511,37.655105,127.051127,100,31,11
G376560_1270511,37.656009,127.051127,100,17,8
G376569_1270511,37.656914,127.051127,100,25,4
G376578_1270511,37.657819,127.051127,100,17,5
G376587_1270511,37.658723,127.051127,100,12,7
G376596_1270511,37.659628,127.051127,100,18,8
G376605_1270511,37.660533,127.051127,100,18,8
G376479_1270523,37.647867,127.052261,100,16,5
G376488_1270523,37.648772,127.052261,100,20,5
G376497_1270523,37.649677,127.052261,100,23,11
G376506_1270523,37.650581,127.052261,100,18,5
G376515_1270523,37.651486,127.052261,100,28,12
G376524_1270523,37.652391,127.052261,100,32,8
G376533_1270523,37.653295,127.052261,100,42,9
G376542_1270523,37.6542,127.052261,100,30,11
G376551_1270523,37.655105,127.052261,100,30,12
G376560_1270523,37.656009,127.052261,100,28,11
G376569_1270523,37.656914,127.052261,100,18,8
G376578_1270523,37.657819,127.052261,100,27,13
G376587_1270523,37.658723,127.052261,100,13,5
G376596_1270523,37.659628,127.052261,100,25,8
G376605_1270523,37.660533,127.052261,100,17,5
G376479_1270534,37.647867,127.053396,100,12,5
G376488_1270534,37.648772,127.053396,100,26,8
G376497_1270534,37.649677,127.053396,100,22,7
G376506_1270534,37.650581,127.053396,100,18,6
G376515_1270534,37.651486,127.053396,100,18,6
G376524_1270534,37.652391,127.053396,100,25,13
G376533_1270534,37.653295,127.053396,100,24,7
G376542_1270534,37.6542,127.053396,100,27,14
G376551_1270534,37.655105,127.053396,100,27,7
G376560_1270534,37.656009,127.053396,100,25,13
G376569_1270534,37.656914,127.053396,100,28,7
G376578_1270534,37.657819,127.053396,100,20,10
G376587_1270534,37.658723,127.053396,100,29,7
G376596_1270534,37.659628,127.053396,100,23,8
G376605_1270534,37.660533,127.053396,100,18,4
G376479_1270545,37.647867,127.054531,100,26,4
G376488_1270545,37.648772,127.054531,100,27,10
G376497_1270545,37.649677,127.054531,100,34,6
G376506_1270545,37.650581,127.054531,100,32,9
G376515_1270545,37.651486,127.054531,100,17,15
G376524_1270545,37.652391,127.054531,100,45,16
G376533_1270545,37.653295,127.054531,100,34,12
G376542_1270545,37.6542,127.054531,100,60,17
G376551_1270545,37.655105,127.054531,100,54,22
G376560_1270545,37.656009,127.054531,100,44,7
G376569_1270545,37.656914,127.054531,100,37,13
G376578_1270545,37.657819,127.054531,100,23,11
G376587_1270545,37.658723,127.054531,100,20,5
G376596_1270545,37.659628,127.054531,100,29,9
G376605_1270545,37.660533,127.054531,100,20,8
G376479_1270557,37.647867,127.055665,100,11,4
G376488_1270557,37.648772,127.055665,100,25,13
G376497_1270557,37.649677,127.055665,100,19,5
G376506_1270557,37.650581,127.055665,100,30,13
G376515_1270557,37.651486,127.055665,100,25,17
G376524_1270557,37.652391,127.055665,100,34,12
G376533_1270557,37.653295,127.055665,100,32,22
G376542_1270557,37.6542,127.055665,100,42,14
G376551_1270557,37.655105,127.055665,100,46,11
G376560_1270557,37.656009,127.055665,100,43,10
G376569_1270557,37.656914,127.055665,100,40,16
G376578_1270557,37.657819,127.055665,100,33,16
G376587_1270557,37.658723,127.055665,100,27,8
G376596_1270557,37.659628,127.055665,100,31,11
G376605_1270557,37.660533,127.055665,100,25,9
G376479_1270568,37.647867,127.0568,100,20,7
G376488_1270568,37.648772,127.0568,100,21,8
G376497_1270568,37.649677,127.0568,100,32,5
G376506_1270568,37.650581,127.0568,100,21,12
G376515_1270568,37.651486,127.0568,100,27,16
G376524_1270568,37.652391,127.0568,100,31,24
G376533_1270568,37.653295,127.0568,100,52,17
G376542_1270568,37.6542,127.0568,100,87,12
G376551_1270568,37.655105,127.0568,100,61,11
G376560_1270568,37.656009,127.0568,100,47,11
G376569_1270568,37.656914,127.0568,100,23,14
G376578_1270568,37.657819,127.0568,100,34,7
G376587_1270568,37.658723,127.0568,100,24,7
G376596_1270568,37.659628,127.0568,100,21,8
G376605_1270568,37.660533,127.0568,100,21,6
G376479_1270579,37.647867,127.057935,100,14,10
G376488_1270579,37.648772,127.057935,100,16,5
G376497_1270579,37.649677,127.057935,100,35,5
G376506_1270579,37.650581,127.057935,100,22,10
G376515_1270579,37.651486,127.057935,100,51,17
G376524_1270579,37.652391,127.057935,100,40,19
G376533_1270579,37.653295,127.057935,100,52,27
G376542_1270579,37.6542,127.057935,100,42,18
G376551_1270579,37.655105,127.057935,100,66,24
G376560_1270579,37.656009,127.057935,100,45,20
G376569_1270579,37.656914,127.057935,100,25,10
G376578_1270579,37.657819,127.057935,100,19,15
G376587_1270579,37.658723,127.057935,100,30,11
G376596_1270579,37.659628,127.057935,100,12,11
G376605_1270579,37.660533,127.057935,100,15,10
G376479_1270591,37.647867,127.059069,100,9,6
G376488_1270591,37.648772,127.059069,100,23,10
G376497_1270591,37.649677,127.059069,100,25,13
G376506_1270591,37.650581,127.059069,100,41,6
G376515_1270591,37.651486,127.059069,100,41,15
G376524_1270591,37.652391,127.059069,100,47,16
G376533_1270591,37.653295,127.059069,100,37,14
G376542_1270591,37.6542,127.059069,100,53,15
G376551_1270591,37.655105,127.059069,100,52,18
G376560_1270591,37.656009,127.059069,100,42,10
G376569_1270591,37.656914,127.059069,100,47,18
G376578_1270591,37.657819,127.059069,100,23,6
G376587_1270591,37.658723,127.059069,100,26,10
G376596_1270591,37.659628,127.059069,100,25,11
G376605_1270591,37.660533,127.059069,100,11,6
G376479_1270602,37.647867,127.060204,100,10,4
G376488_1270602,37.648772,127.060204,100,19,5
G376497_1270602,37.649677,127.060204,100,13,6
G376506_1270602,37.650581,127.060204,100,30,8
G376515_1270602,37.651486,127.060204,100,30,10
G376524_1270602,37.652391,127.060204,100,39,9
G376533_1270602,37.653295,127.060204,100,43,15
G376542_1270602,37.6542,127.060204,100,25,20
G376551_1270602,37.655105,127.060204,100,34,7
G376560_1270602,37.656009,127.060204,100,29,7
G376569_1270602,37.656914,127.060204,100,31,9
G376578_1270602,37.657819,127.060204,100,30,14
G376587_1270602,37.658723,127.060204,100,32,6
G376596_1270602,37.659628,127.060204,100,24,4
G376605_1270602,37.660533,127.060204,100,12,6
G376479_1270613,37.647867,127.061339,100,10,8
G376488_1270613,37.648772,127.061339,100,17,9
G376497_1270613,37.649677,127.061339,100,13,8
G376506_1270613,37.650581,127.061339,100,24,5
G376515_1270613,37.651486,127.061339,100,38,13
G376524_1270613,37.652391,127.061339,100,36,7
G376533_1270613,37.653295,127.061339,100,22,14
G376542_1270613,37.6542,127.061339,100,17,12
G376551_1270613,37.655105,127.061339,100,24,13
G376560_1270613,37.656009,127.061339,100,26,14
G376569_1270613,37.656914,127.061339,100,21,8
G376578_1270613,37.657819,127.061339,100,20,11
G376587_1270613,37.658723,127.061339,100,26,7
G376596_1270613,37.659628,127.061339,100,17,9
G376605_1270613,37.660533,127.061339,100,19,4
G376479_1270625,37.647867,127.062473,100,13,6
G376488_1270625,37.648772,127.062473,100,9,9
G376497_1270625,37.649677,127.062473,100,21,5
G376506_1270625,37.650581,127.062473,100,12,6
G376515_1270625,37.651486,127.062473,100,14,4
G376524_1270625,37.652391,127.062473,100,24,6
G376533_1270625,37.653295,127.062473,100,25,10
G376542_1270625,37.6542,127.062473,100,19,7
G376551_1270625,37.655105,127.062473,100,29,8
G376560_1270625,37.656009,127.062473,100,20,11
G376569_1270625,37.656914,127.062473,100,29,6
G376578_1270625,37.657819,127.062473,100,16,10
G376587_1270625,37.658723,127.062473,100,14,4
G376596_1270625,37.659628,127.062473,100,10,7
G376605_1270625,37.660533,127.062473,100,9,3
G376479_1270636,37.647867,127.063608,100,9,6
G376488_1270636,37.648772,127.063608,100,15,6
G376497_1270636,37.649677,127.063608,100,13,6
G376506_1270636,37.650581,127.063608,100,19,6
G376515_1270636,37.651486,127.063608,100,20,6
G376524_1270636,37.652391,127.063608,100,19,4
G376533_1270636,37.653295,127.063608,100,26,7
G376542_1270636,37.6542,127.063608,100,19,6
G376551_1270636,37.655105,127.063608,100,22,11
G376560_1270636,37.656009,127.063608,100,18,11
G376569_1270636,37.656914,127.063608,100,23,7
G376578_1270636,37.657819,127.063608,100,10,4
G376587_1270636,37.658723,127.063608,100,16,9
G376596_1270636,37.659628,127.063608,100,17,5
G376605_1270636,37.660533,127.063608,100,16,3
G376479_1270647,37.647867,127.064743,100,13,3
G376488_1270647,37.648772,127.064743,100,14,5
G376497_1270647,37.649677,127.064743,100,14,5
G376506_1270647,37.650581,127.064743,100,20,7
G376515_1270647,37.651486,127.064743,100,22,7
G376524_1270647,37.652391,127.064743,100,10,5
G376533_1270647,37.653295,127.064743,100,12,4
G376542_1270647,37.6542,127.064743,100,12,4
G376551_1270647,37.655105,127.064743,100,18,5
G376560_1270647,37.656009,127.064743,100,16,10
G376569_1270647,37.656914,127.064743,100,14,9
G376578_1270647,37.657819,127.064743,100,11,4
G376587_1270647,37.658723,127.064743,100,12,4
G376596_1270647,37.659628,127.064743,100,8,5
G376605_1270647,37.660533,127.064743,100,12,6
G376314_1270176,37.631367,127.017559,100,16,2
G376323_1270176,37.632272,127.017559,100,12,5
G376332_1270176,37.633177,127.017559,100,20,7
G376341_1270176,37.634081,127.017559,100,12,5
G376350_1270176,37.634986,127.017559,100,18,4
G376359_1270176,37.635891,127.017559,100,18,7
G376368_1270176,37.636795,127.017559,100,13,9
G376377_1270176,37.6377,127.017559,100,19,6
G376386_1270176,37.638605,127.017559,100,22,5
G376395_1270176,37.639509,127.017559,100,23,6
G376404_1270176,37.640414,127.017559,100,13,9
G376413_1270176,37.641319,127.017559,100,22,8
G376422_1270176,37.642223,127.017559,100,20,4
G376431_1270176,37.643128,127.017559,100,15,6
G376440_1270176,37.644033,127.017559,100,8,2
G376314_1270187,37.631367,127.018694,100,10,6
G376323_1270187,37.632272,127.018694,100,17,6
G376332_1270187,37.633177,127.018694,100,18,4
G376341_1270187,37.634081,127.018694,100,23,6
G376350_1270187,37.634986,127.018694,100,24,7
G376359_1270187,37.635891,127.018694,100,21,5
G376368_1270187,37.636795,127.018694,100,15,7
G376377_1270187,37.6377,127.018694,100,25,5
G376386_1270187,37.638605,127.018694,100,19,10
G376395_1270187,37.639509,127.018694,100,12,5
G376404_1270187,37.640414,127.018694,100,11,8
G376413_1270187,37.641319,127.018694,100,16,7
G376422_1270187,37.642223,127.018694,100,22,5
G376431_1270187,37.643128,127.018694,100,18,4
G376440_1270187,37.644033,127.018694,100,9,5
G376314_1270198,37.631367,127.019828,100,21,5
G376323_1270198,37.632272,127.019828,100,11,5
G376332_1270198,37.633177,127.019828,100,16,8
G376341_1270198,37.634081,127.019828,100,15,10
G376350_1270198,37.634986,127.019828,100,23,12
G376359_1270198,37.635891,127.019828,100,34,13
G376368_1270198,37.636795,127.019828,100,36,14
G376377_1270198,37.6377,127.019828,100,20,5
G376386_1270198,37.638605,127.019828,100,16,11
G376395_1270198,37.639509,127.019828,100,14,11
G376404_1270198,37.640414,127.019828,100,14,12
G376413_1270198,37.641319,127.019828,100,15,8
G376422_1270198,37.642223,127.019828,100,17,8
G376431_1270198,37.643128,127.019828,100,18,5
G376440_1270198,37.644033,127.019828,100,20,3
G376314_1270210,37.631367,127.020962,100,12,9
G376323_1270210,37.632272,127.020962,100,23,5
G376332_1270210,37.633177,127.020962,100,11,10
G376341_1270210,37.634081,127.020962,100,25,5
G376350_1270210,37.634986,127.020962,100,30,10
G376359_1270210,37.635891,127.020962,100,39,12
G376368_1270210,37.636795,127.020962,100,28,15
G376377_1270210,37.6377,127.020962,100,26,13
G376386_1270210,37.638605,127.020962,100,16,13
G376395_1270210,37.639509,127.020962,100,39,7
G376404_1270210,37.640414,127.020962,100,25,9
G376413_1270210,37.641319,127.020962,100,33,7
G376422_1270210,37.642223,127.020962,100,13,8
G376431_1270210,37.643128,127.020962,100,24,4
G376440_1270210,37.644033,127.020962,100,16,6
G376314_1270221,37.631367,127.022097,100,13,8
G376323_1270221,37.632272,127.022097,100,18,5
G376332_1270221,37.633177,127.022097,100,16,7
G376341_1270221,37.634081,127.022097,100,37,15
G376350_1270221,37.634986,127.022097,100,28,15
G376359_1270221,37.635891,127.022097,100,20,7
G376368_1270221,37.636795,127.022097,100,32,19
G376377_1270221,37.6377,127.022097,100,40,13
G376386_1270221,37.638605,127.022097,100,38,17
G376395_1270221,37.639509,127.022097,100,44,9
G376404_1270221,37.640414,127.022097,100,38,17
G376413_1270221,37.641319,127.022097,100,20,7
G376422_1270221,37.642223,127.022097,100,13,6
G376431_1270221,37.643128,127.022097,100,19,11
G376440_1270221,37.644033,127.022097,100,20,4
G376314_1270232,37.631367,127.023231,100,22,6
G376323_1270232,37.632272,127.023231,100,20,8
G376332_1270232,37.633177,127.023231,100,34,10
G376341_1270232,37.634081,127.023231,100,23,9
G376350_1270232,37.634986,127.023231,100,41,12
G376359_1270232,37.635891,127.023231,100,36,21
G376368_1270232,37.636795,127.023231,100,57,16
G376377_1270232,37.6377,127.023231,100,52,21
G376386_1270232,37.638605,127.023231,100,49,9
G376395_1270232,37.639509,127.023231,100,26,18
G376404_1270232,37.640414,127.023231,100,24,16
G376413_1270232,37.641319,127.023231,100,15,7
G376422_1270232,37.642223,127.023231,100,18,14
G376431_1270232,37.643128,127.023231,100,12,9
G376440_1270232,37.644033,127.023231,100,12,6
G376314_1270244,37.631367,127.024366,100,19,8
G376323_1270244,37.632272,127.024366,100,24,7
G376332_1270244,37.633177,127.024366,100,20,7
G376341_1270244,37.634081,127.024366,100,27,14
G376350_1270244,37.634986,127.024366,100,21,18
G376359_1270244,37.635891,127.024366,100,39,9
G376368_1270244,37.636795,127.024366,100,43,26
G376377_1270244,37.6377,127.024366,100,60,13
G376386_1270244,37.638605,127.024366,100,37,26
G376395_1270244,37.639509,127.024366,100,59,23
G376404_1270244,37.640414,127.024366,100,36,12
G376413_1270244,37.641319,127.024366,100,32,13
G376422_1270244,37.642223,127.024366,100,36,14
G376431_1270244,37.643128,127.024366,100,13,6
G376440_1270244,37.644033,127.024366,100,16,10
G376314_1270255,37.631367,127.0255,100,11,7
G376323_1270255,37.632272,127.0255,100,29,4
G376332_1270255,37.633177,127.0255,100,14,13
G376341_1270255,37.634081,127.0255,100,42,11
G376350_1270255,37.634986,127.0255,100,32,9
G376359_1270255,37.635891,127.0255,100,40,19
G376368_1270255,37.636795,127.0255,100,63,30
G376377_1270255,37.6377,127.0255,100,54,35
G376386_1270255,37.638605,127.0255,100,68,26
G376395_1270255,37.639509,127.0255,100,33,22
G376404_1270255,37.640414,127.0255,100,51,18
G376413_1270255,37.641319,127.0255,100,32,17
G376422_1270255,37.642223,127.0255,100,24,14
G376431_1270255,37.643128,127.0255,100,18,8
G376440_1270255,37.644033,127.0255,100,15,6
G376314_1270266,37.631367,127.026634,100,25,8
G376323_1270266,37.632272,127.026634,100,12,9
G376332_1270266,37.633177,127.026634,100,22,11
G376341_1270266,37.634081,127.026634,100,19,14
G376350_1270266,37.634986,127.026634,100,26,8
G376359_1270266,37.635891,127.026634,100,40,9
G376368_1270266,37.636795,127.026634,100,63,28
G376377_1270266,37.6377,127.026634,100,66,10
G376386_1270266,37.638605,127.026634,100,67,14
G376395_1270266,37.639509,127.026634,100,48,9
G376404_1270266,37.640414,127.026634,100,22,9
G376413_1270266,37.641319,127.026634,100,25,9
G376422_1270266,37.642223,127.026634,100,34,9
G376431_1270266,37.643128,127.026634,100,16,8
G376440_1270266,37.644033,127.026634,100,23,8
G376314_1270278,37.631367,127.027769,100,22,7
G376323_1270278,37.632272,127.027769,100,20,9
G376332_1270278,37.633177,127.027769,100,15,6
G376341_1270278,37.634081,127.027769,100,19,15
G376350_1270278,37.634986,127.027769,100,30,11
G376359_1270278,37.635891,127.027769,100,25,15
G376368_1270278,37.636795,127.027769,100,37,11
G376377_1270278,37.6377,127.027769,100,53,25
G376386_1270278,37.638605,127.027769,100,31,16
G376395_1270278,37.639509,127.027769,100,24,11
G376404_1270278,37.640414,127.027769,100,26,7
G376413_1270278,37.641319,127.027769,100,19,17
G376422_1270278,37.642223,127.027769,100,16,5
G376431_1270278,37.643128,127.027769,100,27,7
G376440_1270278,37.644033,127.027769,100,18,4
G376314_1270289,37.631367,127.028903,100,16,6
G376323_1270289,37.632272,127.028903,100,26,10
G376332_1270289,37.633177,127.028903,100,16,7
G376341_1270289,37.634081,127.028903,100,33,14
G376350_1270289,37.634986,127.028903,100,18,9
G376359_1270289,37.635891,127.028903,100,39,13
G376368_1270289,37.636795,127.028903,100,26,19
G376377_1270289,37.6377,127.028903,100,43,13
G376386_1270289,37.638605,127.028903,100,48,9
G376395_1270289,37.639509,127.028903,100,20,7
G376404_1270289,37.640414,127.028903,100,37,6
G376413_1270289,37.641319,127.028903,100,33,5
G376422_1270289,37.642223,127.028903,100,22,5
G376431_1270289,37.643128,127.028903,100,20,6
G376440_1270289,37.644033,127.028903,100,22,3
G376314_1270300,37.631367,127.030038,100,23,6
G376323_1270300,37.632272,127.030038,100,11,4
G376332_1270300,37.633177,127.030038,100,17,12
G376341_1270300,37.634081,127.030038,100,22,13
G376350_1270300,37.634986,127.030038,100,20,8
G376359_1270300,37.635891,127.030038,100,15,8
G376368_1270300,37.636795,127.030038,100,20,15
G376377_1270300,37.6377,127.030038,100,31,10
G376386_1270300,37.638605,127.030038,100,21,6
G376395_1270300,37.639509,127.030038,100,28,9
G376404_1270300,37.640414,127.030038,100,14,10
G376413_1270300,37.641319,127.030038,100,16,10
G376422_1270300,37.642223,127.030038,100,15,12
G376431_1270300,37.643128,127.030038,100,12,5
G376440_1270300,37.644033,127.030038,100,22,7
G376314_1270312,37.631367,127.031172,100,18,3
G376323_1270312,37.632272,127.031172,100,18,6
G376332_1270312,37.633177,127.031172,100,20,8
G376341_1270312,37.634081,127.031172,100,27,11
G376350_1270312,37.634986,127.031172,100,29,7
G376359_1270312,37.635891,127.031172,100,35,5
G376368_1270312,37.636795,127.031172,100,32,14
G376377_1270312,37.6377,127.031172,100,24,9
G376386_1270312,37.638605,127.031172,100,28,12
G376395_1270312,37.639509,127.031172,100,32,10
G376404_1270312,37.640414,127.031172,100,17,11
G376413_1270312,37.641319,127.031172,100,15,8
G376422_1270312,37.642223,127.031172,100,23,5
G376431_1270312,37.643128,127.031172,100,16,9
G376440_1270312,37.644033,127.031172,100,16,6
G376314_1270323,37.631367,127.032306,100,12,4
G376323_1270323,37.632272,127.032306,100,17,5
G376332_1270323,37.633177,127.032306,100,10,8
G376341_1270323,37.634081,127.032306,100,15,10
G376350_1270323,37.634986,127.032306,100,19,7
G376359_1270323,37.635891,127.032306,100,13,11
G376368_1270323,37.636795,127.032306,100,21,8
G376377_1270323,37.6377,127.032306,100,18,10
G376386_1270323,37.638605,127.032306,100,30,5
G376395_1270323,37.639509,127.032306,100,16,10
G376404_1270323,37.640414,127.032306,100,15,10
G376413_1270323,37.641319,127.032306,100,15,3
G376422_1270323,37.642223,127.032306,100,10,5
G376431_1270323,37.643128,127.032306,100,21,6
G376440_1270323,37.644033,127.032306,100,17,3
G376314_1270334,37.631367,127.033441,100,13,3
G376323_1270334,37.632272,127.033441,100,17,3
G376332_1270334,37.633177,127.033441,100,21,4
G376341_1270334,37.634081,127.033441,100,18,5
G376350_1270334,37.634986,127.033441,100,13,8
G376359_1270334,37.635891,127.033441,100,10,4
G376368_1270334,37.636795,127.033441,100,17,4
G376377_1270334,37.6377,127.033441,100,15,8
G376386_1270334,37.638605,127.033441,100,11,8
G376395_1270334,37.639509,127.033441,100,10,10
G376404_1270334,37.640414,127.033441,100,17,4
G376413_1270334,37.641319,127.033441,100,12,5
G376422_1270334,37.642223,127.033441,100,14,6
G376431_1270334,37.643128,127.033441,100,15,7
G376440_1270334,37.644033,127.033441,100,9,5
G375353_1268325,37.535267,126.83247,100,16,4
G375362_1268325,37.536172,126.83247,100,19,3
G375371_1268325,37.537077,126.83247,100,12,7
G375380_1268325,37.537981,126.83247,100,15,7
G375389_1268325,37.538886,126.83247,100,20,9
G375398_1268325,37.539791,126.83247,100,12,9
G375407_1268325,37.540695,126.83247,100,13,6
G375416_1268325,37.5416,126.83247,100,14,10
G375425_1268325,37.542505,126.83247,100,23,6
G375434_1268325,37.543409,126.83247,100,19,10
G375443_1268325,37.544314,126.83247,100,19,9
G375452_1268325,37.545219,126.83247,100,23,3
G375461_1268325,37.546123,126.83247,100,11,4
G375470_1268325,37.547028,126.83247,100,8,6
G375479_1268325,37.547933,126.83247,100,11,3
G375353_1268336,37.535267,126.833602,100,8,5
G375362_1268336,37.536172,126.833602,100,10,4
G375371_1268336,37.537077,126.833602,100,12,5
G375380_1268336,37.537981,126.833602,100,10,9
G375389_1268336,37.538886,126.833602,100,28,11
G375398_1268336,37.539791,126.833602,100,14,7
G375407_1268336,37.540695,126.833602,100,20,12
G375416_1268336,37.5416,126.833602,100,28,11
G375425_1268336,37.542505,126.833602,100,12,8
G375434_1268336,37.543409,126.833602,100,22,9
G375443_1268336,37.544314,126.833602,100,18,7
G375452_1268336,37.545219,126.833602,100,13,6
G375461_1268336,37.546123,126.833602,100,10,9
G375470_1268336,37.547028,126.833602,100,8,7
G375479_1268336,37.547933,126.833602,100,11,4
G375353_1268347,37.535267,126.834735,100,15,5
G375362_1268347,37.536172,126.834735,100,20,7
G375371_1268347,37.537077,126.834735,100,19,9
G375380_1268347,37.537981,126.834735,100,27,11
G375389_1268347,37.538886,126.834735,100,14,4
G375398_1268347,37.539791,126.834735,100,26,13
G375407_1268347,37.540695,126.834735,100,28,10
G375416_1268347,37.5416,126.834735,100,30,15
G375425_1268347,37.542505,126.834735,100,20,13
G375434_1268347,37.543409,126.834735,100,31,13
G375443_1268347,37.544314,126.834735,100,15,13
G375452_1268347,37.545219,126.834735,100,16,8
G375461_1268347,37.546123,126.834735,100,25,5
G375470_1268347,37.547028,126.834735,100,10,7
G375479_1268347,37.547933,126.834735,100,14,3
G375353_1268359,37.535267,126.835868,100,9,3
G375362_1268359,37.536172,126.835868,100,21,5
G375371_1268359,37.537077,126.835868,100,28,11
G375380_1268359,37.537981,126.835868,100,32,4
G375389_1268359,37.538886,126.835868,100,28,10
G375398_1268359,37.539791,126.835868,100,25,15
G375407_1268359,37.540695,126.835868,100,43,12
G375416_1268359,37.5416,126.835868,100,40,12
G375425_1268359,37.542505,126.835868,100,21,16
G375434_1268359,37.543409,126.835868,100,38,9
G375443_1268359,37.544314,126.835868,100,28,15
G375452_1268359,37.545219,126.835868,100,25,11
G375461_1268359,37.546123,126.835868,100,18,8
G375470_1268359,37.547028,126.835868,100,18,5
G375479_1268359,37.547933,126.835868,100,12,5
G375353_1268370,37.535267,126.837001,100,21,9
G375362_1268370,37.536172,126.837001,100,13,7
G375371_1268370,37.537077,126.837001,100,13,13
G375380_1268370,37.537981,126.837001,100,32,9
G375389_1268370,37.538886,126.837001,100,32,8
G375398_1268370,37.539791,126.837001,100,37,13
G375407_1268370,37.540695,126.837001,100,39,13
G375416_1268370,37.5416,126.837001,100,27,18
G375425_1268370,37.542505,126.837001,100,20,9
G375434_1268370,37.543409,126.837001,100,47,17
G375443_1268370,37.544314,126.837001,100,21,8
G375452_1268370,37.545219,126.837001,100,32,13
G375461_1268370,37.546123,126.837001,100,27,10
G375470_1268370,37.547028,126.837001,100,13,7
G375479_1268370,37.547933,126.837001,100,10,8
G375353_1268381,37.535267,126.838134,100,11,3
G375362_1268381,37.536172,126.838134,100,12,11
G375371_1268381,37.537077,126.838134,100,35,9
G375380_1268381,37.537981,126.838134,100,35,15
G375389_1268381,37.538886,126.838134,100,48,18
G375398_1268381,37.539791,126.838134,100,45,17
G375407_1268381,37.540695,126.838134,100,36,16
G375416_1268381,37.5416,126.838134,100,27,17
G375425_1268381,37.542505,126.838134,100,27,9
G375434_1268381,37.543409,126.838134,100,44,10
G375443_1268381,37.544314,126.838134,100,41,16
G375452_1268381,37.545219,126.838134,100,16,10
G375461_1268381,37.546123,126.838134,100,21,5
G375470_1268381,37.547028,126.838134,100,20,6
G375479_1268381,37.547933,126.838134,100,18,9
G375353_1268393,37.535267,126.839267,100,14,6
G375362_1268393,37.536172,126.839267,100,24,8
G375371_1268393,37.537077,126.839267,100,17,14
G375380_1268393,37.537981,126.839267,100,24,7
G375389_1268393,37.538886,126.839267,100,41,19
G375398_1268393,37.539791,126.839267,100,59,19
G375407_1268393,37.540695,126.839267,100,53,25
G375416_1268393,37.5416,126.839267,100,28,26
G375425_1268393,37.542505,126.839267,100,57,15
G375434_1268393,37.543409,126.839267,100,27,20
G375443_1268393,37.544314,126.839267,100,34,9
G375452_1268393,37.545219,126.839267,100,27,10
G375461_1268393,37.546123,126.839267,100,29,9
G375470_1268393,37.547028,126.839267,100,15,7
G375479_1268393,37.547933,126.839267,100,19,4
G375353_1268404,37.535267,126.8404,100,24,5
G375362_1268404,37.536172,126.8404,100,19,11
G375371_1268404,37.537077,126.8404,100,33,7
G375380_1268404,37.537981,126.8404,100,34,14
G375389_1268404,37.538886,126.8404,100,49,10
G375398_1268404,37.539791,126.8404,100,38,12
G375407_1268404,37.540695,126.8404,100,66,25
G375416_1268404,37.5416,126.8404,100,36,17
G375425_1268404,37.542505,126.8404,100,29,24
G375434_1268404,37.543409,126.8404,100,45,12
G375443_1268404,37.544314,126.8404,100,23,12
G375452_1268404,37.545219,126.8404,100,43,9
G375461_1268404,37.546123,126.8404,100,16,12
G375470_1268404,37.547028,126.8404,100,12,6
G375479_1268404,37.547933,126.8404,100,17,4
G375353_1268415,37.535267,126.841533,100,17,4
G375362_1268415,37.536172,126.841533,100,20,5
G375371_1268415,37.537077,126.841533,100,19,8
G375380_1268415,37.537981,126.841533,100,36,12
G375389_1268415,37.538886,126.841533,100,38,10
G375398_1268415,37.539791,126.841533,100,57,19
G375407_1268415,37.540695,126.841533,100,68,28
G375416_1268415,37.5416,126.841533,100,59,14
G375425_1268415,37.542505,126.841533,100,42,27
G375434_1268415,37.543409,126.841533,100,40,20
G375443_1268415,37.544314,126.841533,100,42,10
G375452_1268415,37.545219,126.841533,100,19,10
G375461_1268415,37.546123,126.841533,100,19,8
G375470_1268415,37.547028,126.841533,100,17,5
G375479_1268415,37.547933,126.841533,100,15,9
G375353_1268427,37.535267,126.842666,100,25,5
G375362_1268427,37.536172,126.842666,100,11,4
G375371_1268427,37.537077,126.842666,100,24,9
G375380_1268427,37.537981,126.842666,100,21,6
G375389_1268427,37.538886,126.842666,100,33,18
G375398_1268427,37.539791,126.842666,100,37,16
G375407_1268427,37.540695,126.842666,100,54,9
G375416_1268427,37.5416,126.842666,100,27,25
G375425_1268427,37.542505,126.842666,100,38,22
G375434_1268427,37.543409,126.842666,100,36,14
G375443_1268427,37.544314,126.842666,100,31,16
G375452_1268427,37.545219,126.842666,100,25,17
G375461_1268427,37.546123,126.842666,100,16,6
G375470_1268427,37.547028,126.842666,100,11,10
G375479_1268427,37.547933,126.842666,100,16,9
G375353_1268438,37.535267,126.843799,100,9,5
G375362_1268438,37.536172,126.843799,100,22,8
G375371_1268438,37.537077,126.843799,100,24,4
G375380_1268438,37.537981,126.843799,100,30,13
G375389_1268438,37.538886,126.843799,100,33,12
G375398_1268438,37.539791,126.843799,100,37,13
G375407_1268438,37.540695,126.843799,100,19,11
G375416_1268438,37.5416,126.843799,100,47,14
G375425_1268438,37.542505,126.843799,100,27,9
G375434_1268438,37.543409,126.843799,100,25,18
G375443_1268438,37.544314,126.843799,100,21,14
G375452_1268438,37.545219,126.843799,100,35,7
G375461_1268438,37.546123,126.843799,100,14,12
G375470_1268438,37.547028,126.843799,100,15,4
G375479_1268438,37.547933,126.843799,100,10,4
G375353_1268449,37.535267,126.844932,100,20,4
G375362_1268449,37.536172,126.844932,100,15,9
G375371_1268449,37.537077,126.844932,100,27,9
G375380_1268449,37.537981,126.844932,100,13,6
G375389_1268449,37.538886,126.844932,100,23,15
G375398_1268449,37.539791,126.844932,100,33,12
G375407_1268449,37.540695,126.844932,100,23,15
G375416_1268449,37.5416,126.844932,100,18,11
G375425_1268449,37.542505,126.844932,100,34,9
G375434_1268449,37.543409,126.844932,100,37,15
G375443_1268449,37.544314,126.844932,100,28,8
G375452_1268449,37.545219,126.844932,100,34,11
G375461_1268449,37.546123,126.844932,100,29,5
G375470_1268449,37.547028,126.844932,100,16,9
G375479_1268449,37.547933,126.844932,100,15,5
G375353_1268461,37.535267,126.846065,100,18,5
G375362_1268461,37.536172,126.846065,100,18,6
G375371_1268461,37.537077,126.846065,100,17,4
G375380_1268461,37.537981,126.846065,100,23,4
G375389_1268461,37.538886,126.846065,100,30,6
G375398_1268461,37.539791,126.846065,100,29,12
G375407_1268461,37.540695,126.846065,100,21,9
G375416_1268461,37.5416,126.846065,100,33,9
G375425_1268461,37.542505,126.846065,100,35,10
G375434_1268461,37.543409,126.846065,100,26,10
G375443_1268461,37.544314,126.846065,100,19,8
G375452_1268461,37.545219,126.846065,100,16,7
G375461_1268461,37.546123,126.846065,100,12,8
G375470_1268461,37.547028,126.846065,100,21,4
G375479_1268461,37.547933,126.846065,100,18,5
G375353_1268472,37.535267,126.847198,100,12,7
G375362_1268472,37.536172,126.847198,100,20,5
G375371_1268472,37.537077,126.847198,100,16,7
G375380_1268472,37.537981,126.847198,100,25,7
G375389_1268472,37.538886,126.847198,100,23,4
G375398_1268472,37.539791,126.847198,100,16,7
G375407_1268472,37.540695,126.847198,100,28,6
G375416_1268472,37.5416,126.847198,100,30,4
G375425_1268472,37.542505,126.847198,100,26,5
G375434_1268472,37.543409,126.847198,100,20,11
G375443_1268472,37.544314,126.847198,100,25,5
G375452_1268472,37.545219,126.847198,100,16,6
G375461_1268472,37.546123,126.847198,100,17,8
G375470_1268472,37.547028,126.847198,100,8,4
G375479_1268472,37.547933,126.847198,100,18,5
G375353_1268483,37.535267,126.84833,100,13,3
G375362_1268483,37.536172,126.84833,100,9,5
G375371_1268483,37.537077,126.84833,100,20,8
G375380_1268483,37.537981,126.84833,100,12,7
G375389_1268483,37.538886,126.84833,100,21,5
G375398_1268483,37.539791,126.84833,100,17,9
G375407_1268483,37.540695,126.84833,100,11,7
G375416_1268483,37.5416,126.84833,100,16,7
G375425_1268483,37.542505,126.84833,100,25,10
G375434_1268483,37.543409,126.84833,100,15,9
G375443_1268483,37.544314,126.84833,100,15,8
G375452_1268483,37.545219,126.84833,100,20,4
G375461_1268483,37.546123,126.84833,100,8,4
G375470_1268483,37.547028,126.84833,100,7,5
G375479_1268483,37.547933,126.84833,100,10,3
G374972_1267581,37.497167,126.758074,100,4,16
G374981_1267581,37.498072,126.758074,100,7,9
G374990_1267581,37.498977,126.758074,100,10,23
G374999_1267581,37.499881,126.758074,100,10,33
G375008_1267581,37.500786,126.758074,100,10,13
G375017_1267581,37.501691,126.758074,100,11,26
G375026_1267581,37.502595,126.758074,100,6,29
G375035_1267581,37.5035,126.758074,100,16,19
G375044_1267581,37.504405,126.758074,100,12,41
G375053_1267581,37.505309,126.758074,100,15,36
G375062_1267581,37.506214,126.758074,100,9,27
G375071_1267581,37.507119,126.758074,100,9,29
G375080_1267581,37.508023,126.758074,100,6,31
G375089_1267581,37.508928,126.758074,100,5,10
G375098_1267581,37.509833,126.758074,100,5,17
G374972_1267592,37.497167,126.759206,100,6,25
G374981_1267592,37.498072,126.759206,100,5,27
G374990_1267592,37.498977,126.759206,100,13,22
G374999_1267592,37.499881,126.759206,100,15,26
G375008_1267592,37.500786,126.759206,100,9,18
G375017_1267592,37.501691,126.759206,100,9,28
G375026_1267592,37.502595,126.759206,100,17,20
G375035_1267592,37.5035,126.759206,100,15,40
G375044_1267592,37.504405,126.759206,100,16,39
G375053_1267592,37.505309,126.759206,100,16,41
G375062_1267592,37.506214,126.759206,100,9,19
G375071_1267592,37.507119,126.759206,100,9,33
G375080_1267592,37.508023,126.759206,100,6,22
G375089_1267592,37.508928,126.759206,100,12,26
G375098_1267592,37.509833,126.759206,100,11,12
G374972_1267603,37.497167,126.760338,100,10,16
G374981_1267603,37.498072,126.760338,100,13,18
G374990_1267603,37.498977,126.760338,100,14,24
G374999_1267603,37.499881,126.760338,100,10,34
G375008_1267603,37.500786,126.760338,100,19,21
G375017_1267603,37.501691,126.760338,100,18,55
G375026_1267603,37.502595,126.760338,100,22,40
G375035_1267603,37.5035,126.760338,100,18,51
G375044_1267603,37.504405,126.760338,100,22,46
G375053_1267603,37.505309,126.760338,100,10,55
G375062_1267603,37.506214,126.760338,100,19,27
G375071_1267603,37.507119,126.760338,100,12,29
G375080_1267603,37.508023,126.760338,100,7,40
G375089_1267603,37.508928,126.760338,100,11,31
G375098_1267603,37.509833,126.760338,100,5,28
G374972_1267615,37.497167,126.761471,100,11,15
G374981_1267615,37.498072,126.761471,100,12,32
G374990_1267615,37.498977,126.761471,100,11,45
G374999_1267615,37.499881,126.761471,100,8,23
G375008_1267615,37.500786,126.761471,100,19,44
G375017_1267615,37.501691,126.761471,100,9,25
G375026_1267615,37.502595,126.761471,100,11,67
G375035_1267615,37.5035,126.761471,100,16,41
G375044_1267615,37.504405,126.761471,100,16,42
G375053_1267615,37.505309,126.761471,100,21,30
G375062_1267615,37.506214,126.761471,100,14,35
G375071_1267615,37.507119,126.761471,100,13,37
G375080_1267615,37.508023,126.761471,100,11,20
G375089_1267615,37.508928,126.761471,100,13,40
G375098_1267615,37.509833,126.761471,100,11,16
G374972_1267626,37.497167,126.762603,100,13,32
G374981_1267626,37.498072,126.762603,100,6,40
G374990_1267626,37.498977,126.762603,100,12,35
G374999_1267626,37.499881,126.762603,100,13,37
G375008_1267626,37.500786,126.762603,100,20,42
G375017_1267626,37.501691,126.762603,100,19,38
G375026_1267626,37.502595,126.762603,100,18,71
G375035_1267626,37.5035,126.762603,100,22,31
G375044_1267626,37.504405,126.762603,100,25,30
G375053_1267626,37.505309,126.762603,100,27,47
G375062_1267626,37.506214,126.762603,100,17,21
G375071_1267626,37.507119,126.762603,100,11,19
G375080_1267626,37.508023,126.762603,100,12,34
G375089_1267626,37.508928,126.762603,100,13,30
G375098_1267626,37.509833,126.762603,100,8,34
G374972_1267637,37.497167,126.763735,100,10,36
G374981_1267637,37.498072,126.763735,100,13,36
G374990_1267637,37.498977,126.763735,100,8,25
G374999_1267637,37.499881,126.763735,100,12,43
G375008_1267637,37.500786,126.763735,100,22,57
G375017_1267637,37.501691,126.763735,100,27,67
G375026_1267637,37.502595,126.763735,100,32,31
G375035_1267637,37.5035,126.763735,100,16,85
G375044_1267637,37.504405,126.763735,100,29,87
G375053_1267637,37.505309,126.763735,100,15,79
G375062_1267637,37.506214,126.763735,100,15,64
G375071_1267637,37.507119,126.763735,100,14,59
G375080_1267637,37.508023,126.763735,100,13,34
G375089_1267637,37.508928,126.763735,100,14,26
G375098_1267637,37.509833,126.763735,100,8,17
G374972_1267649,37.497167,126.764868,100,13,19
G374981_1267649,37.498072,126.764868,100,11,43
G374990_1267649,37.498977,126.764868,100,11,36
G374999_1267649,37.499881,126.764868,100,19,42
G375008_1267649,37.500786,126.764868,100,16,80
G375017_1267649,37.501691,126.764868,100,23,44
G375026_1267649,37.502595,126.764868,100,40,66
G375035_1267649,37.5035,126.764868,100,27,86
G375044_1267649,37.504405,126.764868,100,22,40
G375053_1267649,37.505309,126.764868,100,34,67
G375062_1267649,37.506214,126.764868,100,12,32
G375071_1267649,37.507119,126.764868,100,13,33
G375080_1267649,37.508023,126.764868,100,13,44
G375089_1267649,37.508928,126.764868,100,15,23
G375098_1267649,37.509833,126.764868,100,9,29
G374972_1267660,37.497167,126.766,100,10,22
G374981_1267660,37.498072,126.766,100,16,26
G374990_1267660,37.498977,126.766,100,20,39
G374999_1267660,37.499881,126.766,100,10,62
G375008_1267660,37.500786,126.766,100,23,76
G375017_1267660,37.501691,126.766,100,24,69
G375026_1267660,37.502595,126.766,100,39,59
G375035_1267660,37.5035,126.766,100,43,58
G375044_1267660,37.504405,126.766,100,38,38
G375053_1267660,37.505309,126.766,100,17,35
G375062_1267660,37.506214,126.766,100,20,70
G375071_1267660,37.507119,126.766,100,22,46
G375080_1267660,37.508023,126.766,100,14,34
G375089_1267660,37.508928,126.766,100,15,21
G375098_1267660,37.509833,126.766,100,15,40
G374972_1267671,37.497167,126.767132,100,13,42
G374981_1267671,37.498072,126.767132,100,10,45
G374990_1267671,37.498977,126.767132,100,10,19
G374999_1267671,37.499881,126.767132,100,16,27
G375008_1267671,37.500786,126.767132,100,26,45
G375017_1267671,37.501691,126.767132,100,18,45
G375026_1267671,37.502595,126.767132,100,31,60
G375035_1267671,37.5035,126.767132,100,32,71
G375044_1267671,37.504405,126.767132,100,27,40
G375053_1267671,37.505309,126.767132,100,24,49
G375062_1267671,37.506214,126.767132,100,27,61
G375071_1267671,37.507119,126.767132,100,18,55
G375080_1267671,37.508023,126.767132,100,15,28
G375089_1267671,37.508928,126.767132,100,15,20
G375098_1267671,37.509833,126.767132,100,15,34
G374972_1267683,37.497167,126.768265,100,11,34
G374981_1267683,37.498072,126.768265,100,15,29
G374990_1267683,37.498977,126.768265,100,18,49
G374999_1267683,37.499881,126.768265,100,19,29
G375008_1267683,37.500786,126.768265,100,22,49
G375017_1267683,37.501691,126.768265,100,17,82
G375026_1267683,37.502595,126.768265,100,25,36
G375035_1267683,37.5035,126.768265,100,14,31
G375044_1267683,37.504405,126.768265,100,34,68
G375053_1267683,37.505309,126.768265,100,17,50
G375062_1267683,37.506214,126.768265,100,21,74
G375071_1267683,37.507119,126.768265,100,18,27
G375080_1267683,37.508023,126.768265,100,19,24
G375089_1267683,37.508928,126.768265,100,14,16
G375098_1267683,37.509833,126.768265,100,11,31
G374972_1267694,37.497167,126.769397,100,12,17
G374981_1267694,37.498072,126.769397,100,16,14
G374990_1267694,37.498977,126.769397,100,8,38
G374999_1267694,37.499881,126.769397,100,11,22
G375008_1267694,37.500786,126.769397,100,25,49
G375017_1267694,37.501691,126.769397,100,25,34
G375026_1267694,37.502595,126.769397,100,17,78
G375035_1267694,37.5035,126.769397,100,16,27
G375044_1267694,37.504405,126.769397,100,18,48
G375053_1267694,37.505309,126.769397,100,26,33
G375062_1267694,37.506214,126.769397,100,17,49
G375071_1267694,37.507119,126.769397,100,16,51
G375080_1267694,37.508023,126.769397,100,12,19
G375089_1267694,37.508928,126.769397,100,15,33
G375098_1267694,37.509833,126.769397,100,12,37
G374972_1267705,37.497167,126.770529,100,6,12
G374981_1267705,37.498072,126.770529,100,13,36
G374990_1267705,37.498977,126.770529,100,15,37
G374999_1267705,37.499881,126.770529,100,11,26
G375008_1267705,37.500786,126.770529,100,10,22
G375017_1267705,37.501691,126.770529,100,11,44
G375026_1267705,37.502595,126.770529,100,13,41
G375035_1267705,37.5035,126.770529,100,10,25
G375044_1267705,37.504405,126.770529,100,19,41
G375053_1267705,37.505309,126.770529,100,22,34
G375062_1267705,37.506214,126.770529,100,15,22
G375071_1267705,37.507119,126.770529,100,11,52
G375080_1267705,37.508023,126.770529,100,10,25
G375089_1267705,37.508928,126.770529,100,7,14
G375098_1267705,37.509833,126.770529,100,9,32
G374972_1267717,37.497167,126.771662,100,8,14
G374981_1267717,37.498072,126.771662,100,10,25
G374990_1267717,37.498977,126.771662,100,11,34
G374999_1267717,37.499881,126.771662,100,8,34
G375008_1267717,37.500786,126.771662,100,16,27
G375017_1267717,37.501691,126.771662,100,19,50
G375026_1267717,37.502595,126.771662,100,19,20
G375035_1267717,37.5035,126.771662,100,22,55
G375044_1267717,37.504405,126.771662,100,12,37
G375053_1267717,37.505309,126.771662,100,15,33
G375062_1267717,37.506214,126.771662,100,13,32
G375071_1267717,37.507119,126.771662,100,9,44
G375080_1267717,37.508023,126.771662,100,14,39
G375089_1267717,37.508928,126.771662,100,11,21
G375098_1267717,37.509833,126.771662,100,7,29
G374972_1267728,37.497167,126.772794,100,7,19
G374981_1267728,37.498072,126.772794,100,9,33
G374990_1267728,37.498977,126.772794,100,11,24
G374999_1267728,37.499881,126.772794,100,14,24
G375008_1267728,37.500786,126.772794,100,12,22
G375017_1267728,37.501691,126.772794,100,10,18
G375026_1267728,37.502595,126.772794,100,9,26
G375035_1267728,37.5035,126.772794,100,18,33
G375044_1267728,37.504405,126.772794,100,12,47
G375053_1267728,37.505309,126.772794,100,13,23
G375062_1267728,37.506214,126.772794,100,9,19
G375071_1267728,37.507119,126.772794,100,7,14
G375080_1267728,37.508023,126.772794,100,10,16
G375089_1267728,37.508928,126.772794,100,12,17
G375098_1267728,37.509833,126.772794,100,8,9
G374972_1267739,37.497167,126.773926,100,5,26
G374981_1267739,37.498072,126.773926,100,6,27
G374990_1267739,37.498977,126.773926,100,10,30
G374999_1267739,37.499881,126.773926,100,10,17
G375008_1267739,37.500786,126.773926,100,9,17
G375017_1267739,37.501691,126.773926,100,14,38
G375026_1267739,37.502595,126.773926,100,12,37
G375035_1267739,37.5035,126.773926,100,11,34
G375044_1267739,37.504405,126.773926,100,12,25
G375053_1267739,37.505309,126.773926,100,8,13
G375062_1267739,37.506214,126.773926,100,10,14
G375071_1267739,37.507119,126.773926,100,13,20
G375080_1267739,37.508023,126.773926,100,11,11
G375089_1267739,37.508928,126.773926,100,6,12
G375098_1267739,37.509833,126.773926,100,5,19
G373790_1271155,37.378967,127.115486,100,6,18
G373799_1271155,37.379872,127.115486,100,4,21
G373808_1271155,37.380777,127.115486,100,8,18
G373817_1271155,37.381681,127.115486,100,9,21
G373826_1271155,37.382586,127.115486,100,12,28
G373835_1271155,37.383491,127.115486,100,13,41
G373844_1271155,37.384395,127.115486,100,11,25
G373853_1271155,37.3853,127.115486,100,13,22
G373862_1271155,37.386205,127.115486,100,9,45
G373871_1271155,37.387109,127.115486,100,9,14
G373880_1271155,37.388014,127.115486,100,9,17
G373889_1271155,37.388919,127.115486,100,7,34
G373898_1271155,37.389823,127.115486,100,8,21
G373907_1271155,37.390728,127.115486,100,8,27
G373916_1271155,37.391633,127.115486,100,7,27
G373790_1271166,37.378967,127.116617,100,5,26
G373799_1271166,37.379872,127.116617,100,7,34
G373808_1271166,37.380777,127.116617,100,5,29
G373817_1271166,37.381681,127.116617,100,11,18
G373826_1271166,37.382586,127.116617,100,14,45
G373835_1271166,37.383491,127.116617,100,9,43
G373844_1271166,37.384395,127.116617,100,7,38
G373853_1271166,37.3853,127.116617,100,7,47
G373862_1271166,37.386205,127.116617,100,8,22
G373871_1271166,37.387109,127.116617,100,6,52
G373880_1271166,37.388014,127.116617,100,15,29
G373889_1271166,37.388919,127.116617,100,8,16
G373898_1271166,37.389823,127.116617,100,10,15
G373907_1271166,37.390728,127.116617,100,6,36
G373916_1271166,37.391633,127.116617,100,5,16
G373790_1271177,37.378967,127.117747,100,7,23
G373799_1271177,37.379872,127.117747,100,10,16
G373808_1271177,37.380777,127.117747,100,11,32
G373817_1271177,37.381681,127.117747,100,14,23
G373826_1271177,37.382586,127.117747,100,9,44
G373835_1271177,37.383491,127.117747,100,14,21
G373844_1271177,37.384395,127.117747,100,19,37
G373853_1271177,37.3853,127.117747,100,18,59
G373862_1271177,37.386205,127.117747,100,18,44
G373871_1271177,37.387109,127.117747,100,11,47
G373880_1271177,37.388014,127.117747,100,10,43
G373889_1271177,37.388919,127.117747,100,7,51
G373898_1271177,37.389823,127.117747,100,10,27
G373907_1271177,37.390728,127.117747,100,12,19
G373916_1271177,37.391633,127.117747,100,9,15
G373790_1271189,37.378967,127.118878,100,5,35
G373799_1271189,37.379872,127.118878,100,5,39
G373808_1271189,37.380777,127.118878,100,11,33
G373817_1271189,37.381681,127.118878,100,12,29
G373826_1271189,37.382586,127.118878,100,8,62
G373835_1271189,37.383491,127.118878,100,16,52
G373844_1271189,37.384395,127.118878,100,19,40
G373853_1271189,37.3853,127.118878,100,22,69
G373862_1271189,37.386205,127.118878,100,20,53
G373871_1271189,37.387109,127.118878,100,12,62
G373880_1271189,37.388014,127.118878,100,11,64
G373889_1271189,37.388919,127.118878,100,12,27
G373898_1271189,37.389823,127.118878,100,15,51
G373907_1271189,37.390728,127.118878,100,12,36
G373916_1271189,37.391633,127.118878,100,7,18
G373790_1271200,37.378967,127.120008,100,7,35
G373799_1271200,37.379872,127.120008,100,13,23
G373808_1271200,37.380777,127.120008,100,12,26
G373817_1271200,37.381681,127.120008,100,13,42
G373826_1271200,37.382586,127.120008,100,15,69
G373835_1271200,37.383491,127.120008,100,14,32
G373844_1271200,37.384395,127.120008,100,26,47
G373853_1271200,37.3853,127.120008,100,22,46
G373862_1271200,37.386205,127.120008,100,22,80
G373871_1271200,37.387109,127.120008,100,15,46
G373880_1271200,37.388014,127.120008,100,21,64
G373889_1271200,37.388919,127.120008,100,18,23
G373898_1271200,37.389823,127.120008,100,14,21
G373907_1271200,37.390728,127.120008,100,11,47
G373916_1271200,37.391633,127.120008,100,7,22
G373790_1271211,37.378967,127.121139,100,8,18
G373799_1271211,37.379872,127.121139,100,14,38
G373808_1271211,37.380777,127.121139,100,18,53
G373817_1271211,37.381681,127.121139,100,11,64
G373826_1271211,37.382586,127.121139,100,24,30
G373835_1271211,37.383491,127.121139,100,26,72
G373844_1271211,37.384395,127.121139,100,25,73
G373853_1271211,37.3853,127.121139,100,29,90
G373862_1271211,37.386205,127.121139,100,30,80
G373871_1271211,37.387109,127.121139,100,11,79
G373880_1271211,37.388014,127.121139,100,13,83
G373889_1271211,37.388919,127.121139,100,18,51
G373898_1271211,37.389823,127.121139,100,15,44
G373907_1271211,37.390728,127.121139,100,13,27
G373916_1271211,37.391633,127.121139,100,10,29
G373790_1271223,37.378967,127.122269,100,10,16
G373799_1271223,37.379872,127.122269,100,7,50
G373808_1271223,37.380777,127.122269,100,16,45
G373817_1271223,37.381681,127.122269,100,18,27
G373826_1271223,37.382586,127.122269,100,14,74
G373835_1271223,37.383491,127.122269,100,26,78
G373844_1271223,37.384395,127.122269,100,20,106
G373853_1271223,37.3853,127.122269,100,14,83
G373862_1271223,37.386205,127.122269,100,22,80
G373871_1271223,37.387109,127.122269,100,28,90
G373880_1271223,37.388014,127.122269,100,24,63
G373889_1271223,37.388919,127.122269,100,14,54
G373898_1271223,37.389823,127.122269,100,9,37
G373907_1271223,37.390728,127.122269,100,9,23
G373916_1271223,37.391633,127.122269,100,7,19
G373790_1271234,37.378967,127.1234,100,12,18
G373799_1271234,37.379872,127.1234,100,11,47
G373808_1271234,37.380777,127.1234,100,8,22
G373817_1271234,37.381681,127.1234,100,18,60
G373826_1271234,37.382586,127.1234,100,27,62
G373835_1271234,37.383491,127.1234,100,23,63
G373844_1271234,37.384395,127.1234,100,30,56
G373853_1271234,37.3853,127.1234,100,40,91
G373862_1271234,37.386205,127.1234,100,23,116
G373871_1271234,37.387109,127.1234,100,16,63
G373880_1271234,37.388014,127.1234,100,20,85
G373889_1271234,37.388919,127.1234,100,19,72
G373898_1271234,37.389823,127.1234,100,13,45
G373907_1271234,37.390728,127.1234,100,13,55
G373916_1271234,37.391633,127.1234,100,12,32
G373790_1271245,37.378967,127.124531,100,13,47
G373799_1271245,37.379872,127.124531,100,15,32
G373808_1271245,37.380777,127.124531,100,14,27
G373817_1271245,37.381681,127.124531,100,15,48
G373826_1271245,37.382586,127.124531,100,12,86
G373835_1271245,37.383491,127.124531,100,14,93
G373844_1271245,37.384395,127.124531,100,32,46
G373853_1271245,37.3853,127.124531,100,34,128
G373862_1271245,37.386205,127.124531,100,29,50
G373871_1271245,37.387109,127.124531,100,26,56
G373880_1271245,37.388014,127.124531,100,12,59
G373889_1271245,37.388919,127.124531,100,22,50
G373898_1271245,37.389823,127.124531,100,15,35
G373907_1271245,37.390728,127.124531,100,11,25
G373916_1271245,37.391633,127.124531,100,9,45
G373790_1271257,37.378967,127.125661,100,13,25
G373799_1271257,37.379872,127.125661,100,7,22
G373808_1271257,37.380777,127.125661,100,8,62
G373817_1271257,37.381681,127.125661,100,12,69
G373826_1271257,37.382586,127.125661,100,14,83
G373835_1271257,37.383491,127.125661,100,14,83
G373844_1271257,37.384395,127.125661,100,21,60
G373853_1271257,37.3853,127.125661,100,31,61
G373862_1271257,37.386205,127.125661,100,12,89
G373871_1271257,37.387109,127.125661,100,26,77
G373880_1271257,37.388014,127.125661,100,18,64
G373889_1271257,37.388919,127.125661,100,11,72
G373898_1271257,37.389823,127.125661,100,13,51
G373907_1271257,37.390728,127.125661,100,7,19
G373916_1271257,37.391633,127.125661,100,10,41
G373790_1271268,37.378967,127.126792,100,9,33
G373799_1271268,37.379872,127.126792,100,14,46
G373808_1271268,37.380777,127.126792,100,14,32
G373817_1271268,37.381681,127.126792,100,19,62
G373826_1271268,37.382586,127.126792,100,22,37
G373835_1271268,37.383491,127.126792,100,13,52
G373844_1271268,37.384395,127.126792,100,12,31
G373853_1271268,37.3853,127.126792,100,11,40
G373862_1271268,37.386205,127.126792,100,14,76
G373871_1271268,37.387109,127.126792,100,25,65
G373880_1271268,37.388014,127.126792,100,13,46
G373889_1271268,37.388919,127.126792,100,17,31
G373898_1271268,37.389823,127.126792,100,10,36
G373907_1271268,37.390728,127.126792,100,6,46
G373916_1271268,37.391633,127.126792,100,10,36
G373790_1271279,37.378967,127.127922,100,8,18
G373799_1271279,37.379872,127.127922,100,7,29
G373808_1271279,37.380777,127.127922,100,10,36
G373817_1271279,37.381681,127.127922,100,13,50
G373826_1271279,37.382586,127.127922,100,9,47
G373835_1271279,37.383491,127.127922,100,16,58
G373844_1271279,37.384395,127.127922,100,22,66
G373853_1271279,37.3853,127.127922,100,20,55
G373862_1271279,37.386205,127.127922,100,21,58
G373871_1271279,37.387109,127.127922,100,8,66
G373880_1271279,37.388014,127.127922,100,11,26
G373889_1271279,37.388919,127.127922,100,15,40
G373898_1271279,37.389823,127.127922,100,6,39
G373907_1271279,37.390728,127.127922,100,9,45
G373916_1271279,37.391633,127.127922,100,5,31
G373790_1271291,37.378967,127.129053,100,11,19
G373799_1271291,37.379872,127.129053,100,5,14
G373808_1271291,37.380777,127.129053,100,12,27
G373817_1271291,37.381681,127.129053,100,10,19
G373826_1271291,37.382586,127.129053,100,17,30
G373835_1271291,37.383491,127.129053,100,11,38
G373844_1271291,37.384395,127.129053,100,19,37
G373853_1271291,37.3853,127.129053,100,12,27
G373862_1271291,37.386205,127.129053,100,12,54
G373871_1271291,37.387109,127.129053,100,14,53
G373880_1271291,37.388014,127.129053,100,9,33
G373889_1271291,37.388919,127.129053,100,11,48
G373898_1271291,37.389823,127.129053,100,14,46
G373907_1271291,37.390728,127.129053,100,9,37
G373916_1271291,37.391633,127.129053,100,9,36
G373790_1271302,37.378967,127.130183,100,6,32
G373799_1271302,37.379872,127.130183,100,10,27
G373808_1271302,37.380777,127.130183,100,8,22
G373817_1271302,37.381681,127.130183,100,10,39
G373826_1271302,37.382586,127.130183,100,12,43
G373835_1271302,37.383491,127.130183,100,8,23
G373844_1271302,37.384395,127.130183,100,15,51
G373853_1271302,37.3853,127.130183,100,11,47
G373862_1271302,37.386205,127.130183,100,15,44
G373871_1271302,37.387109,127.130183,100,15,18
G373880_1271302,37.388014,127.130183,100,6,33
G373889_1271302,37.388919,127.130183,100,8,31
G373898_1271302,37.389823,127.130183,100,8,34
G373907_1271302,37.390728,127.130183,100,6,34
G373916_1271302,37.391633,127.130183,100,5,27
G373790_1271313,37.378967,127.131314,100,5,27
G373799_1271313,37.379872,127.131314,100,5,15
G373808_1271313,37.380777,127.131314,100,9,12
G373817_1271313,37.381681,127.131314,100,7,18
G373826_1271313,37.382586,127.131314,100,8,21
G373835_1271313,37.383491,127.131314,100,8,31
G373844_1271313,37.384395,127.131314,100,12,37
G373853_1271313,37.3853,127.131314,100,6,45
G373862_1271313,37.386205,127.131314,100,8,22
G373871_1271313,37.387109,127.131314,100,5,29
G373880_1271313,37.388014,127.131314,100,10,16
G373889_1271313,37.388919,127.131314,100,9,16
G373898_1271313,37.389823,127.131314,100,8,30
G373907_1271313,37.390728,127.131314,100,7,25
G373916_1271313,37.391633,127.131314,100,7,25
G373831_1269427,37.383067,126.942686,100,8,12
G373840_1269427,37.383972,126.942686,100,6,13
G373849_1269427,37.384877,126.942686,100,10,30
G373858_1269427,37.385781,126.942686,100,7,14
G373867_1269427,37.386686,126.942686,100,7,14
G373876_1269427,37.387591,126.942686,100,13,34
G373885_1269427,37.388495,126.942686,100,8,31
G373894_1269427,37.3894,126.942686,100,10,41
G373903_1269427,37.390305,126.942686,100,15,33
G373912_1269427,37.391209,126.942686,100,11,24
G373921_1269427,37.392114,126.942686,100,11,29
G373930_1269427,37.393019,126.942686,100,12,26
G373939_1269427,37.393923,126.942686,100,8,18
G373948_1269427,37.394828,126.942686,100,9,20
G373957_1269427,37.395733,126.942686,100,6,14
G373831_1269438,37.383067,126.943816,100,8,28
G373840_1269438,37.383972,126.943816,100,10,31
G373849_1269438,37.384877,126.943816,100,13,36
G373858_1269438,37.385781,126.943816,100,15,16
G373867_1269438,37.386686,126.943816,100,12,16
G373876_1269438,37.387591,126.943816,100,13,33
G373885_1269438,37.388495,126.943816,100,10,17
G373894_1269438,37.3894,126.943816,100,17,18
G373903_1269438,37.390305,126.943816,100,11,41
G373912_1269438,37.391209,126.943816,100,11,44
G373921_1269438,37.392114,126.943816,100,15,42
G373930_1269438,37.393019,126.943816,100,6,35
G373939_1269438,37.393923,126.943816,100,6,28
G373948_1269438,37.394828,126.943816,100,7,19
G373957_1269438,37.395733,126.943816,100,7,21
G373831_1269449,37.383067,126.944947,100,12,11
G373840_1269449,37.383972,126.944947,100,9,19
G373849_1269449,37.384877,126.944947,100,7,36
G373858_1269449,37.385781,126.944947,100,6,45
G373867_1269449,37.386686,126.944947,100,10,38
G373876_1269449,37.387591,126.944947,100,14,38
G373885_1269449,37.388495,126.944947,100,15,43
G373894_1269449,37.3894,126.944947,100,20,33
G373903_1269449,37.390305,126.944947,100,15,24
G373912_1269449,37.391209,126.944947,100,15,31
G373921_1269449,37.392114,126.944947,100,15,41
G373930_1269449,37.393019,126.944947,100,11,43
G373939_1269449,37.393923,126.944947,100,7,35
G373948_1269449,37.394828,126.944947,100,14,34
G373957_1269449,37.395733,126.944947,100,5,17
G373831_1269461,37.383067,126.946078,100,11,14
G373840_1269461,37.383972,126.946078,100,15,36
G373849_1269461,37.384877,126.946078,100,12,24
G373858_1269461,37.385781,126.946078,100,14,52
G373867_1269461,37.386686,126.946078,100,9,20
G373876_1269461,37.387591,126.946078,100,16,40
G373885_1269461,37.388495,126.946078,100,21,24
G373894_1269461,37.3894,126.946078,100,21,27
G373903_1269461,37.390305,126.946078,100,13,44
G373912_1269461,37.391209,126.946078,100,22,22
G373921_1269461,37.392114,126.946078,100,17,37
G373930_1269461,37.393019,126.946078,100,15,32
G373939_1269461,37.393923,126.946078,100,14,44
G373948_1269461,37.394828,126.946078,100,15,31
G373957_1269461,37.395733,126.946078,100,6,18
G373831_1269472,37.383067,126.947208,100,9,29
G373840_1269472,37.383972,126.947208,100,8,33
G373849_1269472,37.384877,126.947208,100,19,41
G373858_1269472,37.385781,126.947208,100,18,21
G373867_1269472,37.386686,126.947208,100,11,31
G373876_1269472,37.387591,126.947208,100,23,29
G373885_1269472,37.388495,126.947208,100,11,30
G373894_1269472,37.3894,126.947208,100,14,37
G373903_1269472,37.390305,126.947208,100,19,74
G373912_1269472,37.391209,126.947208,100,15,29
G373921_1269472,37.392114,126.947208,100,10,44
G373930_1269472,37.393019,126.947208,100,9,21
G373939_1269472,37.393923,126.947208,100,18,17
G373948_1269472,37.394828,126.947208,100,7,31
G373957_1269472,37.395733,126.947208,100,6,33
G373831_1269483,37.383067,126.948339,100,14,23
G373840_1269483,37.383972,126.948339,100,13,15
G373849_1269483,37.384877,126.948339,100,18,24
G373858_1269483,37.385781,126.948339,100,19,32
G373867_1269483,37.386686,126.948339,100,25,40
G373876_1269483,37.387591,126.948339,100,28,70
G373885_1269483,37.388495,126.948339,100,22,30
G373894_1269483,37.3894,126.948339,100,25,68
G373903_1269483,37.390305,126.948339,100,22,83
G373912_1269483,37.391209,126.948339,100,30,32
G373921_1269483,37.392114,126.948339,100,15,38
G373930_1269483,37.393019,126.948339,100,11,61
G373939_1269483,37.393923,126.948339,100,15,46
G373948_1269483,37.394828,126.948339,100,12,20
G373957_1269483,37.395733,126.948339,100,10,30
G373831_1269495,37.383067,126.949469,100,15,29
G373840_1269495,37.383972,126.949469,100,16,25
G373849_1269495,37.384877,126.949469,100,9,23
G373858_1269495,37.385781,126.949469,100,14,36
G373867_1269495,37.386686,126.949469,100,29,75
G373876_1269495,37.387591,126.949469,100,24,34
G373885_1269495,37.388495,126.949469,100,33,93
G373894_1269495,37.3894,126.949469,100,24,46
G373903_1269495,37.390305,126.949469,100,38,105
G373912_1269495,37.391209,126.949469,100,24,80
G373921_1269495,37.392114,126.949469,100,14,74
G373930_1269495,37.393019,126.949469,100,18,40
G373939_1269495,37.393923,126.949469,100,19,24
G373948_1269495,37.394828,126.949469,100,9,43
G373957_1269495,37.395733,126.949469,100,7,28
G373831_1269506,37.383067,126.9506,100,11,28
G373840_1269506,37.383972,126.9506,100,7,20
G373849_1269506,37.384877,126.9506,100,14,20
G373858_1269506,37.385781,126.9506,100,18,44
G373867_1269506,37.386686,126.9506,100,26,34
G373876_1269506,37.387591,126.9506,100,29,44
G373885_1269506,37.388495,126.9506,100,19,114
G373894_1269506,37.3894,126.9506,100,28,83
G373903_1269506,37.390305,126.9506,100,30,108
G373912_1269506,37.391209,126.9506,100,29,94
G373921_1269506,37.392114,126.9506,100,19,58
G373930_1269506,37.393019,126.9506,100,21,49
G373939_1269506,37.393923,126.9506,100,22,30
G373948_1269506,37.394828,126.9506,100,10,47
G373957_1269506,37.395733,126.9506,100,13,40
G373831_1269517,37.383067,126.951731,100,8,38
G373840_1269517,37.383972,126.951731,100,13,44
G373849_1269517,37.384877,126.951731,100,18,50
G373858_1269517,37.385781,126.951731,100,19,29
G373867_1269517,37.386686,126.951731,100,28,65
G373876_1269517,37.387591,126.951731,100,19,56
G373885_1269517,37.388495,126.951731,100,36,48
G373894_1269517,37.3894,126.951731,100,43,112
G373903_1269517,37.390305,126.951731,100,33,51
G373912_1269517,37.391209,126.951731,100,15,44
G373921_1269517,37.392114,126.951731,100,24,39
G373930_1269517,37.393019,126.951731,100,16,55
G373939_1269517,37.393923,126.951731,100,16,56
G373948_1269517,37.394828,126.951731,100,8,31
G373957_1269517,37.395733,126.951731,100,13,29
G373831_1269529,37.383067,126.952861,100,7,26
G373840_1269529,37.383972,126.952861,100,13,29
G373849_1269529,37.384877,126.952861,100,10,22
G373858_1269529,37.385781,126.952861,100,20,60
G373867_1269529,37.386686,126.952861,100,11,55
G373876_1269529,37.387591,126.952861,100,24,29
G373885_1269529,37.388495,126.952861,100,13,68
G373894_1269529,37.3894,126.952861,100,22,59
G373903_1269529,37.390305,126.952861,100,23,64
G373912_1269529,37.391209,126.952861,100,32,53
G373921_1269529,37.392114,126.952861,100,22,59
G373930_1269529,37.393019,126.952861,100,14,63
G373939_1269529,37.393923,126.952861,100,12,29
G373948_1269529,37.394828,126.952861,100,12,39
G373957_1269529,37.395733,126.952861,100,8,36
G373831_1269540,37.383067,126.953992,100,13,28
G373840_1269540,37.383972,126.953992,100,15,32
G373849_1269540,37.384877,126.953992,100,10,37
G373858_1269540,37.385781,126.953992,100,9,23
G373867_1269540,37.386686,126.953992,100,18,60
G373876_1269540,37.387591,126.953992,100,27,54
G373885_1269540,37.388495,126.953992,100,18,62
G373894_1269540,37.3894,126.953992,100,12,59
G373903_1269540,37.390305,126.953992,100,19,40
G373912_1269540,37.391209,126.953992,100,15,26
G373921_1269540,37.392114,126.953992,100,19,60
G373930_1269540,37.393019,126.953992,100,14,59
G373939_1269540,37.393923,126.953992,100,18,42
G373948_1269540,37.394828,126.953992,100,12,32
G373957_1269540,37.395733,126.953992,100,8,31
G373831_1269551,37.383067,126.955122,100,11,12
G373840_1269551,37.383972,126.955122,100,13,16
G373849_1269551,37.384877,126.955122,100,9,35
G373858_1269551,37.385781,126.955122,100,19,43
G373867_1269551,37.386686,126.955122,100,11,19
G373876_1269551,37.387591,126.955122,100,11,28
G373885_1269551,37.388495,126.955122,100,25,40
G373894_1269551,37.3894,126.955122,100,20,59
G373903_1269551,37.390305,126.955122,100,12,51
G373912_1269551,37.391209,126.955122,100,21,64
G373921_1269551,37.392114,126.955122,100,17,24
G373930_1269551,37.393019,126.955122,100,12,49
G373939_1269551,37.393923,126.955122,100,7,15
G373948_1269551,37.394828,126.955122,100,13,27
G373957_1269551,37.395733,126.955122,100,11,31
G373831_1269563,37.383067,126.956253,100,4,30
G373840_1269563,37.383972,126.956253,100,8,20
G373849_1269563,37.384877,126.956253,100,11,38
G373858_1269563,37.385781,126.956253,100,10,32
G373867_1269563,37.386686,126.956253,100,15,51
G373876_1269563,37.387591,126.956253,100,18,27
G373885_1269563,37.388495,126.956253,100,10,43
G373894_1269563,37.3894,126.956253,100,12,57
G373903_1269563,37.390305,126.956253,100,15,51
G373912_1269563,37.391209,126.956253,100,17,28
G373921_1269563,37.392114,126.956253,100,16,29
G373930_1269563,37.393019,126.956253,100,12,29
G373939_1269563,37.393923,126.956253,100,6,22
G373948_1269563,37.394828,126.956253,100,8,34
G373957_1269563,37.395733,126.956253,100,11,16
G373831_1269574,37.383067,126.957384,100,10,21
G373840_1269574,37.383972,126.957384,100,11,13
G373849_1269574,37.384877,126.957384,100,12,30
G373858_1269574,37.385781,126.957384,100,7,22
G373867_1269574,37.386686,126.957384,100,15,28
G373876_1269574,37.387591,126.957384,100,15,38
G373885_1269574,37.388495,126.957384,100,16,35
G373894_1269574,37.3894,126.957384,100,18,23
G373903_1269574,37.390305,126.957384,100,14,23
G373912_1269574,37.391209,126.957384,100,8,28
G373921_1269574,37.392114,126.957384,100,15,20
G373930_1269574,37.393019,126.957384,100,10,33
G373939_1269574,37.393923,126.957384,100,5,23
G373948_1269574,37.394828,126.957384,100,9,30
G373957_1269574,37.395733,126.957384,100,6,21
G373831_1269585,37.383067,126.958514,100,7,13
G373840_1269585,37.383972,126.958514,100,8,20
G373849_1269585,37.384877,126.958514,100,8,15
G373858_1269585,37.385781,126.958514,100,7,19
G373867_1269585,37.386686,126.958514,100,7,37
G373876_1269585,37.387591,126.958514,100,6,27
G373885_1269585,37.388495,126.958514,100,11,22
G373894_1269585,37.3894,126.958514,100,15,18
G373903_1269585,37.390305,126.958514,100,15,18
G373912_1269585,37.391209,126.958514,100,14,18
G373921_1269585,37.392114,126.958514,100,13,15
G373930_1269585,37.393019,126.958514,100,7,20
G373939_1269585,37.393923,126.958514,100,8,24
G373948_1269585,37.394828,126.958514,100,7,28
G373957_1269585,37.395733,126.958514,100,8,12
G376521_1267620,37.652067,126.761957,100,8,24
G376530_1267620,37.652972,126.761957,100,4,21
G376539_1267620,37.653877,126.761957,100,8,25
G376548_1267620,37.654781,126.761957,100,10,14
G376557_1267620,37.655686,126.761957,100,12,22
G376566_1267620,37.656591,126.761957,100,15,36
G376575_1267620,37.657495,126.761957,100,11,20
G376584_1267620,37.6584,126.761957,100,11,36
G376593_1267620,37.659305,126.761957,100,10,22
G376602_1267620,37.660209,126.761957,100,14,32
G376611_1267620,37.661114,126.761957,100,11,19
G376620_1267620,37.662019,126.761957,100,9,24
G376629_1267620,37.662923,126.761957,100,7,13
G376638_1267620,37.663828,126.761957,100,5,16
G376647_1267620,37.664733,126.761957,100,7,17
G376521_1267631,37.652067,126.763092,100,8,29
G376530_1267631,37.652972,126.763092,100,10,15
G376539_1267631,37.653877,126.763092,100,13,31
G376548_1267631,37.654781,126.763092,100,9,18
G376557_1267631,37.655686,126.763092,100,14,34
G376566_1267631,37.656591,126.763092,100,18,22
G376575_1267631,37.657495,126.763092,100,9,25
G376584_1267631,37.6584,126.763092,100,11,21
G376593_1267631,37.659305,126.763092,100,17,37
G376602_1267631,37.660209,126.763092,100,15,22
G376611_1267631,37.661114,126.763092,100,12,20
G376620_1267631,37.662019,126.763092,100,7,25
G376629_1267631,37.662923,126.763092,100,8,26
G376638_1267631,37.663828,126.763092,100,8,18
G376647_1267631,37.664733,126.763092,100,7,23
G376521_1267642,37.652067,126.764226,100,6,16
G376530_1267642,37.652972,126.764226,100,13,14
G376539_1267642,37.653877,126.764226,100,7,18
G376548_1267642,37.654781,126.764226,100,17,20
G376557_1267642,37.655686,126.764226,100,12,38
G376566_1267642,37.656591,126.764226,100,19,42
G376575_1267642,37.657495,126.764226,100,17,38
G376584_1267642,37.6584,126.764226,100,16,57
G376593_1267642,37.659305,126.764226,100,16,23
G376602_1267642,37.660209,126.764226,100,9,26
G376611_1267642,37.661114,126.764226,100,16,35
G376620_1267642,37.662019,126.764226,100,11,33
G376629_1267642,37.662923,126.764226,100,6,30
G376638_1267642,37.663828,126.764226,100,6,35
G376647_1267642,37.664733,126.764226,100,6,31
G376521_1267654,37.652067,126.765361,100,5,27
G376530_1267654,37.652972,126.765361,100,12,16
G376539_1267654,37.653877,126.765361,100,14,23
G376548_1267654,37.654781,126.765361,100,15,51
G376557_1267654,37.655686,126.765361,100,17,21
G376566_1267654,37.656591,126.765361,100,10,46
G376575_1267654,37.657495,126.765361,100,19,66
G376584_1267654,37.6584,126.765361,100,13,56
G376593_1267654,37.659305,126.765361,100,26,53
G376602_1267654,37.660209,126.765361,100,17,38
G376611_1267654,37.661114,126.765361,100,11,46
G376620_1267654,37.662019,126.765361,100,19,20
G376629_1267654,37.662923,126.765361,100,7,35
G376638_1267654,37.663828,126.765361,100,9,30
G376647_1267654,37.664733,126.765361,100,9,19
G376521_1267665,37.652067,126.766496,100,7,29
G376530_1267665,37.652972,126.766496,100,17,38
G376539_1267665,37.653877,126.766496,100,11,44
G376548_1267665,37.654781,126.766496,100,17,54
G376557_1267665,37.655686,126.766496,100,15,62
G376566_1267665,37.656591,126.766496,100,27,51
G376575_1267665,37.657495,126.766496,100,13,57
G376584_1267665,37.6584,126.766496,100,16,49
G376593_1267665,37.659305,126.766496,100,16,72
G376602_1267665,37.660209,126.766496,100,15,60
G376611_1267665,37.661114,126.766496,100,10,47
G376620_1267665,37.662019,126.766496,100,15,31
G376629_1267665,37.662923,126.766496,100,7,16
G376638_1267665,37.663828,126.766496,100,12,19
G376647_1267665,37.664733,126.766496,100,11,21
G376521_1267676,37.652067,126.767631,100,6,19
G376530_1267676,37.652972,126.767631,100,10,40
G376539_1267676,37.653877,126.767631,100,16,17
G376548_1267676,37.654781,126.767631,100,14,32
G376557_1267676,37.655686,126.767631,100,15,47
G376566_1267676,37.656591,126.767631,100,23,43
G376575_1267676,37.657495,126.767631,100,31,48
G376584_1267676,37.6584,126.767631,100,35,52
G376593_1267676,37.659305,126.767631,100,16,71
G376602_1267676,37.660209,126.767631,100,32,71
G376611_1267676,37.661114,126.767631,100,25,64
G376620_1267676,37.662019,126.767631,100,23,34
G376629_1267676,37.662923,126.767631,100,13,21
G376638_1267676,37.663828,126.767631,100,10,21
G376647_1267676,37.664733,126.767631,100,9,31
G376521_1267688,37.652067,126.768765,100,8,33
G376530_1267688,37.652972,126.768765,100,11,39
G376539_1267688,37.653877,126.768765,100,11,28
G376548_1267688,37.654781,126.768765,100,13,24
G376557_1267688,37.655686,126.768765,100,20,26
G376566_1267688,37.656591,126.768765,100,15,51
G376575_1267688,37.657495,126.768765,100,29,50
G376584_1267688,37.6584,126.768765,100,21,51
G376593_1267688,37.659305,126.768765,100,25,81
G376602_1267688,37.660209,126.768765,100,28,65
G376611_1267688,37.661114,126.768765,100,29,49
G376620_1267688,37.662019,126.768765,100,14,40
G376629_1267688,37.662923,126.768765,100,15,31
G376638_1267688,37.663828,126.768765,100,7,17
G376647_1267688,37.664733,126.768765,100,12,25
G376521_1267699,37.652067,126.7699,100,15,25
G376530_1267699,37.652972,126.7699,100,11,29
G376539_1267699,37.653877,126.7699,100,16,23
G376548_1267699,37.654781,126.7699,100,20,35
G376557_1267699,37.655686,126.7699,100,20,53
G376566_1267699,37.656591,126.7699,100,32,59
G376575_1267699,37.657495,126.7699,100,41,50
G376584_1267699,37.6584,126.7699,100,21,130
G376593_1267699,37.659305,126.7699,100,32,106
G376602_1267699,37.660209,126.7699,100,24,61
G376611_1267699,37.661114,126.7699,100,28,33
G376620_1267699,37.662019,126.7699,100,15,46
G376629_1267699,37.662923,126.7699,100,10,32
G376638_1267699,37.663828,126.7699,100,13,49
G376647_1267699,37.664733,126.7699,100,16,34
G376521_1267710,37.652067,126.771035,100,7,42
G376530_1267710,37.652972,126.771035,100,16,44
G376539_1267710,37.653877,126.771035,100,9,29
G376548_1267710,37.654781,126.771035,100,10,54
G376557_1267710,37.655686,126.771035,100,13,75
G376566_1267710,37.656591,126.771035,100,29,53
G376575_1267710,37.657495,126.771035,100,25,53
G376584_1267710,37.6584,126.771035,100,25,49
G376593_1267710,37.659305,126.771035,100,34,78
G376602_1267710,37.660209,126.771035,100,32,30
G376611_1267710,37.661114,126.771035,100,16,41
G376620_1267710,37.662019,126.771035,100,16,26
G376629_1267710,37.662923,126.771035,100,11,27
G376638_1267710,37.663828,126.771035,100,17,44
G376647_1267710,37.664733,126.771035,100,10,34
G376521_1267722,37.652067,126.772169,100,14,14
G376530_1267722,37.652972,126.772169,100,13,40
G376539_1267722,37.653877,126.772169,100,17,34
G376548_1267722,37.654781,126.772169,100,22,46
G376557_1267722,37.655686,126.772169,100,26,71
G376566_1267722,37.656591,126.772169,100,13,49
G376575_1267722,37.657495,126.772169,100,14,70
G376584_1267722,37.6584,126.772169,100,14,85
G376593_1267722,37.659305,126.772169,100,18,79
G376602_1267722,37.660209,126.772169,100,12,67
G376611_1267722,37.661114,126.772169,100,17,73
G376620_1267722,37.662019,126.772169,100,13,22
G376629_1267722,37.662923,126.772169,100,13,52
G376638_1267722,37.663828,126.772169,100,16,22
G376647_1267722,37.664733,126.772169,100,11,24
G376521_1267733,37.652067,126.773304,100,10,31
G376530_1267733,37.652972,126.773304,100,9,24
G376539_1267733,37.653877,126.773304,100,19,37
G376548_1267733,37.654781,126.773304,100,12,21
G376557_1267733,37.655686,126.773304,100,19,50
G376566_1267733,37.656591,126.773304,100,17,32
G376575_1267733,37.657495,126.773304,100,17,57
G376584_1267733,37.6584,126.773304,100,28,56
G376593_1267733,37.659305,126.773304,100,13,62
G376602_1267733,37.660209,126.773304,100,27,31
G376611_1267733,37.661114,126.773304,100,25,41
G376620_1267733,37.662019,126.773304,100,21,58
G376629_1267733,37.662923,126.773304,100,9,21
G376638_1267733,37.663828,126.773304,100,6,27
G376647_1267733,37.664733,126.773304,100,7,21
G376521_1267744,37.652067,126.774439,100,11,31
G376530_1267744,37.652972,126.774439,100,6,38
G376539_1267744,37.653877,126.774439,100,9,26
G376548_1267744,37.654781,126.774439,100,17,24
G376557_1267744,37.655686,126.774439,100,17,48
G376566_1267744,37.656591,126.774439,100,21,50
G376575_1267744,37.657495,126.774439,100,19,50
G376584_1267744,37.6584,126.774439,100,14,29
G376593_1267744,37.659305,126.774439,100,16,41
G376602_1267744,37.660209,126.774439,100,24,46
G376611_1267744,37.661114,126.774439,100,11,32
G376620_1267744,37.662019,126.774439,100,15,24
G376629_1267744,37.662923,126.774439,100,11,38
G376638_1267744,37.663828,126.774439,100,8,37
G376647_1267744,37.664733,126.774439,100,5,31
G376521_1267756,37.652067,126.775574,100,8,16
G376530_1267756,37.652972,126.775574,100,12,31
G376539_1267756,37.653877,126.775574,100,14,25
G376548_1267756,37.654781,126.775574,100,10,45
G376557_1267756,37.655686,126.775574,100,17,41
G376566_1267756,37.656591,126.775574,100,17,18
G376575_1267756,37.657495,126.775574,100,13,48
G376584_1267756,37.6584,126.775574,100,18,37
G376593_1267756,37.659305,126.775574,100,18,57
G376602_1267756,37.660209,126.775574,100,8,25
G376611_1267756,37.661114,126.775574,100,17,19
G376620_1267756,37.662019,126.775574,100,9,30
G376629_1267756,37.662923,126.775574,100,8,23
G376638_1267756,37.663828,126.775574,100,6,12
G376647_1267756,37.664733,126.775574,100,8,29
G376521_1267767,37.652067,126.776708,100,5,10
G376530_1267767,37.652972,126.776708,100,7,25
G376539_1267767,37.653877,126.776708,100,7,19
G376548_1267767,37.654781,126.776708,100,7,15
G376557_1267767,37.655686,126.776708,100,9,32
G376566_1267767,37.656591,126.776708,100,12,27
G376575_1267767,37.657495,126.776708,100,8,44
G376584_1267767,37.6584,126.776708,100,19,30
G376593_1267767,37.659305,126.776708,100,15,37
G376602_1267767,37.660209,126.776708,100,13,32
G376611_1267767,37.661114,126.776708,100,9,41
G376620_1267767,37.662019,126.776708,100,13,32
G376629_1267767,37.662923,126.776708,100,11,34
G376638_1267767,37.663828,126.776708,100,9,15
G376647_1267767,37.664733,126.776708,100,8,26
G376521_1267778,37.652067,126.777843,100,4,25
G376530_1267778,37.652972,126.777843,100,8,27
G376539_1267778,37.653877,126.777843,100,11,11
G376548_1267778,37.654781,126.777843,100,6,30
G376557_1267778,37.655686,126.777843,100,8,22
G376566_1267778,37.656591,126.777843,100,8,25
G376575_1267778,37.657495,126.777843,100,10,31
G376584_1267778,37.6584,126.777843,100,9,32
G376593_1267778,37.659305,126.777843,100,7,35
G376602_1267778,37.660209,126.777843,100,11,20
G376611_1267778,37.661114,126.777843,100,12,17
G376620_1267778,37.662019,126.777843,100,6,18
G376629_1267778,37.662923,126.777843,100,10,22
G376638_1267778,37.663828,126.777843,100,7,17
G376647_1267778,37.664733,126.777843,100,8,10
