{
 "type": "FeatureCollection",
 "properties": {
  "주의": "합성 예시 데이터입니다. 실제 OSM 보행 네트워크 등시선이 아닙니다."
 },
 "features": [
  {
   "type": "Feature",
   "properties": {
    "대상": "성수 연무장길",
    "구간": "P10",
    "생성": "합성(예시)"
   },
   "geometry": {
    "type": "Polygon",
    "coordinates": [
     [
      [
       127.060905,
       37.5445
      ],
      [
       127.061449,
       37.544902
      ],
      [
       127.061896,
       37.545372
      ],
      [
       127.062239,
       37.545899
      ],
      [
       127.063098,
       37.54665
      ],
      [
       127.0628,
       37.547144
      ],
      [
       127.0619,
       37.547358
      ],
      [
       127.061968,
       37.548005
      ],
      [
       127.061545,
       37.548416
      ],
      [
       127.060504,
       37.548336
      ],
      [
       127.059769,
       37.548372
      ],
      [
       127.059557,
       37.548898
      ],
      [
       127.059182,
       37.549316
      ],
      [
       127.058277,
       37.548913
      ],
      [
       127.057939,
       37.549411
      ],
      [
       127.057169,
       37.548877
      ],
      [
       127.056726,
       37.549148
      ],
      [
       127.056242,
       37.54945
      ],
      [
       127.0557,
       37.549634
      ],
      [
       127.055185,
       37.549199
      ],
      [
       127.054488,
       37.54999
      ],
      [
       127.053957,
       37.549695
      ],
      [
       127.053177,
       37.550034
      ],
      [
       127.052559,
       37.549878
      ],
      [
       127.051986,
       37.549636
      ],
      [
       127.0514,
       37.549404
      ],
      [
       127.050913,
       37.549055
      ],
      [
       127.050417,
       37.548718
      ],
      [
       127.049611,
       37.54858
      ],
      [
       127.049464,
       37.547987
      ],
      [
       127.048914,
       37.547628
      ],
      [
       127.049448,
       37.546828
      ],
      [
       127.049156,
       37.546402
      ],
      [
       127.048888,
       37.545957
      ],
      [
       127.048946,
       37.545451
      ],
      [
       127.049851,
       37.544909
      ],
      [
       127.050657,
       37.5445
      ],
      [
       127.051319,
       37.544194
      ],
      [
       127.051512,
       37.54391
      ],
      [
       127.052188,
       37.543749
      ],
      [
       127.052921,
       37.543692
      ],
      [
       127.053258,
       37.543591
      ],
      [
       127.053845,
       37.543645
      ],
      [
       127.053785,
       37.543429
      ],
      [
       127.053377,
       37.542944
      ],
      [
       127.053383,
       37.54265
      ],
      [
       127.052883,
       37.541819
      ],
      [
       127.053026,
       37.541451
      ],
      [
       127.052972,
       37.540728
      ],
      [
       127.052947,
       37.539786
      ],
      [
       127.053431,
       37.539523
      ],
      [
       127.053835,
       37.538944
      ],
      [
       127.054405,
       37.538635
      ],
      [
       127.055068,
       37.53873
      ],
      [
       127.0557,
       37.538129
      ],
      [
       127.056331,
       37.538746
      ],
      [
       127.056831,
       37.539378
      ],
      [
       127.057354,
       37.53957
      ],
      [
       127.057714,
       37.540081
      ],
      [
       127.057928,
       37.540684
      ],
      [
       127.058258,
       37.540962
      ],
      [
       127.058055,
       37.541815
      ],
      [
       127.058078,
       37.542237
      ],
      [
       127.057904,
       37.542741
      ],
      [
       127.057825,
       37.543076
      ],
      [
       127.057579,
       37.543449
      ],
      [
       127.057395,
       37.543719
      ],
      [
       127.057772,
       37.543729
      ],
      [
       127.058585,
       37.543661
      ],
      [
       127.058809,
       37.543835
      ],
      [
       127.059746,
       37.54393
      ],
      [
       127.060388,
       37.544173
      ],
      [
       127.060905,
       37.5445
      ]
     ]
    ]
   }
  },
  {
   "type": "Feature",
   "properties": {
    "대상": "성수 연무장길",
    "구간": "P5",
    "생성": "합성(예시)"
   },
   "geometry": {
    "type": "Polygon",
    "coordinates": [
     [
      [
       127.057679,
       37.5445
      ],
      [
       127.057456,
       37.544623
      ],
      [
       127.057073,
       37.544693
      ],
      [
       127.057451,
       37.544875
      ],
      [
       127.057756,
       37.545098
      ],
      [
       127.058093,
       37.545391
      ],
      [
       127.058386,
       37.545738
      ],
      [
       127.058436,
       37.54603
      ],
      [
       127.058598,
       37.546442
      ],
      [
       127.058256,
       37.546541
      ],
      [
       127.05787,
       37.546565
      ],
      [
       127.057681,
       37.546759
      ],
      [
       127.057449,
       37.546919
      ],
      [
       127.05714,
       37.546966
      ],
      [
       127.056746,
       37.546795
      ],
      [
       127.056505,
       37.546899
      ],
      [
       127.056223,
       37.546866
      ],
      [
       127.055971,
       37.546976
      ],
      [
       127.0557,
       37.546937
      ],
      [
       127.055426,
       37.547001
      ],
      [
       127.05527,
       37.546449
      ],
      [
       127.055135,
       37.546184
      ],
      [
       127.055058,
       37.545909
      ],
      [
       127.055096,
       37.545535
      ],
      [
       127.054832,
       37.5457
      ],
      [
       127.054422,
       37.545958
      ],
      [
       127.053946,
       37.546169
      ],
      [
       127.053207,
       37.546491
      ],
      [
       127.052736,
       37.546486
      ],
      [
       127.052554,
       37.546259
      ],
      [
       127.052607,
       37.545926
      ],
      [
       127.052265,
       37.545779
      ],
      [
       127.052056,
       37.545559
      ],
      [
       127.052378,
       37.545211
      ],
      [
       127.052048,
       37.545014
      ],
      [
       127.052584,
       37.544718
      ],
      [
       127.05242,
       37.5445
      ],
      [
       127.052644,
       37.544287
      ],
      [
       127.052569,
       37.544059
      ],
      [
       127.05286,
       37.543892
      ],
      [
       127.05293,
       37.543695
      ],
      [
       127.052992,
       37.543492
      ],
      [
       127.052801,
       37.543164
      ],
      [
       127.053024,
       37.543004
      ],
      [
       127.053146,
       37.542789
      ],
      [
       127.053415,
       37.542675
      ],
      [
       127.053501,
       37.542408
      ],
      [
       127.053759,
       37.542287
      ],
      [
       127.053764,
       37.541822
      ],
      [
       127.05411,
       37.541777
      ],
      [
       127.05446,
       37.54178
      ],
      [
       127.054654,
       37.541382
      ],
      [
       127.055061,
       37.541608
      ],
      [
       127.055376,
       37.541539
      ],
      [
       127.0557,
       37.541441
      ],
      [
       127.056031,
       37.541481
      ],
      [
       127.05633,
       37.541648
      ],
      [
       127.05656,
       37.541938
      ],
      [
       127.056643,
       37.542431
      ],
      [
       127.056783,
       37.542645
      ],
      [
       127.056809,
       37.542966
      ],
      [
       127.056797,
       37.543249
      ],
      [
       127.056809,
       37.543444
      ],
      [
       127.056648,
       37.543743
      ],
      [
       127.056587,
       37.543906
      ],
      [
       127.056662,
       37.543962
      ],
      [
       127.056964,
       37.543917
      ],
      [
       127.057309,
       37.543901
      ],
      [
       127.057469,
       37.543986
      ],
      [
       127.05772,
       37.544068
      ],
      [
       127.057624,
       37.544229
      ],
      [
       127.057632,
       37.544365
      ],
      [
       127.057679,
       37.5445
      ]
     ]
    ]
   }
  },
  {
   "type": "Feature",
   "properties": {
    "대상": "강남역 11번출구",
    "구간": "P10",
    "생성": "합성(예시)"
   },
   "geometry": {
    "type": "Polygon",
    "coordinates": [
     [
      [
       127.033341,
       37.4979
      ],
      [
       127.033815,
       37.498334
      ],
      [
       127.033867,
       37.498783
      ],
      [
       127.034278,
       37.49933
      ],
      [
       127.033737,
       37.499685
      ],
      [
       127.033716,
       37.500179
      ],
      [
       127.033023,
       37.500402
      ],
      [
       127.032598,
       37.500696
      ],
      [
       127.032559,
       37.501224
      ],
      [
       127.031772,
       37.501233
      ],
      [
       127.031368,
       37.501487
      ],
      [
       127.030987,
       37.501765
      ],
      [
       127.030471,
       37.501873
      ],
      [
       127.029852,
       37.501758
      ],
      [
       127.029432,
       37.501922
      ],
      [
       127.029014,
       37.502115
      ],
      [
       127.028473,
       37.501854
      ],
      [
       127.028054,
       37.502045
      ],
      [
       127.0276,
       37.502255
      ],
      [
       127.027077,
       37.502677
      ],
      [
       127.026636,
       37.502266
      ],
      [
       127.026072,
       37.502457
      ],
      [
       127.025582,
       37.50233
      ],
      [
       127.024869,
       37.502579
      ],
      [
       127.024417,
       37.502305
      ],
      [
       127.023988,
       37.502021
      ],
      [
       127.023465,
       37.501837
      ],
      [
       127.023548,
       37.501138
      ],
      [
       127.023531,
       37.500628
      ],
      [
       127.023564,
       37.500158
      ],
      [
       127.02393,
       37.499593
      ],
      [
       127.024075,
       37.499213
      ],
      [
       127.024783,
       37.498719
      ],
      [
       127.02523,
       37.498407
      ],
      [
       127.02554,
       37.49819
      ],
      [
       127.024855,
       37.498092
      ],
      [
       127.0246,
       37.4979
      ],
      [
       127.024151,
       37.497659
      ],
      [
       127.023949,
       37.497386
      ],
      [
       127.023702,
       37.497065
      ],
      [
       127.023216,
       37.496625
      ],
      [
       127.02326,
       37.496283
      ],
      [
       127.022848,
       37.495708
      ],
      [
       127.022905,
       37.495273
      ],
      [
       127.023252,
       37.494985
      ],
      [
       127.023365,
       37.494517
      ],
      [
       127.023712,
       37.494198
      ],
      [
       127.023914,
       37.493694
      ],
      [
       127.024615,
       37.49377
      ],
      [
       127.024999,
       37.493444
      ],
      [
       127.02553,
       37.493357
      ],
      [
       127.025945,
       37.492965
      ],
      [
       127.026453,
       37.492701
      ],
      [
       127.027029,
       37.492689
      ],
      [
       127.0276,
       37.492489
      ],
      [
       127.028192,
       37.492498
      ],
      [
       127.028721,
       37.492822
      ],
      [
       127.029245,
       37.492995
      ],
      [
       127.029636,
       37.493431
      ],
      [
       127.029825,
       37.494088
      ],
      [
       127.030267,
       37.494209
      ],
      [
       127.031008,
       37.494011
      ],
      [
       127.031322,
       37.494356
      ],
      [
       127.031359,
       37.494897
      ],
      [
       127.031566,
       37.495241
      ],
      [
       127.031834,
       37.495531
      ],
      [
       127.0321,
       37.495824
      ],
      [
       127.032283,
       37.496155
      ],
      [
       127.032651,
       37.496431
      ],
      [
       127.033295,
       37.496681
      ],
      [
       127.033673,
       37.497044
      ],
      [
       127.03348,
       37.497489
      ],
      [
       127.033341,
       37.4979
      ]
     ]
    ]
   }
  },
  {
   "type": "Feature",
   "properties": {
    "대상": "강남역 11번출구",
    "구간": "P5",
    "생성": "합성(예시)"
   },
   "geometry": {
    "type": "Polygon",
    "coordinates": [
     [
      [
       127.029355,
       37.4979
      ],
      [
       127.028946,
       37.497994
      ],
      [
       127.028563,
       37.498036
      ],
      [
       127.02862,
       37.498118
      ],
      [
       127.028638,
       37.498202
      ],
      [
       127.028518,
       37.498242
      ],
      [
       127.028352,
       37.498247
      ],
      [
       127.028485,
       37.498395
      ],
      [
       127.028763,
       37.49868
      ],
      [
       127.028935,
       37.498967
      ],
      [
       127.029056,
       37.499286
      ],
      [
       127.029136,
       37.499653
      ],
      [
       127.028945,
       37.499761
      ],
      [
       127.028852,
       37.500045
      ],
      [
       127.028536,
       37.499954
      ],
      [
       127.028278,
       37.499921
      ],
      [
       127.0281,
       37.500168
      ],
      [
       127.027838,
       37.500076
      ],
      [
       127.0276,
       37.500173
      ],
      [
       127.027356,
       37.500131
      ],
      [
       127.027068,
       37.500312
      ],
      [
       127.026798,
       37.500293
      ],
      [
       127.026543,
       37.50022
      ],
      [
       127.026276,
       37.500168
      ],
      [
       127.025961,
       37.500168
      ],
      [
       127.025594,
       37.500189
      ],
      [
       127.025328,
       37.500064
      ],
      [
       127.025073,
       37.499919
      ],
      [
       127.024948,
       37.499678
      ],
      [
       127.024935,
       37.499391
      ],
      [
       127.024559,
       37.499303
      ],
      [
       127.024404,
       37.499091
      ],
      [
       127.024674,
       37.498751
      ],
      [
       127.024558,
       37.498551
      ],
      [
       127.024619,
       37.49832
      ],
      [
       127.024714,
       37.498102
      ],
      [
       127.0244,
       37.4979
      ],
      [
       127.024892,
       37.497711
      ],
      [
       127.024962,
       37.497528
      ],
      [
       127.024803,
       37.497301
      ],
      [
       127.025188,
       37.497199
      ],
      [
       127.025303,
       37.497044
      ],
      [
       127.025001,
       37.496701
      ],
      [
       127.02525,
       37.496585
      ],
      [
       127.025579,
       37.496545
      ],
      [
       127.025692,
       37.496376
      ],
      [
       127.025662,
       37.496055
      ],
      [
       127.025901,
       37.495961
      ],
      [
       127.026012,
       37.495703
      ],
      [
       127.026182,
       37.49547
      ],
      [
       127.026467,
       37.495413
      ],
      [
       127.026703,
       37.495225
      ],
      [
       127.026987,
       37.495124
      ],
      [
       127.02731,
       37.495248
      ],
      [
       127.0276,
       37.495115
      ],
      [
       127.027882,
       37.495325
      ],
      [
       127.028121,
       37.495538
      ],
      [
       127.028417,
       37.495464
      ],
      [
       127.028733,
       37.495413
      ],
      [
       127.028726,
       37.49597
      ],
      [
       127.029096,
       37.49583
      ],
      [
       127.029202,
       37.496072
      ],
      [
       127.029353,
       37.49623
      ],
      [
       127.029547,
       37.496344
      ],
      [
       127.029542,
       37.496598
      ],
      [
       127.029762,
       37.49669
      ],
      [
       127.02986,
       37.496858
      ],
      [
       127.030194,
       37.496934
      ],
      [
       127.030032,
       37.497193
      ],
      [
       127.030028,
       37.49738
      ],
      [
       127.029719,
       37.497601
      ],
      [
       127.029571,
       37.497762
      ],
      [
       127.029355,
       37.4979
      ]
     ]
    ]
   }
  },
  {
   "type": "Feature",
   "properties": {
    "대상": "목동 7단지 상가",
    "구간": "P10",
    "생성": "합성(예시)"
   },
   "geometry": {
    "type": "Polygon",
    "coordinates": [
     [
      [
       126.883517,
       37.5262
      ],
      [
       126.883121,
       37.526753
      ],
      [
       126.883634,
       37.527388
      ],
      [
       126.882025,
       37.52766
      ],
      [
       126.881208,
       37.527947
      ],
      [
       126.879826,
       37.527923
      ],
      [
       126.87909,
       37.527994
      ],
      [
       126.877891,
       37.527705
      ],
      [
       126.877481,
       37.527729
      ],
      [
       126.878051,
       37.528477
      ],
      [
       126.878226,
       37.52908
      ],
      [
       126.878062,
       37.529465
      ],
      [
       126.878294,
       37.53048
      ],
      [
       126.877892,
       37.53081
      ],
      [
       126.877468,
       37.531178
      ],
      [
       126.876894,
       37.531249
      ],
      [
       126.876353,
       37.531422
      ],
      [
       126.875819,
       37.531853
      ],
      [
       126.8752,
       37.531915
      ],
      [
       126.874579,
       37.531871
      ],
      [
       126.874093,
       37.531212
      ],
      [
       126.873433,
       37.531466
      ],
      [
       126.872767,
       37.531539
      ],
      [
       126.8722,
       37.531339
      ],
      [
       126.871589,
       37.531196
      ],
      [
       126.870713,
       37.531318
      ],
      [
       126.869699,
       37.531436
      ],
      [
       126.869325,
       37.530892
      ],
      [
       126.869913,
       37.529743
      ],
      [
       126.87047,
       37.528845
      ],
      [
       126.871281,
       37.528007
      ],
      [
       126.871899,
       37.527429
      ],
      [
       126.8723,
       37.527043
      ],
      [
       126.871195,
       37.527057
      ],
      [
       126.870577,
       37.526851
      ],
      [
       126.869354,
       37.526608
      ],
      [
       126.869277,
       37.5262
      ],
      [
       126.869358,
       37.525792
      ],
      [
       126.870299,
       37.52551
      ],
      [
       126.87091,
       37.525282
      ],
      [
       126.871653,
       37.525169
      ],
      [
       126.872755,
       37.525289
      ],
      [
       126.873236,
       37.525295
      ],
      [
       126.87253,
       37.524707
      ],
      [
       126.871851,
       37.523956
      ],
      [
       126.87166,
       37.523373
      ],
      [
       126.871645,
       37.522817
      ],
      [
       126.871238,
       37.521681
      ],
      [
       126.871271,
       37.520765
      ],
      [
       126.871731,
       37.520259
      ],
      [
       126.872368,
       37.519986
      ],
      [
       126.873023,
       37.51971
      ],
      [
       126.873667,
       37.519254
      ],
      [
       126.874493,
       37.519748
      ],
      [
       126.8752,
       37.519563
      ],
      [
       126.875924,
       37.519586
      ],
      [
       126.876518,
       37.52023
      ],
      [
       126.877141,
       37.520414
      ],
      [
       126.877886,
       37.520306
      ],
      [
       126.87829,
       37.520908
      ],
      [
       126.878402,
       37.521771
      ],
      [
       126.87905,
       37.521809
      ],
      [
       126.879758,
       37.521862
      ],
      [
       126.879898,
       37.522448
      ],
      [
       126.880627,
       37.522563
      ],
      [
       126.880392,
       37.523296
      ],
      [
       126.880719,
       37.523655
      ],
      [
       126.881415,
       37.523885
      ],
      [
       126.88176,
       37.524293
      ],
      [
       126.882035,
       37.524737
      ],
      [
       126.882606,
       37.525157
      ],
      [
       126.883252,
       37.525637
      ],
      [
       126.883517,
       37.5262
      ]
     ]
    ]
   }
  },
  {
   "type": "Feature",
   "properties": {
    "대상": "목동 7단지 상가",
    "구간": "P5",
    "생성": "합성(예시)"
   },
   "geometry": {
    "type": "Polygon",
    "coordinates": [
     [
      [
       126.878895,
       37.5262
      ],
      [
       126.878918,
       37.52646
      ],
      [
       126.878781,
       37.526704
      ],
      [
       126.878918,
       37.526996
      ],
      [
       126.878984,
       37.5273
      ],
      [
       126.878657,
       37.527487
      ],
      [
       126.878525,
       37.527733
      ],
      [
       126.878479,
       37.528034
      ],
      [
       126.878126,
       37.528161
      ],
      [
       126.877655,
       37.528161
      ],
      [
       126.877521,
       37.528409
      ],
      [
       126.877247,
       37.528535
      ],
      [
       126.877017,
       37.528713
      ],
      [
       126.876608,
       37.528612
      ],
      [
       126.876264,
       37.528536
      ],
      [
       126.875982,
       37.52853
      ],
      [
       126.875712,
       37.52852
      ],
      [
       126.875492,
       37.528866
      ],
      [
       126.8752,
       37.528713
      ],
      [
       126.874927,
       37.528694
      ],
      [
       126.874607,
       37.528887
      ],
      [
       126.874385,
       37.528629
      ],
      [
       126.874057,
       37.528708
      ],
      [
       126.873831,
       37.528544
      ],
      [
       126.873824,
       37.528104
      ],
      [
       126.873629,
       37.527992
      ],
      [
       126.873594,
       37.527729
      ],
      [
       126.873531,
       37.527533
      ],
      [
       126.8736,
       37.527272
      ],
      [
       126.873803,
       37.526981
      ],
      [
       126.87403,
       37.526739
      ],
      [
       126.873887,
       37.526689
      ],
      [
       126.873547,
       37.52668
      ],
      [
       126.873443,
       37.526576
      ],
      [
       126.873137,
       37.526491
      ],
      [
       126.872945,
       37.526358
      ],
      [
       126.872843,
       37.5262
      ],
      [
       126.872452,
       37.526008
      ],
      [
       126.872551,
       37.525827
      ],
      [
       126.872413,
       37.525603
      ],
      [
       126.872189,
       37.525325
      ],
      [
       126.872504,
       37.525196
      ],
      [
       126.872442,
       37.524928
      ],
      [
       126.872709,
       37.524807
      ],
      [
       126.87268,
       37.524511
      ],
      [
       126.872817,
       37.524296
      ],
      [
       126.872792,
       37.523908
      ],
      [
       126.873154,
       37.523866
      ],
      [
       126.873271,
       37.523532
      ],
      [
       126.87358,
       37.523426
      ],
      [
       126.873913,
       37.523377
      ],
      [
       126.874199,
       37.523216
      ],
      [
       126.874545,
       37.523234
      ],
      [
       126.874854,
       37.523044
      ],
      [
       126.8752,
       37.523132
      ],
      [
       126.875524,
       37.523243
      ],
      [
       126.875852,
       37.523247
      ],
      [
       126.876159,
       37.523341
      ],
      [
       126.876459,
       37.523437
      ],
      [
       126.876676,
       37.523672
      ],
      [
       126.876783,
       37.52401
      ],
      [
       126.876915,
       37.524244
      ],
      [
       126.877253,
       37.524246
      ],
      [
       126.877414,
       37.524431
      ],
      [
       126.877492,
       37.524664
      ],
      [
       126.87797,
       37.524651
      ],
      [
       126.877864,
       37.524971
      ],
      [
       126.878115,
       37.525114
      ],
      [
       126.87815,
       37.525342
      ],
      [
       126.878475,
       37.525499
      ],
      [
       126.878801,
       37.525693
      ],
      [
       126.878719,
       37.525954
      ],
      [
       126.878895,
       37.5262
      ]
     ]
    ]
   }
  },
  {
   "type": "Feature",
   "properties": {
    "대상": "홍대 어울마당로",
    "구간": "P10",
    "생성": "합성(예시)"
   },
   "geometry": {
    "type": "Polygon",
    "coordinates": [
     [
      [
       126.93089,
       37.5572
      ],
      [
       126.931299,
       37.557675
      ],
      [
       126.931649,
       37.558206
      ],
      [
       126.931501,
       37.558698
      ],
      [
       126.931238,
       37.559158
      ],
      [
       126.930634,
       37.559483
      ],
      [
       126.930749,
       37.56008
      ],
      [
       126.929888,
       37.560212
      ],
      [
       126.929512,
       37.560557
      ],
      [
       126.928723,
       37.560572
      ],
      [
       126.928781,
       37.561273
      ],
      [
       126.928257,
       37.561483
      ],
      [
       126.927518,
       37.561373
      ],
      [
       126.927003,
       37.561484
      ],
      [
       126.926355,
       37.561269
      ],
      [
       126.925863,
       37.561262
      ],
      [
       126.925405,
       37.561298
      ],
      [
       126.924921,
       37.56104
      ],
      [
       126.9245,
       37.560804
      ],
      [
       126.924139,
       37.560492
      ],
      [
       126.923907,
       37.559887
      ],
      [
       126.923677,
       37.559653
      ],
      [
       126.923622,
       37.559126
      ],
      [
       126.92355,
       37.558826
      ],
      [
       126.922951,
       37.559343
      ],
      [
       126.922308,
       37.559699
      ],
      [
       126.921579,
       37.559979
      ],
      [
       126.920935,
       37.560046
      ],
      [
       126.91982,
       37.560335
      ],
      [
       126.919302,
       37.560106
      ],
      [
       126.918535,
       37.55995
      ],
      [
       126.918013,
       37.559615
      ],
      [
       126.918273,
       37.559009
      ],
      [
       126.918712,
       37.558438
      ],
      [
       126.917659,
       37.558163
      ],
      [
       126.918602,
       37.557612
      ],
      [
       126.917994,
       37.5572
      ],
      [
       126.919001,
       37.556816
      ],
      [
       126.918698,
       37.556383
      ],
      [
       126.918833,
       37.555988
      ],
      [
       126.919175,
       37.555653
      ],
      [
       126.919392,
       37.555298
      ],
      [
       126.919959,
       37.555107
      ],
      [
       126.919686,
       37.554509
      ],
      [
       126.919803,
       37.554053
      ],
      [
       126.919897,
       37.553525
      ],
      [
       126.920177,
       37.553087
      ],
      [
       126.920853,
       37.553042
      ],
      [
       126.92119,
       37.552623
      ],
      [
       126.921636,
       37.552296
      ],
      [
       126.921993,
       37.551702
      ],
      [
       126.922625,
       37.551612
      ],
      [
       126.923291,
       37.551725
      ],
      [
       126.923873,
       37.551482
      ],
      [
       126.9245,
       37.551694
      ],
      [
       126.925104,
       37.551688
      ],
      [
       126.925672,
       37.551895
      ],
      [
       126.926207,
       37.552115
      ],
      [
       126.926653,
       37.552477
      ],
      [
       126.927078,
       37.552786
      ],
      [
       126.927433,
       37.553144
      ],
      [
       126.927595,
       37.553671
      ],
      [
       126.927231,
       37.554602
      ],
      [
       126.927064,
       37.555153
      ],
      [
       126.92718,
       37.555405
      ],
      [
       126.9268,
       37.555914
      ],
      [
       126.92639,
       37.556329
      ],
      [
       126.926723,
       37.556372
      ],
      [
       126.927393,
       37.556359
      ],
      [
       126.928271,
       37.556393
      ],
      [
       126.928954,
       37.556573
      ],
      [
       126.929575,
       37.556846
      ],
      [
       126.93089,
       37.5572
      ]
     ]
    ]
   }
  },
  {
   "type": "Feature",
   "properties": {
    "대상": "홍대 어울마당로",
    "구간": "P5",
    "생성": "합성(예시)"
   },
   "geometry": {
    "type": "Polygon",
    "coordinates": [
     [
      [
       126.9275,
       37.5572
      ],
      [
       126.927943,
       37.55744
      ],
      [
       126.927722,
       37.557654
      ],
      [
       126.927691,
       37.557883
      ],
      [
       126.927491,
       37.558069
      ],
      [
       126.927502,
       37.558318
      ],
      [
       126.92742,
       37.558546
      ],
      [
       126.927312,
       37.558772
      ],
      [
       126.927116,
       37.558952
      ],
      [
       126.926787,
       37.559026
      ],
      [
       126.926531,
       37.559132
      ],
      [
       126.926171,
       37.559105
      ],
      [
       126.925757,
       37.558938
      ],
      [
       126.925496,
       37.558905
      ],
      [
       126.925169,
       37.558668
      ],
      [
       126.924894,
       37.558372
      ],
      [
       126.924681,
       37.558021
      ],
      [
       126.924558,
       37.557728
      ],
      [
       126.9245,
       37.55754
      ],
      [
       126.924462,
       37.557548
      ],
      [
       126.92437,
       37.557789
      ],
      [
       126.924212,
       37.558059
      ],
      [
       126.923958,
       37.558389
      ],
      [
       126.923421,
       37.559047
      ],
      [
       126.922868,
       37.559457
      ],
      [
       126.922487,
       37.559495
      ],
      [
       126.922521,
       37.559083
      ],
      [
       126.922055,
       37.559152
      ],
      [
       126.921862,
       37.558967
      ],
      [
       126.921818,
       37.558699
      ],
      [
       126.92169,
       37.558495
      ],
      [
       126.921377,
       37.558363
      ],
      [
       126.921717,
       37.558009
      ],
      [
       126.921379,
       37.557868
      ],
      [
       126.921547,
       37.557616
      ],
      [
       126.921729,
       37.557394
      ],
      [
       126.921431,
       37.5572
      ],
      [
       126.921493,
       37.55699
      ],
      [
       126.921931,
       37.556838
      ],
      [
       126.921957,
       37.556656
      ],
      [
       126.921838,
       37.556427
      ],
      [
       126.922008,
       37.556272
      ],
      [
       126.92214,
       37.556112
      ],
      [
       126.922354,
       37.556
      ],
      [
       126.922414,
       37.555803
      ],
      [
       126.92232,
       37.55546
      ],
      [
       126.922522,
       37.555318
      ],
      [
       126.922802,
       37.555264
      ],
      [
       126.922922,
       37.555018
      ],
      [
       126.923134,
       37.554861
      ],
      [
       126.923315,
       37.5546
      ],
      [
       126.923667,
       37.554718
      ],
      [
       126.923887,
       37.554425
      ],
      [
       126.924218,
       37.554623
      ],
      [
       126.9245,
       37.554632
      ],
      [
       126.924809,
       37.554377
      ],
      [
       126.925041,
       37.554752
      ],
      [
       126.925276,
       37.554889
      ],
      [
       126.925564,
       37.554867
      ],
      [
       126.925725,
       37.555103
      ],
      [
       126.925809,
       37.555389
      ],
      [
       126.926255,
       37.555199
      ],
      [
       126.926377,
       37.555414
      ],
      [
       126.92644,
       37.555651
      ],
      [
       126.926455,
       37.55589
      ],
      [
       126.926642,
       37.556002
      ],
      [
       126.926852,
       37.556116
      ],
      [
       126.926942,
       37.556291
      ],
      [
       126.927077,
       37.556451
      ],
      [
       126.927308,
       37.556599
      ],
      [
       126.927542,
       37.556772
      ],
      [
       126.927327,
       37.557003
      ],
      [
       126.9275,
       37.5572
      ]
     ]
    ]
   }
  },
  {
   "type": "Feature",
   "properties": {
    "대상": "판교 유스페이스",
    "구간": "P10",
    "생성": "합성(예시)"
   },
   "geometry": {
    "type": "Polygon",
    "coordinates": [
     [
      [
       127.115518,
       37.402
      ],
      [
       127.115988,
       37.402517
      ],
      [
       127.116056,
       37.403052
      ],
      [
       127.115874,
       37.403559
      ],
      [
       127.116223,
       37.40422
      ],
      [
       127.115729,
       37.404659
      ],
      [
       127.115412,
       37.405146
      ],
      [
       127.114732,
       37.405435
      ],
      [
       127.113801,
       37.405491
      ],
      [
       127.11342,
       37.405856
      ],
      [
       127.112744,
       37.405951
      ],
      [
       127.111757,
       37.405607
      ],
      [
       127.110773,
       37.405011
      ],
      [
       127.11001,
       37.404419
      ],
      [
       127.109462,
       37.403894
      ],
      [
       127.10918,
       37.403732
      ],
      [
       127.10918,
       37.40463
      ],
      [
       127.108943,
       37.405139
      ],
      [
       127.1086,
       37.405672
      ],
      [
       127.108075,
       37.406803
      ],
      [
       127.107542,
       37.406802
      ],
      [
       127.106773,
       37.407455
      ],
      [
       127.106278,
       37.407103
      ],
      [
       127.105634,
       37.407088
      ],
      [
       127.104896,
       37.407133
      ],
      [
       127.104335,
       37.406873
      ],
      [
       127.103566,
       37.406799
      ],
      [
       127.103337,
       37.40621
      ],
      [
       127.102388,
       37.40617
      ],
      [
       127.102491,
       37.405422
      ],
      [
       127.102066,
       37.405018
      ],
      [
       127.102055,
       37.404442
      ],
      [
       127.101179,
       37.404161
      ],
      [
       127.101321,
       37.40356
      ],
      [
       127.10204,
       37.402925
      ],
      [
       127.102532,
       37.402425
      ],
      [
       127.10315,
       37.402
      ],
      [
       127.104262,
       37.401696
      ],
      [
       127.104874,
       37.401474
      ],
      [
       127.105163,
       37.401263
      ],
      [
       127.105996,
       37.401242
      ],
      [
       127.106791,
       37.401325
      ],
      [
       127.107342,
       37.401419
      ],
      [
       127.107643,
       37.401464
      ],
      [
       127.107796,
       37.40146
      ],
      [
       127.107656,
       37.401245
      ],
      [
       127.107302,
       37.400763
      ],
      [
       127.107232,
       37.400437
      ],
      [
       127.106742,
       37.399426
      ],
      [
       127.106688,
       37.39872
      ],
      [
       127.106709,
       37.397843
      ],
      [
       127.106896,
       37.396912
      ],
      [
       127.107344,
       37.396299
      ],
      [
       127.107922,
       37.3958
      ],
      [
       127.1086,
       37.396144
      ],
      [
       127.109254,
       37.39602
      ],
      [
       127.109889,
       37.396153
      ],
      [
       127.110461,
       37.396445
      ],
      [
       127.110899,
       37.396947
      ],
      [
       127.111536,
       37.396964
      ],
      [
       127.111818,
       37.397541
      ],
      [
       127.112189,
       37.397899
      ],
      [
       127.112718,
       37.398074
      ],
      [
       127.11271,
       37.398712
      ],
      [
       127.113125,
       37.398962
      ],
      [
       127.113408,
       37.399307
      ],
      [
       127.113694,
       37.399647
      ],
      [
       127.114495,
       37.399801
      ],
      [
       127.114379,
       37.400317
      ],
      [
       127.11558,
       37.400504
      ],
      [
       127.115894,
       37.400971
      ],
      [
       127.115379,
       37.401526
      ],
      [
       127.115518,
       37.402
      ]
     ]
    ]
   }
  },
  {
   "type": "Feature",
   "properties": {
    "대상": "판교 유스페이스",
    "구간": "P5",
    "생성": "합성(예시)"
   },
   "geometry": {
    "type": "Polygon",
    "coordinates": [
     [
      [
       127.111918,
       37.402
      ],
      [
       127.112169,
       37.40225
      ],
      [
       127.112278,
       37.402519
      ],
      [
       127.112221,
       37.402776
      ],
      [
       127.111876,
       37.402954
      ],
      [
       127.111833,
       37.403206
      ],
      [
       127.111653,
       37.40341
      ],
      [
       127.111277,
       37.403499
      ],
      [
       127.111286,
       37.403803
      ],
      [
       127.111133,
       37.404027
      ],
      [
       127.110807,
       37.404104
      ],
      [
       127.110524,
       37.404199
      ],
      [
       127.110217,
       37.404241
      ],
      [
       127.109868,
       37.404176
      ],
      [
       127.109587,
       37.40417
      ],
      [
       127.109362,
       37.404275
      ],
      [
       127.109123,
       37.404372
      ],
      [
       127.108846,
       37.404252
      ],
      [
       127.1086,
       37.404412
      ],
      [
       127.108334,
       37.404432
      ],
      [
       127.108052,
       37.404487
      ],
      [
       127.107802,
       37.404383
      ],
      [
       127.107459,
       37.404507
      ],
      [
       127.107207,
       37.404391
      ],
      [
       127.107035,
       37.404169
      ],
      [
       127.106614,
       37.404269
      ],
      [
       127.10639,
       37.404107
      ],
      [
       127.106173,
       37.403941
      ],
      [
       127.105864,
       37.403837
      ],
      [
       127.105587,
       37.403688
      ],
      [
       127.105598,
       37.403386
      ],
      [
       127.105298,
       37.403232
      ],
      [
       127.105472,
       37.402911
      ],
      [
       127.105312,
       37.402705
      ],
      [
       127.105382,
       37.402454
      ],
      [
       127.105468,
       37.402219
      ],
      [
       127.105721,
       37.402
      ],
      [
       127.105792,
       37.401803
      ],
      [
       127.105564,
       37.401572
      ],
      [
       127.105642,
       37.401366
      ],
      [
       127.10581,
       37.401188
      ],
      [
       127.106075,
       37.401058
      ],
      [
       127.106094,
       37.400842
      ],
      [
       127.106312,
       37.400718
      ],
      [
       127.106145,
       37.400352
      ],
      [
       127.106331,
       37.400185
      ],
      [
       127.10651,
       37.400007
      ],
      [
       127.106876,
       37.400031
      ],
      [
       127.106848,
       37.399572
      ],
      [
       127.107049,
       37.39934
      ],
      [
       127.107358,
       37.399271
      ],
      [
       127.107775,
       37.399536
      ],
      [
       127.108036,
       37.39944
      ],
      [
       127.108365,
       37.399852
      ],
      [
       127.1086,
       37.400112
      ],
      [
       127.108788,
       37.400282
      ],
      [
       127.10893,
       37.400502
      ],
      [
       127.108995,
       37.400821
      ],
      [
       127.108996,
       37.401129
      ],
      [
       127.109162,
       37.401036
      ],
      [
       127.109318,
       37.401005
      ],
      [
       127.109599,
       37.400859
      ],
      [
       127.109809,
       37.400847
      ],
      [
       127.110151,
       37.400759
      ],
      [
       127.110269,
       37.40088
      ],
      [
       127.11062,
       37.400868
      ],
      [
       127.11094,
       37.400919
      ],
      [
       127.111375,
       37.400965
      ],
      [
       127.111613,
       37.401123
      ],
      [
       127.11155,
       37.401368
      ],
      [
       127.111576,
       37.40158
      ],
      [
       127.112197,
       37.401748
      ],
      [
       127.111918,
       37.402
      ]
     ]
    ]
   }
  },
  {
   "type": "Feature",
   "properties": {
    "대상": "신림 별빛거리",
    "구간": "P10",
    "생성": "합성(예시)"
   },
   "geometry": {
    "type": "Polygon",
    "coordinates": [
     [
      [
       126.935501,
       37.4842
      ],
      [
       126.935842,
       37.484636
      ],
      [
       126.935985,
       37.4851
      ],
      [
       126.936051,
       37.485581
      ],
      [
       126.93547,
       37.485907
      ],
      [
       126.93518,
       37.486279
      ],
      [
       126.935062,
       37.48672
      ],
      [
       126.934635,
       37.487017
      ],
      [
       126.934264,
       37.487328
      ],
      [
       126.933821,
       37.487573
      ],
      [
       126.933238,
       37.487664
      ],
      [
       126.932739,
       37.487783
      ],
      [
       126.932169,
       37.487756
      ],
      [
       126.93171,
       37.487815
      ],
      [
       126.931302,
       37.487936
      ],
      [
       126.930835,
       37.487882
      ],
      [
       126.930469,
       37.488139
      ],
      [
       126.930056,
       37.488363
      ],
      [
       126.9296,
       37.488485
      ],
      [
       126.929113,
       37.488649
      ],
      [
       126.928632,
       37.488588
      ],
      [
       126.928264,
       37.488185
      ],
      [
       126.927707,
       37.488356
      ],
      [
       126.926945,
       37.488749
      ],
      [
       126.926441,
       37.488572
      ],
      [
       126.925971,
       37.488341
      ],
      [
       126.925864,
       37.487758
      ],
      [
       126.925178,
       37.487734
      ],
      [
       126.924589,
       37.48756
      ],
      [
       126.924191,
       37.487227
      ],
      [
       126.92448,
       37.486562
      ],
      [
       126.923966,
       37.486299
      ],
      [
       126.923893,
       37.48586
      ],
      [
       126.923785,
       37.485445
      ],
      [
       126.924222,
       37.484958
      ],
      [
       126.923606,
       37.484619
      ],
      [
       126.925003,
       37.4842
      ],
      [
       126.925654,
       37.483924
      ],
      [
       126.92604,
       37.483698
      ],
      [
       126.926669,
       37.483572
      ],
      [
       126.926964,
       37.483433
      ],
      [
       126.927712,
       37.483497
      ],
      [
       126.928107,
       37.483511
      ],
      [
       126.927861,
       37.483227
      ],
      [
       126.927391,
       37.482719
      ],
      [
       126.92708,
       37.482186
      ],
      [
       126.926974,
       37.481699
      ],
      [
       126.92679,
       37.480993
      ],
      [
       126.926829,
       37.480365
      ],
      [
       126.927243,
       37.480161
      ],
      [
       126.927542,
       37.479681
      ],
      [
       126.928005,
       37.479444
      ],
      [
       126.928532,
       37.479358
      ],
      [
       126.929078,
       37.479431
      ],
      [
       126.9296,
       37.479224
      ],
      [
       126.930155,
       37.479135
      ],
      [
       126.930636,
       37.479505
      ],
      [
       126.931236,
       37.479322
      ],
      [
       126.93154,
       37.479941
      ],
      [
       126.931823,
       37.48039
      ],
      [
       126.932567,
       37.480093
      ],
      [
       126.932466,
       37.480929
      ],
      [
       126.932869,
       37.481086
      ],
      [
       126.933138,
       37.481373
      ],
      [
       126.933523,
       37.481569
      ],
      [
       126.933518,
       37.482008
      ],
      [
       126.933912,
       37.482211
      ],
      [
       126.934173,
       37.482496
      ],
      [
       126.934343,
       37.48282
      ],
      [
       126.935275,
       37.482985
      ],
      [
       126.935211,
       37.483409
      ],
      [
       126.935518,
       37.483786
      ],
      [
       126.935501,
       37.4842
      ]
     ]
    ]
   }
  },
  {
   "type": "Feature",
   "properties": {
    "대상": "신림 별빛거리",
    "구간": "P5",
    "생성": "합성(예시)"
   },
   "geometry": {
    "type": "Polygon",
    "coordinates": [
     [
      [
       126.932325,
       37.4842
      ],
      [
       126.93246,
       37.4844
      ],
      [
       126.932172,
       37.484562
      ],
      [
       126.931848,
       37.484681
      ],
      [
       126.931522,
       37.484759
      ],
      [
       126.931166,
       37.484783
      ],
      [
       126.9308,
       37.484754
      ],
      [
       126.930665,
       37.484796
      ],
      [
       126.930772,
       37.484986
      ],
      [
       126.930908,
       37.485246
      ],
      [
       126.930811,
       37.485353
      ],
      [
       126.930894,
       37.485677
      ],
      [
       126.930738,
       37.485775
      ],
      [
       126.930715,
       37.48611
      ],
      [
       126.930538,
       37.486259
      ],
      [
       126.930346,
       37.486424
      ],
      [
       126.930134,
       37.486619
      ],
      [
       126.929845,
       37.486439
      ],
      [
       126.9296,
       37.486663
      ],
      [
       126.929336,
       37.486614
      ],
      [
       126.929087,
       37.486524
      ],
      [
       126.92875,
       37.486736
      ],
      [
       126.928451,
       37.486723
      ],
      [
       126.928138,
       37.486706
      ],
      [
       126.927866,
       37.4866
      ],
      [
       126.927606,
       37.486475
      ],
      [
       126.927195,
       37.48649
      ],
      [
       126.926925,
       37.486338
      ],
      [
       126.92678,
       37.486091
      ],
      [
       126.926697,
       37.485824
      ],
      [
       126.926606,
       37.485581
      ],
      [
       126.926526,
       37.485345
      ],
      [
       126.926499,
       37.485102
      ],
      [
       126.926598,
       37.484843
      ],
      [
       126.926037,
       37.484702
      ],
      [
       126.926622,
       37.484408
      ],
      [
       126.926742,
       37.4842
      ],
      [
       126.926609,
       37.483991
      ],
      [
       126.926672,
       37.483787
      ],
      [
       126.926636,
       37.483565
      ],
      [
       126.926755,
       37.483372
      ],
      [
       126.926835,
       37.48317
      ],
      [
       126.927158,
       37.483073
      ],
      [
       126.927328,
       37.482929
      ],
      [
       126.927893,
       37.483055
      ],
      [
       126.928178,
       37.483064
      ],
      [
       126.92862,
       37.483267
      ],
      [
       126.928809,
       37.483297
      ],
      [
       126.928863,
       37.48318
      ],
      [
       126.928872,
       37.482952
      ],
      [
       126.928852,
       37.482558
      ],
      [
       126.928873,
       37.482033
      ],
      [
       126.929078,
       37.481833
      ],
      [
       126.929292,
       37.481388
      ],
      [
       126.9296,
       37.48138
      ],
      [
       126.929919,
       37.481286
      ],
      [
       126.930202,
       37.481473
      ],
      [
       126.930464,
       37.481623
      ],
      [
       126.930535,
       37.482147
      ],
      [
       126.930776,
       37.482185
      ],
      [
       126.9307,
       37.482677
      ],
      [
       126.93071,
       37.482933
      ],
      [
       126.930642,
       37.483207
      ],
      [
       126.930567,
       37.483427
      ],
      [
       126.930483,
       37.483608
      ],
      [
       126.930551,
       37.483668
      ],
      [
       126.930807,
       37.483643
      ],
      [
       126.931106,
       37.483639
      ],
      [
       126.93149,
       37.48365
      ],
      [
       126.931734,
       37.483743
      ],
      [
       126.932436,
       37.4838
      ],
      [
       126.932537,
       37.483995
      ],
      [
       126.932325,
       37.4842
      ]
     ]
    ]
   }
  },
  {
   "type": "Feature",
   "properties": {
    "대상": "카페하다 왕십리점",
    "구간": "P10",
    "생성": "합성(예시)"
   },
   "geometry": {
    "type": "Polygon",
    "coordinates": [
     [
      [
       127.042881,
       37.5613
      ],
      [
       127.043504,
       37.561684
      ],
      [
       127.044118,
       37.562161
      ],
      [
       127.044773,
       37.562749
      ],
      [
       127.045277,
       37.563414
      ],
      [
       127.045661,
       37.564152
      ],
      [
       127.044619,
       37.56435
      ],
      [
       127.044372,
       37.564862
      ],
      [
       127.04392,
       37.565266
      ],
      [
       127.043099,
       37.565371
      ],
      [
       127.042883,
       37.565945
      ],
      [
       127.041959,
       37.565813
      ],
      [
       127.041329,
       37.565903
      ],
      [
       127.040875,
       37.566223
      ],
      [
       127.04024,
       37.566213
      ],
      [
       127.039639,
       37.566184
      ],
      [
       127.039115,
       37.566347
      ],
      [
       127.038568,
       37.566484
      ],
      [
       127.038,
       37.5665
      ],
      [
       127.037407,
       37.566714
      ],
      [
       127.036876,
       37.566391
      ],
      [
       127.036419,
       37.566011
      ],
      [
       127.035988,
       37.565714
      ],
      [
       127.035788,
       37.565086
      ],
      [
       127.0354,
       37.564895
      ],
      [
       127.035243,
       37.564443
      ],
      [
       127.035093,
       37.564065
      ],
      [
       127.03526,
       37.563488
      ],
      [
       127.035545,
       37.562945
      ],
      [
       127.035616,
       37.562632
      ],
      [
       127.035209,
       37.562586
      ],
      [
       127.034426,
       37.56263
      ],
      [
       127.034141,
       37.562421
      ],
      [
       127.033507,
       37.562261
      ],
      [
       127.033492,
       37.561935
      ],
      [
       127.03283,
       37.561661
      ],
      [
       127.032541,
       37.5613
      ],
      [
       127.03272,
       37.560931
      ],
      [
       127.031801,
       37.560427
      ],
      [
       127.031558,
       37.559922
      ],
      [
       127.031695,
       37.559468
      ],
      [
       127.032204,
       37.559143
      ],
      [
       127.03221,
       37.558632
      ],
      [
       127.0326,
       37.558281
      ],
      [
       127.032364,
       37.557525
      ],
      [
       127.033037,
       37.557338
      ],
      [
       127.033524,
       37.557042
      ],
      [
       127.033409,
       37.556065
      ],
      [
       127.034081,
       37.555881
      ],
      [
       127.034563,
       37.555417
      ],
      [
       127.035338,
       37.555461
      ],
      [
       127.036163,
       37.555826
      ],
      [
       127.036927,
       37.55644
      ],
      [
       127.037576,
       37.557436
      ],
      [
       127.038,
       37.558039
      ],
      [
       127.038258,
       37.558942
      ],
      [
       127.038645,
       37.558379
      ],
      [
       127.039161,
       37.557841
      ],
      [
       127.0397,
       37.557572
      ],
      [
       127.040502,
       37.557016
      ],
      [
       127.041185,
       37.556896
      ],
      [
       127.041251,
       37.557594
      ],
      [
       127.041366,
       37.558098
      ],
      [
       127.041193,
       37.558751
      ],
      [
       127.04126,
       37.559116
      ],
      [
       127.041263,
       37.559476
      ],
      [
       127.040686,
       37.560062
      ],
      [
       127.040575,
       37.560341
      ],
      [
       127.040127,
       37.560682
      ],
      [
       127.040814,
       37.560698
      ],
      [
       127.041424,
       37.560818
      ],
      [
       127.042427,
       37.560991
      ],
      [
       127.042881,
       37.5613
      ]
     ]
    ]
   }
  },
  {
   "type": "Feature",
   "properties": {
    "대상": "카페하다 왕십리점",
    "구간": "P5",
    "생성": "합성(예시)"
   },
   "geometry": {
    "type": "Polygon",
    "coordinates": [
     [
      [
       127.041329,
       37.5613
      ],
      [
       127.041426,
       37.561539
      ],
      [
       127.04156,
       37.561801
      ],
      [
       127.04151,
       37.562051
      ],
      [
       127.041119,
       37.562206
      ],
      [
       127.041103,
       37.562455
      ],
      [
       127.041021,
       37.562692
      ],
      [
       127.040709,
       37.562814
      ],
      [
       127.040464,
       37.562951
      ],
      [
       127.040157,
       37.563022
      ],
      [
       127.039897,
       37.563105
      ],
      [
       127.039692,
       37.563229
      ],
      [
       127.039408,
       37.563247
      ],
      [
       127.039176,
       37.563312
      ],
      [
       127.038941,
       37.563363
      ],
      [
       127.038761,
       37.563566
      ],
      [
       127.038493,
       37.563533
      ],
      [
       127.038245,
       37.563538
      ],
      [
       127.038,
       37.563502
      ],
      [
       127.03774,
       37.563669
      ],
      [
       127.0375,
       37.563565
      ],
      [
       127.037243,
       37.563556
      ],
      [
       127.036927,
       37.563654
      ],
      [
       127.036619,
       37.563664
      ],
      [
       127.036388,
       37.563529
      ],
      [
       127.036089,
       37.563479
      ],
      [
       127.035781,
       37.563411
      ],
      [
       127.035579,
       37.563232
      ],
      [
       127.035295,
       37.563112
      ],
      [
       127.035143,
       37.562897
      ],
      [
       127.034904,
       37.562727
      ],
      [
       127.034808,
       37.562488
      ],
      [
       127.034992,
       37.562174
      ],
      [
       127.034856,
       37.561973
      ],
      [
       127.035042,
       37.561716
      ],
      [
       127.035202,
       37.561495
      ],
      [
       127.035346,
       37.5613
      ],
      [
       127.035374,
       37.561117
      ],
      [
       127.035215,
       37.560908
      ],
      [
       127.035688,
       37.560806
      ],
      [
       127.036117,
       37.560753
      ],
      [
       127.036432,
       37.560716
      ],
      [
       127.036901,
       37.560794
      ],
      [
       127.037221,
       37.560864
      ],
      [
       127.037549,
       37.560998
      ],
      [
       127.037716,
       37.561073
      ],
      [
       127.037662,
       37.560979
      ],
      [
       127.037512,
       37.560744
      ],
      [
       127.03739,
       37.560457
      ],
      [
       127.037264,
       37.56004
      ],
      [
       127.037219,
       37.559587
      ],
      [
       127.037221,
       37.558979
      ],
      [
       127.03737,
       37.558448
      ],
      [
       127.037702,
       37.558578
      ],
      [
       127.038,
       37.55852
      ],
      [
       127.038309,
       37.558485
      ],
      [
       127.038598,
       37.558592
      ],
      [
       127.038815,
       37.558871
      ],
      [
       127.039141,
       37.558797
      ],
      [
       127.039379,
       37.55894
      ],
      [
       127.039527,
       37.559188
      ],
      [
       127.039717,
       37.559343
      ],
      [
       127.039793,
       37.559594
      ],
      [
       127.039999,
       37.559704
      ],
      [
       127.03999,
       37.559967
      ],
      [
       127.040273,
       37.560029
      ],
      [
       127.040528,
       37.560135
      ],
      [
       127.040581,
       37.560339
      ],
      [
       127.040706,
       37.560514
      ],
      [
       127.04104,
       37.56065
      ],
      [
       127.041007,
       37.560877
      ],
      [
       127.04114,
       37.561081
      ],
      [
       127.041329,
       37.5613
      ]
     ]
    ]
   }
  },
  {
   "type": "Feature",
   "properties": {
    "대상": "카페하다 역삼점",
    "구간": "P10",
    "생성": "합성(예시)"
   },
   "geometry": {
    "type": "Polygon",
    "coordinates": [
     [
      [
       127.040283,
       37.5006
      ],
      [
       127.041423,
       37.500951
      ],
      [
       127.041441,
       37.50131
      ],
      [
       127.042342,
       37.501872
      ],
      [
       127.042964,
       37.502509
      ],
      [
       127.043183,
       37.503127
      ],
      [
       127.042906,
       37.503601
      ],
      [
       127.041837,
       37.503642
      ],
      [
       127.041777,
       37.504205
      ],
      [
       127.041259,
       37.504482
      ],
      [
       127.040892,
       37.504877
      ],
      [
       127.039896,
       37.504589
      ],
      [
       127.039329,
       37.504654
      ],
      [
       127.038879,
       37.504847
      ],
      [
       127.038345,
       37.504869
      ],
      [
       127.037998,
       37.505364
      ],
      [
       127.037346,
       37.504888
      ],
      [
       127.036881,
       37.504989
      ],
      [
       127.0364,
       37.505596
      ],
      [
       127.03592,
       37.504984
      ],
      [
       127.035583,
       37.504302
      ],
      [
       127.0351,
       37.504477
      ],
      [
       127.03487,
       37.503959
      ],
      [
       127.034704,
       37.503506
      ],
      [
       127.03462,
       37.503063
      ],
      [
       127.034784,
       37.502443
      ],
      [
       127.034775,
       37.502148
      ],
      [
       127.034216,
       37.502345
      ],
      [
       127.033384,
       37.502622
      ],
      [
       127.032679,
       37.502682
      ],
      [
       127.031918,
       37.502667
      ],
      [
       127.031053,
       37.502592
      ],
      [
       127.03093,
       37.502191
      ],
      [
       127.029897,
       37.501992
      ],
      [
       127.029688,
       37.501546
      ],
      [
       127.030214,
       37.501032
      ],
      [
       127.03037,
       37.5006
      ],
      [
       127.030273,
       37.500172
      ],
      [
       127.030706,
       37.499798
      ],
      [
       127.030579,
       37.499354
      ],
      [
       127.030762,
       37.49896
      ],
      [
       127.031125,
       37.498635
      ],
      [
       127.031143,
       37.498175
      ],
      [
       127.031689,
       37.497964
      ],
      [
       127.031707,
       37.497454
      ],
      [
       127.032071,
       37.497141
      ],
      [
       127.032109,
       37.496514
      ],
      [
       127.032895,
       37.4966
      ],
      [
       127.032946,
       37.49582
      ],
      [
       127.033463,
       37.495569
      ],
      [
       127.033974,
       37.495274
      ],
      [
       127.034422,
       37.494701
      ],
      [
       127.035159,
       37.494978
      ],
      [
       127.035783,
       37.494966
      ],
      [
       127.0364,
       37.495095
      ],
      [
       127.037044,
       37.494717
      ],
      [
       127.03755,
       37.495391
      ],
      [
       127.038134,
       37.49543
      ],
      [
       127.038492,
       37.496007
      ],
      [
       127.038934,
       37.496258
      ],
      [
       127.039694,
       37.496041
      ],
      [
       127.039766,
       37.496759
      ],
      [
       127.039403,
       37.497741
      ],
      [
       127.039637,
       37.498014
      ],
      [
       127.039574,
       37.498472
      ],
      [
       127.039217,
       37.499024
      ],
      [
       127.039383,
       37.499224
      ],
      [
       127.038784,
       37.499712
      ],
      [
       127.038835,
       37.499892
      ],
      [
       127.038744,
       37.500098
      ],
      [
       127.039187,
       37.500207
      ],
      [
       127.039764,
       37.500365
      ],
      [
       127.040283,
       37.5006
      ]
     ]
    ]
   }
  },
  {
   "type": "Feature",
   "properties": {
    "대상": "카페하다 역삼점",
    "구간": "P5",
    "생성": "합성(예시)"
   },
   "geometry": {
    "type": "Polygon",
    "coordinates": [
     [
      [
       127.039547,
       37.5006
      ],
      [
       127.039454,
       37.500813
      ],
      [
       127.039387,
       37.501021
      ],
      [
       127.0388,
       37.501114
      ],
      [
       127.038686,
       37.501265
      ],
      [
       127.038339,
       37.501322
      ],
      [
       127.037935,
       37.501308
      ],
      [
       127.037641,
       37.501294
      ],
      [
       127.037397,
       37.501268
      ],
      [
       127.037227,
       37.501261
      ],
      [
       127.037235,
       37.501395
      ],
      [
       127.037181,
       37.501491
      ],
      [
       127.037206,
       37.501715
      ],
      [
       127.037147,
       37.50188
      ],
      [
       127.037017,
       37.501954
      ],
      [
       127.036989,
       37.502355
      ],
      [
       127.036782,
       37.502332
      ],
      [
       127.03661,
       37.502515
      ],
      [
       127.0364,
       37.502832
      ],
      [
       127.03617,
       37.502702
      ],
      [
       127.035906,
       37.50284
      ],
      [
       127.035633,
       37.502888
      ],
      [
       127.03537,
       37.50286
      ],
      [
       127.035092,
       37.502841
      ],
      [
       127.034754,
       37.502878
      ],
      [
       127.034402,
       37.50288
      ],
      [
       127.034192,
       37.502702
      ],
      [
       127.034058,
       37.502471
      ],
      [
       127.033814,
       37.502333
      ],
      [
       127.033726,
       37.502096
      ],
      [
       127.033331,
       37.502016
      ],
      [
       127.033453,
       37.501698
      ],
      [
       127.033448,
       37.501458
      ],
      [
       127.033427,
       37.501236
      ],
      [
       127.033449,
       37.501016
      ],
      [
       127.033433,
       37.500807
      ],
      [
       127.033467,
       37.5006
      ],
      [
       127.033825,
       37.50042
      ],
      [
       127.033782,
       37.500231
      ],
      [
       127.033857,
       37.500056
      ],
      [
       127.033779,
       37.499838
      ],
      [
       127.033858,
       37.499653
      ],
      [
       127.033993,
       37.49949
      ],
      [
       127.034001,
       37.499258
      ],
      [
       127.034148,
       37.49909
      ],
      [
       127.034187,
       37.498832
      ],
      [
       127.034394,
       37.49869
      ],
      [
       127.034656,
       37.49861
      ],
      [
       127.034676,
       37.498214
      ],
      [
       127.035008,
       37.498215
      ],
      [
       127.035201,
       37.497968
      ],
      [
       127.035552,
       37.498072
      ],
      [
       127.035832,
       37.498028
      ],
      [
       127.036101,
       37.497867
      ],
      [
       127.0364,
       37.497817
      ],
      [
       127.036693,
       37.497923
      ],
      [
       127.03691,
       37.498287
      ],
      [
       127.037228,
       37.498131
      ],
      [
       127.03739,
       37.498427
      ],
      [
       127.037745,
       37.498296
      ],
      [
       127.037998,
       37.498389
      ],
      [
       127.038061,
       37.498705
      ],
      [
       127.038208,
       37.498878
      ],
      [
       127.0383,
       37.499082
      ],
      [
       127.038376,
       37.499275
      ],
      [
       127.038644,
       37.499345
      ],
      [
       127.038946,
       37.499426
      ],
      [
       127.038877,
       37.499677
      ],
      [
       127.039077,
       37.499822
      ],
      [
       127.039093,
       37.500024
      ],
      [
       127.039516,
       37.500161
      ],
      [
       127.039456,
       37.500386
      ],
      [
       127.039547,
       37.5006
      ]
     ]
    ]
   }
  },
  {
   "type": "Feature",
   "properties": {
    "대상": "카페하다 서초점",
    "구간": "P10",
    "생성": "합성(예시)"
   },
   "geometry": {
    "type": "Polygon",
    "coordinates": [
     [
      [
       127.038832,
       37.4837
      ],
      [
       127.038942,
       37.484157
      ],
      [
       127.038963,
       37.484625
      ],
      [
       127.039303,
       37.485178
      ],
      [
       127.038619,
       37.485509
      ],
      [
       127.038331,
       37.48591
      ],
      [
       127.038476,
       37.486503
      ],
      [
       127.037622,
       37.486622
      ],
      [
       127.037474,
       37.487102
      ],
      [
       127.037093,
       37.48745
      ],
      [
       127.036464,
       37.48757
      ],
      [
       127.035986,
       37.487793
      ],
      [
       127.035268,
       37.48767
      ],
      [
       127.034789,
       37.487794
      ],
      [
       127.034257,
       37.487778
      ],
      [
       127.033709,
       37.487604
      ],
      [
       127.033399,
       37.488226
      ],
      [
       127.032871,
       37.487998
      ],
      [
       127.0324,
       37.487887
      ],
      [
       127.031912,
       37.488156
      ],
      [
       127.0314,
       37.488233
      ],
      [
       127.030927,
       37.488094
      ],
      [
       127.030233,
       37.488457
      ],
      [
       127.029713,
       37.488304
      ],
      [
       127.029122,
       37.488237
      ],
      [
       127.028433,
       37.488228
      ],
      [
       127.02795,
       37.487938
      ],
      [
       127.027459,
       37.487648
      ],
      [
       127.027039,
       37.487295
      ],
      [
       127.026844,
       37.486809
      ],
      [
       127.026995,
       37.486194
      ],
      [
       127.027348,
       37.485583
      ],
      [
       127.027664,
       37.485077
      ],
      [
       127.028364,
       37.484564
      ],
      [
       127.028829,
       37.484203
      ],
      [
       127.029423,
       37.483908
      ],
      [
       127.030225,
       37.4837
      ],
      [
       127.030087,
       37.483538
      ],
      [
       127.02942,
       37.48328
      ],
      [
       127.028997,
       37.482971
      ],
      [
       127.028943,
       37.482695
      ],
      [
       127.028271,
       37.482161
      ],
      [
       127.028132,
       37.481731
      ],
      [
       127.028164,
       37.48133
      ],
      [
       127.028056,
       37.480787
      ],
      [
       127.028156,
       37.480308
      ],
      [
       127.028345,
       37.479838
      ],
      [
       127.028963,
       37.479777
      ],
      [
       127.029295,
       37.479402
      ],
      [
       127.029772,
       37.479196
      ],
      [
       127.030013,
       37.47846
      ],
      [
       127.030616,
       37.478379
      ],
      [
       127.031231,
       37.478401
      ],
      [
       127.031773,
       37.477976
      ],
      [
       127.0324,
       37.478192
      ],
      [
       127.032952,
       37.478656
      ],
      [
       127.033594,
       37.478291
      ],
      [
       127.03417,
       37.478422
      ],
      [
       127.034548,
       37.478983
      ],
      [
       127.034906,
       37.479406
      ],
      [
       127.035605,
       37.479264
      ],
      [
       127.035622,
       37.480023
      ],
      [
       127.035778,
       37.480483
      ],
      [
       127.036336,
       37.480554
      ],
      [
       127.036501,
       37.48095
      ],
      [
       127.036976,
       37.481139
      ],
      [
       127.037187,
       37.481491
      ],
      [
       127.037341,
       37.481859
      ],
      [
       127.037573,
       37.482195
      ],
      [
       127.038642,
       37.482363
      ],
      [
       127.038425,
       37.482851
      ],
      [
       127.038474,
       37.483275
      ],
      [
       127.038832,
       37.4837
      ]
     ]
    ]
   }
  },
  {
   "type": "Feature",
   "properties": {
    "대상": "카페하다 서초점",
    "구간": "P5",
    "생성": "합성(예시)"
   },
   "geometry": {
    "type": "Polygon",
    "coordinates": [
     [
      [
       127.035768,
       37.4837
      ],
      [
       127.03567,
       37.483929
      ],
      [
       127.035829,
       37.484183
      ],
      [
       127.036041,
       37.48448
      ],
      [
       127.035926,
       37.484726
      ],
      [
       127.035719,
       37.484937
      ],
      [
       127.035437,
       37.485101
      ],
      [
       127.035434,
       37.485398
      ],
      [
       127.034874,
       37.485359
      ],
      [
       127.035001,
       37.485778
      ],
      [
       127.03429,
       37.4855
      ],
      [
       127.034266,
       37.48583
      ],
      [
       127.033841,
       37.485695
      ],
      [
       127.033706,
       37.485937
      ],
      [
       127.033372,
       37.485835
      ],
      [
       127.033109,
       37.485816
      ],
      [
       127.03291,
       37.486012
      ],
      [
       127.032656,
       37.486035
      ],
      [
       127.0324,
       37.485891
      ],
      [
       127.032137,
       37.486099
      ],
      [
       127.031868,
       37.486112
      ],
      [
       127.031579,
       37.48615
      ],
      [
       127.031412,
       37.485868
      ],
      [
       127.030906,
       37.486261
      ],
      [
       127.030603,
       37.486187
      ],
      [
       127.03039,
       37.485993
      ],
      [
       127.030183,
       37.485811
      ],
      [
       127.030044,
       37.485583
      ],
      [
       127.0296,
       37.485577
      ],
      [
       127.029443,
       37.485355
      ],
      [
       127.029428,
       37.485071
      ],
      [
       127.029277,
       37.484864
      ],
      [
       127.029121,
       37.484654
      ],
      [
       127.029466,
       37.484328
      ],
      [
       127.029152,
       37.484158
      ],
      [
       127.029468,
       37.483905
      ],
      [
       127.029304,
       37.4837
      ],
      [
       127.029498,
       37.483497
      ],
      [
       127.029296,
       37.483263
      ],
      [
       127.02979,
       37.483141
      ],
      [
       127.029845,
       37.482957
      ],
      [
       127.029893,
       37.482766
      ],
      [
       127.030008,
       37.482596
      ],
      [
       127.030082,
       37.482403
      ],
      [
       127.03004,
       37.482118
      ],
      [
       127.030322,
       37.482039
      ],
      [
       127.030821,
       37.482196
      ],
      [
       127.03082,
       37.481897
      ],
      [
       127.031266,
       37.48213
      ],
      [
       127.031356,
       37.481911
      ],
      [
       127.031673,
       37.482105
      ],
      [
       127.031891,
       37.482183
      ],
      [
       127.032118,
       37.482422
      ],
      [
       127.032273,
       37.482544
      ],
      [
       127.0324,
       37.48276
      ],
      [
       127.032523,
       37.482578
      ],
      [
       127.032702,
       37.482333
      ],
      [
       127.032868,
       37.482303
      ],
      [
       127.033029,
       37.482319
      ],
      [
       127.033253,
       37.482238
      ],
      [
       127.03353,
       37.482135
      ],
      [
       127.03387,
       37.482023
      ],
      [
       127.03399,
       37.482186
      ],
      [
       127.034262,
       37.482212
      ],
      [
       127.034595,
       37.482228
      ],
      [
       127.034866,
       37.48232
      ],
      [
       127.03499,
       37.482505
      ],
      [
       127.035091,
       37.482697
      ],
      [
       127.035235,
       37.482875
      ],
      [
       127.035223,
       37.483096
      ],
      [
       127.035477,
       37.483266
      ],
      [
       127.035682,
       37.483471
      ],
      [
       127.035768,
       37.4837
      ]
     ]
    ]
   }
  },
  {
   "type": "Feature",
   "properties": {
    "대상": "카페하다 잠실새내점",
    "구간": "P10",
    "생성": "합성(예시)"
   },
   "geometry": {
    "type": "Polygon",
    "coordinates": [
     [
      [
       127.093662,
       37.5114
      ],
      [
       127.093462,
       37.511894
      ],
      [
       127.092938,
       37.512321
      ],
      [
       127.092592,
       37.512725
      ],
      [
       127.091628,
       37.51292
      ],
      [
       127.09092,
       37.513084
      ],
      [
       127.09031,
       37.513203
      ],
      [
       127.089711,
       37.513252
      ],
      [
       127.088866,
       37.513053
      ],
      [
       127.087974,
       37.512658
      ],
      [
       127.08825,
       37.513162
      ],
      [
       127.088327,
       37.513599
      ],
      [
       127.088084,
       37.513731
      ],
      [
       127.088164,
       37.514423
      ],
      [
       127.087932,
       37.514762
      ],
      [
       127.087715,
       37.515319
      ],
      [
       127.087318,
       37.515557
      ],
      [
       127.086926,
       37.516203
      ],
      [
       127.0864,
       37.516636
      ],
      [
       127.085826,
       37.516645
      ],
      [
       127.085214,
       37.516773
      ],
      [
       127.084813,
       37.516132
      ],
      [
       127.084131,
       37.51638
      ],
      [
       127.083613,
       37.516174
      ],
      [
       127.083011,
       37.516088
      ],
      [
       127.082444,
       37.515913
      ],
      [
       127.081579,
       37.51599
      ],
      [
       127.080831,
       37.515849
      ],
      [
       127.080541,
       37.515327
      ],
      [
       127.080129,
       37.514907
      ],
      [
       127.079951,
       37.514374
      ],
      [
       127.079872,
       37.513832
      ],
      [
       127.079818,
       37.513314
      ],
      [
       127.079467,
       37.512884
      ],
      [
       127.079808,
       37.512328
      ],
      [
       127.079404,
       37.511889
      ],
      [
       127.079657,
       37.5114
      ],
      [
       127.080499,
       37.510988
      ],
      [
       127.080806,
       37.510612
      ],
      [
       127.080707,
       37.510181
      ],
      [
       127.080434,
       37.509665
      ],
      [
       127.080608,
       37.509242
      ],
      [
       127.081259,
       37.509029
      ],
      [
       127.081235,
       37.508511
      ],
      [
       127.081368,
       37.508027
      ],
      [
       127.082051,
       37.507926
      ],
      [
       127.082441,
       37.507631
      ],
      [
       127.083094,
       37.507629
      ],
      [
       127.0835,
       37.507388
      ],
      [
       127.084125,
       37.507503
      ],
      [
       127.084701,
       37.507671
      ],
      [
       127.085223,
       37.507891
      ],
      [
       127.085688,
       37.508173
      ],
      [
       127.086098,
       37.508644
      ],
      [
       127.0864,
       37.509094
      ],
      [
       127.086623,
       37.509365
      ],
      [
       127.086956,
       37.508883
      ],
      [
       127.08732,
       37.508657
      ],
      [
       127.087708,
       37.508528
      ],
      [
       127.088027,
       37.508612
      ],
      [
       127.088811,
       37.508064
      ],
      [
       127.089023,
       37.508408
      ],
      [
       127.089664,
       37.508292
      ],
      [
       127.090329,
       37.508262
      ],
      [
       127.090597,
       37.508586
      ],
      [
       127.09163,
       37.508475
      ],
      [
       127.091251,
       37.509163
      ],
      [
       127.091818,
       37.509382
      ],
      [
       127.092879,
       37.509516
      ],
      [
       127.093269,
       37.50993
      ],
      [
       127.092791,
       37.5105
      ],
      [
       127.093645,
       37.510894
      ],
      [
       127.093662,
       37.5114
      ]
     ]
    ]
   }
  },
  {
   "type": "Feature",
   "properties": {
    "대상": "카페하다 잠실새내점",
    "구간": "P5",
    "생성": "합성(예시)"
   },
   "geometry": {
    "type": "Polygon",
    "coordinates": [
     [
      [
       127.089295,
       37.5114
      ],
      [
       127.089246,
       37.511599
      ],
      [
       127.088988,
       37.511765
      ],
      [
       127.088735,
       37.5119
      ],
      [
       127.08862,
       37.512046
      ],
      [
       127.088309,
       37.512111
      ],
      [
       127.087875,
       37.51208
      ],
      [
       127.087598,
       37.51207
      ],
      [
       127.087455,
       37.512107
      ],
      [
       127.087504,
       37.512282
      ],
      [
       127.087376,
       37.512329
      ],
      [
       127.08738,
       37.512518
      ],
      [
       127.087363,
       37.512733
      ],
      [
       127.087376,
       37.513072
      ],
      [
       127.087178,
       37.513109
      ],
      [
       127.087004,
       37.513201
      ],
      [
       127.086863,
       37.513496
      ],
      [
       127.086609,
       37.513306
      ],
      [
       127.0864,
       37.513149
      ],
      [
       127.086243,
       37.512837
      ],
      [
       127.086146,
       37.512552
      ],
      [
       127.086075,
       37.512368
      ],
      [
       127.085895,
       37.512507
      ],
      [
       127.085551,
       37.512854
      ],
      [
       127.085274,
       37.512958
      ],
      [
       127.084681,
       37.513361
      ],
      [
       127.084272,
       37.513426
      ],
      [
       127.083571,
       37.51366
      ],
      [
       127.083438,
       37.513385
      ],
      [
       127.083321,
       37.513122
      ],
      [
       127.082999,
       37.512969
      ],
      [
       127.083021,
       37.512659
      ],
      [
       127.082985,
       37.512393
      ],
      [
       127.083245,
       37.512075
      ],
      [
       127.082854,
       37.511899
      ],
      [
       127.083102,
       37.511631
      ],
      [
       127.083117,
       37.5114
      ],
      [
       127.083174,
       37.511175
      ],
      [
       127.083428,
       37.510981
      ],
      [
       127.083387,
       37.510755
      ],
      [
       127.083623,
       37.510593
      ],
      [
       127.083504,
       37.510321
      ],
      [
       127.083518,
       37.510071
      ],
      [
       127.084042,
       37.510081
      ],
      [
       127.083949,
       37.509757
      ],
      [
       127.084268,
       37.509697
      ],
      [
       127.084289,
       37.509391
      ],
      [
       127.084343,
       37.509053
      ],
      [
       127.084652,
       37.508981
      ],
      [
       127.084797,
       37.508655
      ],
      [
       127.085109,
       37.508567
      ],
      [
       127.085385,
       37.508374
      ],
      [
       127.085707,
       37.508261
      ],
      [
       127.086081,
       37.508491
      ],
      [
       127.0864,
       37.508256
      ],
      [
       127.086703,
       37.508629
      ],
      [
       127.087024,
       37.508572
      ],
      [
       127.087391,
       37.508446
      ],
      [
       127.087605,
       37.508756
      ],
      [
       127.087822,
       37.508964
      ],
      [
       127.08791,
       37.509311
      ],
      [
       127.087989,
       37.509588
      ],
      [
       127.087803,
       37.510064
      ],
      [
       127.087646,
       37.510404
      ],
      [
       127.087321,
       37.510783
      ],
      [
       127.08741,
       37.510835
      ],
      [
       127.087879,
       37.510718
      ],
      [
       127.088412,
       37.51065
      ],
      [
       127.08879,
       37.510705
      ],
      [
       127.089477,
       37.510741
      ],
      [
       127.089615,
       37.510947
      ],
      [
       127.089526,
       37.511182
      ],
      [
       127.089295,
       37.5114
      ]
     ]
    ]
   }
  },
  {
   "type": "Feature",
   "properties": {
    "대상": "카페하다 건대입구점",
    "구간": "P10",
    "생성": "합성(예시)"
   },
   "geometry": {
    "type": "Polygon",
    "coordinates": [
     [
      [
       127.076399,
       37.5405
      ],
      [
       127.075529,
       37.540886
      ],
      [
       127.075165,
       37.541227
      ],
      [
       127.074177,
       37.541394
      ],
      [
       127.07338,
       37.541482
      ],
      [
       127.072435,
       37.541407
      ],
      [
       127.072294,
       37.541557
      ],
      [
       127.07257,
       37.541937
      ],
      [
       127.073335,
       37.542735
      ],
      [
       127.073599,
       37.543374
      ],
      [
       127.073655,
       37.543978
      ],
      [
       127.073469,
       37.544456
      ],
      [
       127.072712,
       37.544251
      ],
      [
       127.072216,
       37.544295
      ],
      [
       127.071914,
       37.544699
      ],
      [
       127.07135,
       37.544524
      ],
      [
       127.070868,
       37.54443
      ],
      [
       127.070468,
       37.544775
      ],
      [
       127.07,
       37.544859
      ],
      [
       127.069482,
       37.545229
      ],
      [
       127.069031,
       37.544888
      ],
      [
       127.068483,
       37.545022
      ],
      [
       127.067782,
       37.545367
      ],
      [
       127.067275,
       37.545166
      ],
      [
       127.066745,
       37.545002
      ],
      [
       127.066334,
       37.544681
      ],
      [
       127.065895,
       37.544407
      ],
      [
       127.06521,
       37.544325
      ],
      [
       127.065092,
       37.543788
      ],
      [
       127.064476,
       37.543588
      ],
      [
       127.06405,
       37.543243
      ],
      [
       127.064546,
       37.542531
      ],
      [
       127.064933,
       37.541973
      ],
      [
       127.066279,
       37.541296
      ],
      [
       127.066912,
       37.540935
      ],
      [
       127.067835,
       37.540651
      ],
      [
       127.067652,
       37.5405
      ],
      [
       127.066379,
       37.540247
      ],
      [
       127.066238,
       37.53997
      ],
      [
       127.065534,
       37.539545
      ],
      [
       127.06495,
       37.539032
      ],
      [
       127.065301,
       37.53875
      ],
      [
       127.065254,
       37.538312
      ],
      [
       127.06579,
       37.538146
      ],
      [
       127.065568,
       37.537531
      ],
      [
       127.066324,
       37.537564
      ],
      [
       127.066132,
       37.536819
      ],
      [
       127.066335,
       37.53632
      ],
      [
       127.066896,
       37.536206
      ],
      [
       127.067305,
       37.535885
      ],
      [
       127.06765,
       37.535345
      ],
      [
       127.068328,
       37.535517
      ],
      [
       127.068831,
       37.535204
      ],
      [
       127.069397,
       37.534999
      ],
      [
       127.07,
       37.535026
      ],
      [
       127.070566,
       37.535333
      ],
      [
       127.071068,
       37.535664
      ],
      [
       127.071547,
       37.53589
      ],
      [
       127.071946,
       37.53623
      ],
      [
       127.072332,
       37.536507
      ],
      [
       127.072596,
       37.53691
      ],
      [
       127.073132,
       37.536928
      ],
      [
       127.073717,
       37.536963
      ],
      [
       127.073791,
       37.537473
      ],
      [
       127.074071,
       37.537773
      ],
      [
       127.074623,
       37.537915
      ],
      [
       127.074887,
       37.538247
      ],
      [
       127.075181,
       37.538571
      ],
      [
       127.075566,
       37.538882
      ],
      [
       127.075902,
       37.539237
      ],
      [
       127.075892,
       37.53967
      ],
      [
       127.076206,
       37.540066
      ],
      [
       127.076399,
       37.5405
      ]
     ]
    ]
   }
  },
  {
   "type": "Feature",
   "properties": {
    "대상": "카페하다 건대입구점",
    "구간": "P5",
    "생성": "합성(예시)"
   },
   "geometry": {
    "type": "Polygon",
    "coordinates": [
     [
      [
       127.073069,
       37.5405
      ],
      [
       127.072991,
       37.540709
      ],
      [
       127.0727,
       37.54088
      ],
      [
       127.072474,
       37.541029
      ],
      [
       127.072174,
       37.541132
      ],
      [
       127.072001,
       37.541245
      ],
      [
       127.071697,
       37.541282
      ],
      [
       127.071394,
       37.541279
      ],
      [
       127.071219,
       37.541317
      ],
      [
       127.070849,
       37.541178
      ],
      [
       127.070645,
       37.541114
      ],
      [
       127.070674,
       37.541269
      ],
      [
       127.07065,
       37.541399
      ],
      [
       127.070652,
       37.541617
      ],
      [
       127.070553,
       37.541712
      ],
      [
       127.070459,
       37.541867
      ],
      [
       127.070359,
       37.542127
      ],
      [
       127.07019,
       37.542232
      ],
      [
       127.07,
       37.542324
      ],
      [
       127.069793,
       37.542389
      ],
      [
       127.069503,
       37.542749
      ],
      [
       127.06922,
       37.542825
      ],
      [
       127.068997,
       37.5427
      ],
      [
       127.068673,
       37.542772
      ],
      [
       127.068397,
       37.542717
      ],
      [
       127.068127,
       37.542636
      ],
      [
       127.067934,
       37.542466
      ],
      [
       127.067735,
       37.542309
      ],
      [
       127.067464,
       37.5422
      ],
      [
       127.067311,
       37.542004
      ],
      [
       127.067176,
       37.541802
      ],
      [
       127.067034,
       37.541604
      ],
      [
       127.066892,
       37.541403
      ],
      [
       127.066948,
       37.541153
      ],
      [
       127.066768,
       37.540955
      ],
      [
       127.067081,
       37.540704
      ],
      [
       127.067378,
       37.5405
      ],
      [
       127.067294,
       37.540311
      ],
      [
       127.067481,
       37.540145
      ],
      [
       127.067286,
       37.539919
      ],
      [
       127.067419,
       37.53975
      ],
      [
       127.067512,
       37.539574
      ],
      [
       127.067602,
       37.539395
      ],
      [
       127.067794,
       37.539267
      ],
      [
       127.067719,
       37.538971
      ],
      [
       127.068002,
       37.538904
      ],
      [
       127.068116,
       37.538707
      ],
      [
       127.06812,
       37.538356
      ],
      [
       127.068465,
       37.538376
      ],
      [
       127.068669,
       37.538221
      ],
      [
       127.068921,
       37.538132
      ],
      [
       127.069169,
       37.538022
      ],
      [
       127.069427,
       37.537905
      ],
      [
       127.069707,
       37.537825
      ],
      [
       127.07,
       37.537911
      ],
      [
       127.070279,
       37.537957
      ],
      [
       127.070559,
       37.537969
      ],
      [
       127.07085,
       37.537967
      ],
      [
       127.071021,
       37.53826
      ],
      [
       127.07127,
       37.538325
      ],
      [
       127.071482,
       37.538451
      ],
      [
       127.071569,
       37.538711
      ],
      [
       127.071808,
       37.538779
      ],
      [
       127.071949,
       37.538944
      ],
      [
       127.071941,
       37.5392
      ],
      [
       127.072221,
       37.539258
      ],
      [
       127.072311,
       37.539435
      ],
      [
       127.072628,
       37.539521
      ],
      [
       127.072574,
       37.539752
      ],
      [
       127.072777,
       37.539906
      ],
      [
       127.072722,
       37.540117
      ],
      [
       127.073105,
       37.540283
      ],
      [
       127.073069,
       37.5405
      ]
     ]
    ]
   }
  },
  {
   "type": "Feature",
   "properties": {
    "대상": "카페하다 상암점",
    "구간": "P10",
    "생성": "합성(예시)"
   },
   "geometry": {
    "type": "Polygon",
    "coordinates": [
     [
      [
       126.897154,
       37.5796
      ],
      [
       126.89716,
       37.580149
      ],
      [
       126.897388,
       37.580738
      ],
      [
       126.897372,
       37.581326
      ],
      [
       126.897088,
       37.581862
      ],
      [
       126.896258,
       37.582189
      ],
      [
       126.896184,
       37.582772
      ],
      [
       126.895729,
       37.583193
      ],
      [
       126.895454,
       37.583721
      ],
      [
       126.894394,
       37.583666
      ],
      [
       126.893822,
       37.583901
      ],
      [
       126.893442,
       37.584321
      ],
      [
       126.892686,
       37.584281
      ],
      [
       126.892238,
       37.584629
      ],
      [
       126.89136,
       37.584117
      ],
      [
       126.890917,
       37.584417
      ],
      [
       126.890357,
       37.584382
      ],
      [
       126.88984,
       37.584525
      ],
      [
       126.8893,
       37.584565
      ],
      [
       126.888754,
       37.584582
      ],
      [
       126.888166,
       37.584731
      ],
      [
       126.887346,
       37.585419
      ],
      [
       126.886963,
       37.584725
      ],
      [
       126.886179,
       37.584942
      ],
      [
       126.885397,
       37.584995
      ],
      [
       126.884681,
       37.584865
      ],
      [
       126.884191,
       37.584459
      ],
      [
       126.88381,
       37.583982
      ],
      [
       126.883093,
       37.583757
      ],
      [
       126.8828,
       37.583232
      ],
      [
       126.882429,
       37.582766
      ],
      [
       126.882165,
       37.582255
      ],
      [
       126.882158,
       37.581675
      ],
      [
       126.881768,
       37.581211
      ],
      [
       126.882165,
       37.580604
      ],
      [
       126.882308,
       37.580088
      ],
      [
       126.882417,
       37.5796
      ],
      [
       126.882485,
       37.579124
      ],
      [
       126.882908,
       37.578701
      ],
      [
       126.88289,
       37.578229
      ],
      [
       126.883902,
       37.578032
      ],
      [
       126.884361,
       37.577762
      ],
      [
       126.885099,
       37.577664
      ],
      [
       126.885828,
       37.57766
      ],
      [
       126.886093,
       37.577452
      ],
      [
       126.886528,
       37.577388
      ],
      [
       126.887266,
       37.577666
      ],
      [
       126.887785,
       37.577873
      ],
      [
       126.887868,
       37.577621
      ],
      [
       126.887814,
       37.577057
      ],
      [
       126.887838,
       37.576394
      ],
      [
       126.888155,
       37.576189
      ],
      [
       126.888564,
       37.57627
      ],
      [
       126.888946,
       37.576369
      ],
      [
       126.8893,
       37.576505
      ],
      [
       126.88966,
       37.576317
      ],
      [
       126.889855,
       37.57709
      ],
      [
       126.890017,
       37.577465
      ],
      [
       126.890286,
       37.577437
      ],
      [
       126.890715,
       37.577177
      ],
      [
       126.891146,
       37.577048
      ],
      [
       126.891614,
       37.576962
      ],
      [
       126.892268,
       37.576777
      ],
      [
       126.892829,
       37.576783
      ],
      [
       126.893579,
       37.576734
      ],
      [
       126.893974,
       37.576988
      ],
      [
       126.895176,
       37.576893
      ],
      [
       126.895183,
       37.577411
      ],
      [
       126.895423,
       37.577821
      ],
      [
       126.895698,
       37.578232
      ],
      [
       126.896094,
       37.578644
      ],
      [
       126.896619,
       37.579089
      ],
      [
       126.897154,
       37.5796
      ]
     ]
    ]
   }
  },
  {
   "type": "Feature",
   "properties": {
    "대상": "카페하다 상암점",
    "구간": "P5",
    "생성": "합성(예시)"
   },
   "geometry": {
    "type": "Polygon",
    "coordinates": [
     [
      [
       126.893136,
       37.5796
      ],
      [
       126.893322,
       37.579881
      ],
      [
       126.89328,
       37.58016
      ],
      [
       126.893252,
       37.580445
      ],
      [
       126.893196,
       37.580732
      ],
      [
       126.892883,
       37.580933
      ],
      [
       126.892505,
       37.581077
      ],
      [
       126.892388,
       37.581326
      ],
      [
       126.89175,
       37.581241
      ],
      [
       126.890927,
       37.580899
      ],
      [
       126.890472,
       37.580715
      ],
      [
       126.889992,
       37.580388
      ],
      [
       126.889989,
       37.580552
      ],
      [
       126.890119,
       37.581002
      ],
      [
       126.890215,
       37.581607
      ],
      [
       126.890061,
       37.581866
      ],
      [
       126.889828,
       37.581989
      ],
      [
       126.889581,
       37.582161
      ],
      [
       126.8893,
       37.581992
      ],
      [
       126.888999,
       37.582345
      ],
      [
       126.88882,
       37.581774
      ],
      [
       126.888561,
       37.5818
      ],
      [
       126.888393,
       37.581589
      ],
      [
       126.888356,
       37.581215
      ],
      [
       126.888339,
       37.580929
      ],
      [
       126.88848,
       37.580535
      ],
      [
       126.888247,
       37.580602
      ],
      [
       126.887935,
       37.58069
      ],
      [
       126.887323,
       37.580924
      ],
      [
       126.88693,
       37.580924
      ],
      [
       126.886373,
       37.580949
      ],
      [
       126.886061,
       37.580805
      ],
      [
       126.885762,
       37.580628
      ],
      [
       126.88574,
       37.580361
      ],
      [
       126.88572,
       37.580104
      ],
      [
       126.886356,
       37.579806
      ],
      [
       126.886852,
       37.5796
      ],
      [
       126.887518,
       37.579476
      ],
      [
       126.887976,
       37.579414
      ],
      [
       126.888014,
       37.579325
      ],
      [
       126.887777,
       37.579157
      ],
      [
       126.887399,
       37.578893
      ],
      [
       126.887054,
       37.578565
      ],
      [
       126.886462,
       37.578014
      ],
      [
       126.886508,
       37.577731
      ],
      [
       126.88699,
       37.577757
      ],
      [
       126.88687,
       37.577289
      ],
      [
       126.887174,
       37.577177
      ],
      [
       126.887439,
       37.577028
      ],
      [
       126.887666,
       37.576803
      ],
      [
       126.887995,
       37.576738
      ],
      [
       126.888309,
       37.576647
      ],
      [
       126.888599,
       37.576427
      ],
      [
       126.888969,
       37.576584
      ],
      [
       126.8893,
       37.576343
      ],
      [
       126.889637,
       37.576522
      ],
      [
       126.889956,
       37.576631
      ],
      [
       126.89021,
       37.57689
      ],
      [
       126.890478,
       37.577018
      ],
      [
       126.890719,
       37.577172
      ],
      [
       126.890926,
       37.577353
      ],
      [
       126.891046,
       37.57761
      ],
      [
       126.89134,
       37.57766
      ],
      [
       126.891497,
       37.577846
      ],
      [
       126.891638,
       37.578035
      ],
      [
       126.892061,
       37.578057
      ],
      [
       126.892089,
       37.578315
      ],
      [
       126.892192,
       37.578524
      ],
      [
       126.892207,
       37.578756
      ],
      [
       126.892446,
       37.578927
      ],
      [
       126.893108,
       37.579064
      ],
      [
       126.892929,
       37.579347
      ],
      [
       126.893136,
       37.5796
      ]
     ]
    ]
   }
  },
  {
   "type": "Feature",
   "properties": {
    "대상": "카페하다 여의도점",
    "구간": "P10",
    "생성": "합성(예시)"
   },
   "geometry": {
    "type": "Polygon",
    "coordinates": [
     [
      [
       126.931875,
       37.5216
      ],
      [
       126.932257,
       37.522156
      ],
      [
       126.932134,
       37.522703
      ],
      [
       126.931998,
       37.523247
      ],
      [
       126.93113,
       37.523586
      ],
      [
       126.931386,
       37.524239
      ],
      [
       126.930642,
       37.524525
      ],
      [
       126.930117,
       37.524853
      ],
      [
       126.929089,
       37.524809
      ],
      [
       126.927928,
       37.524498
      ],
      [
       126.927229,
       37.524388
      ],
      [
       126.926319,
       37.523903
      ],
      [
       126.925767,
       37.523629
      ],
      [
       126.925253,
       37.523232
      ],
      [
       126.925306,
       37.523807
      ],
      [
       126.925185,
       37.524238
      ],
      [
       126.924971,
       37.524637
      ],
      [
       126.924685,
       37.525113
      ],
      [
       126.9243,
       37.525621
      ],
      [
       126.92379,
       37.526258
      ],
      [
       126.923251,
       37.526352
      ],
      [
       126.922545,
       37.526833
      ],
      [
       126.921929,
       37.526804
      ],
      [
       126.921458,
       37.526468
      ],
      [
       126.92047,
       37.526898
      ],
      [
       126.919734,
       37.526808
      ],
      [
       126.919309,
       37.52635
      ],
      [
       126.919065,
       37.525781
      ],
      [
       126.918385,
       37.525564
      ],
      [
       126.917983,
       37.525133
      ],
      [
       126.917533,
       37.52472
      ],
      [
       126.917694,
       37.52406
      ],
      [
       126.91713,
       37.523684
      ],
      [
       126.917673,
       37.523018
      ],
      [
       126.917269,
       37.52259
      ],
      [
       126.917741,
       37.522058
      ],
      [
       126.917555,
       37.5216
      ],
      [
       126.91822,
       37.521175
      ],
      [
       126.918886,
       37.520838
      ],
      [
       126.919633,
       37.520601
      ],
      [
       126.920299,
       37.520437
      ],
      [
       126.920957,
       37.520355
      ],
      [
       126.921577,
       37.520344
      ],
      [
       126.921818,
       37.520212
      ],
      [
       126.922433,
       37.520348
      ],
      [
       126.922318,
       37.520017
      ],
      [
       126.922054,
       37.519463
      ],
      [
       126.921777,
       37.518722
      ],
      [
       126.921796,
       37.518136
      ],
      [
       126.921859,
       37.517418
      ],
      [
       126.922122,
       37.51682
      ],
      [
       126.922581,
       37.516477
      ],
      [
       126.923324,
       37.517181
      ],
      [
       126.923932,
       37.518245
      ],
      [
       126.9243,
       37.51914
      ],
      [
       126.924569,
       37.519142
      ],
      [
       126.924977,
       37.518535
      ],
      [
       126.925531,
       37.51793
      ],
      [
       126.926113,
       37.517621
      ],
      [
       126.926977,
       37.517015
      ],
      [
       126.927521,
       37.517143
      ],
      [
       126.927978,
       37.517405
      ],
      [
       126.928537,
       37.517567
      ],
      [
       126.928937,
       37.517897
      ],
      [
       126.928767,
       37.518606
      ],
      [
       126.929514,
       37.518684
      ],
      [
       126.929877,
       37.519028
      ],
      [
       126.930509,
       37.519287
      ],
      [
       126.930984,
       37.519657
      ],
      [
       126.930366,
       37.520302
      ],
      [
       126.931444,
       37.520594
      ],
      [
       126.930827,
       37.521144
      ],
      [
       126.931875,
       37.5216
      ]
     ]
    ]
   }
  },
  {
   "type": "Feature",
   "properties": {
    "대상": "카페하다 여의도점",
    "구간": "P5",
    "생성": "합성(예시)"
   },
   "geometry": {
    "type": "Polygon",
    "coordinates": [
     [
      [
       126.927835,
       37.5216
      ],
      [
       126.927716,
       37.521839
      ],
      [
       126.927756,
       37.522087
      ],
      [
       126.927727,
       37.522333
      ],
      [
       126.927542,
       37.522542
      ],
      [
       126.927569,
       37.522818
      ],
      [
       126.927429,
       37.523043
      ],
      [
       126.927251,
       37.523251
      ],
      [
       126.926949,
       37.523376
      ],
      [
       126.926418,
       37.523291
      ],
      [
       126.926477,
       37.523672
      ],
      [
       126.926006,
       37.523546
      ],
      [
       126.925949,
       37.523881
      ],
      [
       126.925526,
       37.5237
      ],
      [
       126.925256,
       37.523698
      ],
      [
       126.925039,
       37.523803
      ],
      [
       126.924757,
       37.52367
      ],
      [
       126.924469,
       37.523146
      ],
      [
       126.9243,
       37.522791
      ],
      [
       126.924204,
       37.522479
      ],
      [
       126.924174,
       37.522172
      ],
      [
       126.924062,
       37.522309
      ],
      [
       126.923944,
       37.522381
      ],
      [
       126.923814,
       37.522432
      ],
      [
       126.92374,
       37.522375
      ],
      [
       126.923483,
       37.522532
      ],
      [
       126.923151,
       37.522694
      ],
      [
       126.922784,
       37.522811
      ],
      [
       126.922298,
       37.522942
      ],
      [
       126.922111,
       37.522824
      ],
      [
       126.921781,
       37.522762
      ],
      [
       126.921197,
       37.522756
      ],
      [
       126.920763,
       37.522628
      ],
      [
       126.921017,
       37.522303
      ],
      [
       126.920987,
       37.522067
      ],
      [
       126.921389,
       37.521803
      ],
      [
       126.921388,
       37.5216
      ],
      [
       126.921512,
       37.521405
      ],
      [
       126.921296,
       37.521177
      ],
      [
       126.921421,
       37.520984
      ],
      [
       126.921697,
       37.520843
      ],
      [
       126.921728,
       37.520642
      ],
      [
       126.921607,
       37.520358
      ],
      [
       126.921765,
       37.520182
      ],
      [
       126.921772,
       37.519906
      ],
      [
       126.922075,
       37.519823
      ],
      [
       126.92207,
       37.519477
      ],
      [
       126.922393,
       37.519425
      ],
      [
       126.922471,
       37.51907
      ],
      [
       126.922801,
       37.519032
      ],
      [
       126.92309,
       37.518946
      ],
      [
       126.923398,
       37.518913
      ],
      [
       126.923652,
       37.518666
      ],
      [
       126.923999,
       37.518849
      ],
      [
       126.9243,
       37.518824
      ],
      [
       126.924578,
       37.519059
      ],
      [
       126.924941,
       37.518696
      ],
      [
       126.925157,
       37.519044
      ],
      [
       126.925405,
       37.519176
      ],
      [
       126.925685,
       37.519227
      ],
      [
       126.925853,
       37.519451
      ],
      [
       126.9261,
       37.519546
      ],
      [
       126.926356,
       37.519643
      ],
      [
       126.92632,
       37.519987
      ],
      [
       126.92639,
       37.520199
      ],
      [
       126.926559,
       37.520337
      ],
      [
       126.926733,
       37.520478
      ],
      [
       126.926862,
       37.520646
      ],
      [
       126.926978,
       37.520821
      ],
      [
       126.927471,
       37.520921
      ],
      [
       126.927273,
       37.521181
      ],
      [
       126.92752,
       37.521375
      ],
      [
       126.927835,
       37.5216
      ]
     ]
    ]
   }
  },
  {
   "type": "Feature",
   "properties": {
    "대상": "카페하다 종로3가점",
    "구간": "P10",
    "생성": "합성(예시)"
   },
   "geometry": {
    "type": "Polygon",
    "coordinates": [
     [
      [
       126.997368,
       37.5704
      ],
      [
       126.997867,
       37.570831
      ],
      [
       126.997922,
       37.571276
      ],
      [
       126.997814,
       37.571708
      ],
      [
       126.997202,
       37.571998
      ],
      [
       126.997193,
       37.572444
      ],
      [
       126.996596,
       37.572656
      ],
      [
       126.996141,
       37.572882
      ],
      [
       126.996182,
       37.573402
      ],
      [
       126.995559,
       37.573481
      ],
      [
       126.995238,
       37.573765
      ],
      [
       126.994645,
       37.573757
      ],
      [
       126.994301,
       37.573996
      ],
      [
       126.993891,
       37.574151
      ],
      [
       126.993277,
       37.573859
      ],
      [
       126.993008,
       37.574296
      ],
      [
       126.992527,
       37.574142
      ],
      [
       126.992099,
       37.574041
      ],
      [
       126.9917,
       37.574396
      ],
      [
       126.991262,
       37.574395
      ],
      [
       126.99081,
       37.57443
      ],
      [
       126.990303,
       37.574563
      ],
      [
       126.989876,
       37.574401
      ],
      [
       126.989447,
       37.574256
      ],
      [
       126.988616,
       37.574664
      ],
      [
       126.988235,
       37.57435
      ],
      [
       126.98774,
       37.574167
      ],
      [
       126.98767,
       37.573617
      ],
      [
       126.986893,
       37.57362
      ],
      [
       126.986786,
       37.573146
      ],
      [
       126.986353,
       37.572864
      ],
      [
       126.986299,
       37.57241
      ],
      [
       126.98643,
       37.571931
      ],
      [
       126.986439,
       37.571525
      ],
      [
       126.985856,
       37.571223
      ],
      [
       126.986268,
       37.570779
      ],
      [
       126.98619,
       37.5704
      ],
      [
       126.986717,
       37.570052
      ],
      [
       126.986789,
       37.569709
      ],
      [
       126.987364,
       37.569473
      ],
      [
       126.986885,
       37.569001
      ],
      [
       126.987044,
       37.568667
      ],
      [
       126.987596,
       37.568509
      ],
      [
       126.987311,
       37.567947
      ],
      [
       126.98775,
       37.567754
      ],
      [
       126.988096,
       37.567523
      ],
      [
       126.988413,
       37.567273
      ],
      [
       126.98869,
       37.566969
      ],
      [
       126.988629,
       37.566154
      ],
      [
       126.989298,
       37.566288
      ],
      [
       126.989705,
       37.566026
      ],
      [
       126.990125,
       37.565708
      ],
      [
       126.990618,
       37.565504
      ],
      [
       126.991153,
       37.565408
      ],
      [
       126.9917,
       37.565281
      ],
      [
       126.992238,
       37.565494
      ],
      [
       126.992642,
       37.566136
      ],
      [
       126.993136,
       37.566124
      ],
      [
       126.99357,
       37.5663
      ],
      [
       126.993869,
       37.566687
      ],
      [
       126.994207,
       37.566935
      ],
      [
       126.994417,
       37.567303
      ],
      [
       126.9945,
       37.567736
      ],
      [
       126.993969,
       37.568589
      ],
      [
       126.993589,
       37.569135
      ],
      [
       126.992976,
       37.569687
      ],
      [
       126.993792,
       37.569436
      ],
      [
       126.995038,
       37.569158
      ],
      [
       126.995732,
       37.569229
      ],
      [
       126.996919,
       37.569284
      ],
      [
       126.996821,
       37.569679
      ],
      [
       126.997339,
       37.570006
      ],
      [
       126.997368,
       37.5704
      ]
     ]
    ]
   }
  },
  {
   "type": "Feature",
   "properties": {
    "대상": "카페하다 종로3가점",
    "구간": "P5",
    "생성": "합성(예시)"
   },
   "geometry": {
    "type": "Polygon",
    "coordinates": [
     [
      [
       126.994767,
       37.5704
      ],
      [
       126.994679,
       37.570608
      ],
      [
       126.994775,
       37.570833
      ],
      [
       126.994796,
       37.571062
      ],
      [
       126.994759,
       37.571289
      ],
      [
       126.994569,
       37.571468
      ],
      [
       126.994531,
       37.571704
      ],
      [
       126.994126,
       37.571756
      ],
      [
       126.99407,
       37.571987
      ],
      [
       126.993669,
       37.571971
      ],
      [
       126.9935,
       37.572113
      ],
      [
       126.993231,
       37.572145
      ],
      [
       126.992959,
       37.572141
      ],
      [
       126.992862,
       37.57239
      ],
      [
       126.992511,
       37.572179
      ],
      [
       126.992321,
       37.572249
      ],
      [
       126.992161,
       37.572485
      ],
      [
       126.991925,
       37.572448
      ],
      [
       126.9917,
       37.572535
      ],
      [
       126.991457,
       37.572613
      ],
      [
       126.991213,
       37.572605
      ],
      [
       126.991047,
       37.572345
      ],
      [
       126.990733,
       37.572521
      ],
      [
       126.990455,
       37.572531
      ],
      [
       126.990325,
       37.5723
      ],
      [
       126.989867,
       37.57249
      ],
      [
       126.989612,
       37.572387
      ],
      [
       126.989349,
       37.572276
      ],
      [
       126.989341,
       37.57198
      ],
      [
       126.988992,
       37.571913
      ],
      [
       126.98886,
       37.571709
      ],
      [
       126.988943,
       37.571426
      ],
      [
       126.989096,
       37.571156
      ],
      [
       126.989143,
       37.570947
      ],
      [
       126.989355,
       37.57073
      ],
      [
       126.989609,
       37.570546
      ],
      [
       126.989804,
       37.5704
      ],
      [
       126.989961,
       37.570279
      ],
      [
       126.990328,
       37.570207
      ],
      [
       126.990569,
       37.570158
      ],
      [
       126.990695,
       37.570108
      ],
      [
       126.990876,
       37.570093
      ],
      [
       126.99088,
       37.570022
      ],
      [
       126.990696,
       37.569839
      ],
      [
       126.990643,
       37.569692
      ],
      [
       126.990531,
       37.569467
      ],
      [
       126.990462,
       37.569222
      ],
      [
       126.990498,
       37.56903
      ],
      [
       126.990437,
       37.568654
      ],
      [
       126.99052,
       37.568379
      ],
      [
       126.99075,
       37.568316
      ],
      [
       126.990873,
       37.567936
      ],
      [
       126.991151,
       37.567914
      ],
      [
       126.991436,
       37.567994
      ],
      [
       126.9917,
       37.567876
      ],
      [
       126.99198,
       37.567846
      ],
      [
       126.992223,
       37.568034
      ],
      [
       126.992489,
       37.56805
      ],
      [
       126.992696,
       37.568216
      ],
      [
       126.992888,
       37.568367
      ],
      [
       126.993023,
       37.568571
      ],
      [
       126.993116,
       37.568786
      ],
      [
       126.993347,
       37.568833
      ],
      [
       126.993544,
       37.568928
      ],
      [
       126.993507,
       37.56919
      ],
      [
       126.993721,
       37.56927
      ],
      [
       126.993952,
       37.569362
      ],
      [
       126.993855,
       37.569598
      ],
      [
       126.994144,
       37.56969
      ],
      [
       126.994487,
       37.569804
      ],
      [
       126.99459,
       37.569993
      ],
      [
       126.994646,
       37.570194
      ],
      [
       126.994767,
       37.5704
      ]
     ]
    ]
   }
  },
  {
   "type": "Feature",
   "properties": {
    "대상": "카페하다 사당점",
    "구간": "P10",
    "생성": "합성(예시)"
   },
   "geometry": {
    "type": "Polygon",
    "coordinates": [
     [
      [
       126.984683,
       37.4765
      ],
      [
       126.984383,
       37.476695
      ],
      [
       126.984425,
       37.476898
      ],
      [
       126.985074,
       37.477244
      ],
      [
       126.985709,
       37.477695
      ],
      [
       126.98618,
       37.478207
      ],
      [
       126.986138,
       37.478594
      ],
      [
       126.986462,
       37.479221
      ],
      [
       126.986423,
       37.479734
      ],
      [
       126.986194,
       37.480171
      ],
      [
       126.986306,
       37.480983
      ],
      [
       126.985734,
       37.481219
      ],
      [
       126.985063,
       37.481294
      ],
      [
       126.984415,
       37.481325
      ],
      [
       126.983913,
       37.481579
      ],
      [
       126.983119,
       37.48103
      ],
      [
       126.982539,
       37.480754
      ],
      [
       126.982019,
       37.480325
      ],
      [
       126.9816,
       37.480011
      ],
      [
       126.981268,
       37.479534
      ],
      [
       126.981062,
       37.478936
      ],
      [
       126.981012,
       37.478252
      ],
      [
       126.980563,
       37.478777
      ],
      [
       126.979932,
       37.479358
      ],
      [
       126.979091,
       37.479974
      ],
      [
       126.978207,
       37.480372
      ],
      [
       126.977126,
       37.480761
      ],
      [
       126.976235,
       37.480788
      ],
      [
       126.975448,
       37.480626
      ],
      [
       126.974877,
       37.480262
      ],
      [
       126.974841,
       37.479619
      ],
      [
       126.974482,
       37.479153
      ],
      [
       126.974701,
       37.478507
      ],
      [
       126.974772,
       37.477962
      ],
      [
       126.974459,
       37.477506
      ],
      [
       126.974429,
       37.477001
      ],
      [
       126.97452,
       37.4765
      ],
      [
       126.97462,
       37.476012
      ],
      [
       126.974961,
       37.475564
      ],
      [
       126.975773,
       37.475252
      ],
      [
       126.975842,
       37.474825
      ],
      [
       126.975957,
       37.474397
      ],
      [
       126.97588,
       37.473861
      ],
      [
       126.975907,
       37.473314
      ],
      [
       126.977039,
       37.473441
      ],
      [
       126.977425,
       37.473164
      ],
      [
       126.97782,
       37.472899
      ],
      [
       126.978195,
       37.472614
      ],
      [
       126.97888,
       37.472735
      ],
      [
       126.979582,
       37.473041
      ],
      [
       126.980077,
       37.473156
      ],
      [
       126.98051,
       37.473249
      ],
      [
       126.980987,
       37.47372
      ],
      [
       126.981351,
       37.474221
      ],
      [
       126.9816,
       37.474077
      ],
      [
       126.981884,
       37.473906
      ],
      [
       126.982268,
       37.473471
      ],
      [
       126.982686,
       37.473261
      ],
      [
       126.983204,
       37.472977
      ],
      [
       126.983616,
       37.473045
      ],
      [
       126.984354,
       37.472687
      ],
      [
       126.984647,
       37.473022
      ],
      [
       126.985201,
       37.47307
      ],
      [
       126.985883,
       37.473077
      ],
      [
       126.986757,
       37.473042
      ],
      [
       126.986635,
       37.473682
      ],
      [
       126.986296,
       37.474333
      ],
      [
       126.986639,
       37.474622
      ],
      [
       126.986251,
       37.475147
      ],
      [
       126.986247,
       37.475505
      ],
      [
       126.985967,
       37.475885
      ],
      [
       126.985672,
       37.476215
      ],
      [
       126.984683,
       37.4765
      ]
     ]
    ]
   }
  },
  {
   "type": "Feature",
   "properties": {
    "대상": "카페하다 사당점",
    "구간": "P5",
    "생성": "합성(예시)"
   },
   "geometry": {
    "type": "Polygon",
    "coordinates": [
     [
      [
       126.984432,
       37.4765
      ],
      [
       126.984364,
       37.476693
      ],
      [
       126.983852,
       37.476817
      ],
      [
       126.98339,
       37.476883
      ],
      [
       126.98292,
       37.476884
      ],
      [
       126.982427,
       37.476808
      ],
      [
       126.982476,
       37.476904
      ],
      [
       126.982398,
       37.476946
      ],
      [
       126.982259,
       37.476942
      ],
      [
       126.982212,
       37.476989
      ],
      [
       126.982387,
       37.477249
      ],
      [
       126.982317,
       37.477318
      ],
      [
       126.982368,
       37.477563
      ],
      [
       126.982175,
       37.477485
      ],
      [
       126.982063,
       37.477516
      ],
      [
       126.981872,
       37.477311
      ],
      [
       126.981781,
       37.477321
      ],
      [
       126.981722,
       37.47761
      ],
      [
       126.9816,
       37.477715
      ],
      [
       126.981429,
       37.478063
      ],
      [
       126.981206,
       37.478286
      ],
      [
       126.981036,
       37.478182
      ],
      [
       126.980705,
       37.478465
      ],
      [
       126.980329,
       37.478678
      ],
      [
       126.979937,
       37.478802
      ],
      [
       126.979699,
       37.478669
      ],
      [
       126.97925,
       37.478738
      ],
      [
       126.979002,
       37.478577
      ],
      [
       126.978823,
       37.478362
      ],
      [
       126.978672,
       37.478139
      ],
      [
       126.978369,
       37.477991
      ],
      [
       126.978401,
       37.477692
      ],
      [
       126.978394,
       37.477433
      ],
      [
       126.97847,
       37.47717
      ],
      [
       126.978464,
       37.476942
      ],
      [
       126.978602,
       37.47671
      ],
      [
       126.97846,
       37.4765
      ],
      [
       126.978415,
       37.476277
      ],
      [
       126.978733,
       37.476096
      ],
      [
       126.978829,
       37.475907
      ],
      [
       126.978987,
       37.47574
      ],
      [
       126.978979,
       37.475523
      ],
      [
       126.979133,
       37.475362
      ],
      [
       126.979247,
       37.475183
      ],
      [
       126.979211,
       37.474898
      ],
      [
       126.979517,
       37.474835
      ],
      [
       126.979377,
       37.474383
      ],
      [
       126.979646,
       37.474269
      ],
      [
       126.979984,
       37.474263
      ],
      [
       126.980134,
       37.473988
      ],
      [
       126.980392,
       37.473847
      ],
      [
       126.980708,
       37.473841
      ],
      [
       126.980975,
       37.473665
      ],
      [
       126.981304,
       37.473797
      ],
      [
       126.9816,
       37.473712
      ],
      [
       126.981902,
       37.473741
      ],
      [
       126.982218,
       37.4737
      ],
      [
       126.982431,
       37.47402
      ],
      [
       126.982698,
       37.474088
      ],
      [
       126.982947,
       37.474192
      ],
      [
       126.983145,
       37.474362
      ],
      [
       126.983131,
       37.474753
      ],
      [
       126.983508,
       37.474683
      ],
      [
       126.983752,
       37.47478
      ],
      [
       126.98375,
       37.475058
      ],
      [
       126.983902,
       37.475212
      ],
      [
       126.984012,
       37.475387
      ],
      [
       126.984205,
       37.475529
      ],
      [
       126.984537,
       37.475646
      ],
      [
       126.984634,
       37.47585
      ],
      [
       126.984948,
       37.476028
      ],
      [
       126.984904,
       37.476269
      ],
      [
       126.984432,
       37.4765
      ]
     ]
    ]
   }
  },
  {
   "type": "Feature",
   "properties": {
    "대상": "카페하다 노원점",
    "구간": "P10",
    "생성": "합성(예시)"
   },
   "geometry": {
    "type": "Polygon",
    "coordinates": [
     [
      [
       127.06065,
       37.6542
      ],
      [
       127.060236,
       37.65444
      ],
      [
       127.05959,
       37.654592
      ],
      [
       127.059798,
       37.654841
      ],
      [
       127.060512,
       37.655277
      ],
      [
       127.061253,
       37.655856
      ],
      [
       127.061494,
       37.656361
      ],
      [
       127.061823,
       37.657004
      ],
      [
       127.061831,
       37.657566
      ],
      [
       127.061714,
       37.658118
      ],
      [
       127.061289,
       37.658465
      ],
      [
       127.061199,
       37.659209
      ],
      [
       127.060043,
       37.658679
      ],
      [
       127.059566,
       37.658929
      ],
      [
       127.059073,
       37.659178
      ],
      [
       127.058552,
       37.659412
      ],
      [
       127.057897,
       37.659162
      ],
      [
       127.057393,
       37.659607
      ],
      [
       127.0568,
       37.659084
      ],
      [
       127.056201,
       37.659658
      ],
      [
       127.055632,
       37.659479
      ],
      [
       127.054965,
       37.659659
      ],
      [
       127.054255,
       37.659774
      ],
      [
       127.053746,
       37.659421
      ],
      [
       127.052906,
       37.659578
      ],
      [
       127.052104,
       37.659547
      ],
      [
       127.051597,
       37.659143
      ],
      [
       127.05105,
       37.658785
      ],
      [
       127.050556,
       37.658377
      ],
      [
       127.050752,
       37.657576
      ],
      [
       127.050759,
       37.656981
      ],
      [
       127.051108,
       37.656316
      ],
      [
       127.051945,
       37.655609
      ],
      [
       127.052516,
       37.655115
      ],
      [
       127.05279,
       37.654764
      ],
      [
       127.05348,
       37.654432
      ],
      [
       127.054,
       37.6542
      ],
      [
       127.054307,
       37.654026
      ],
      [
       127.053857,
       37.653786
      ],
      [
       127.053145,
       37.653419
      ],
      [
       127.052881,
       37.653063
      ],
      [
       127.052706,
       37.652678
      ],
      [
       127.052559,
       37.652248
      ],
      [
       127.052156,
       37.651608
      ],
      [
       127.051432,
       37.650609
      ],
      [
       127.051752,
       37.650175
      ],
      [
       127.052205,
       37.649834
      ],
      [
       127.052408,
       37.649199
      ],
      [
       127.052793,
       37.648666
      ],
      [
       127.053562,
       37.648664
      ],
      [
       127.054175,
       37.64845
      ],
      [
       127.054758,
       37.648124
      ],
      [
       127.055381,
       37.647782
      ],
      [
       127.05608,
       37.647636
      ],
      [
       127.0568,
       37.647457
      ],
      [
       127.057432,
       37.648443
      ],
      [
       127.058159,
       37.648054
      ],
      [
       127.05868,
       37.648605
      ],
      [
       127.059256,
       37.648821
      ],
      [
       127.059887,
       37.648922
      ],
      [
       127.060396,
       37.649235
      ],
      [
       127.060762,
       37.649688
      ],
      [
       127.060746,
       37.650451
      ],
      [
       127.061531,
       37.650428
      ],
      [
       127.061839,
       37.650829
      ],
      [
       127.062219,
       37.651175
      ],
      [
       127.062703,
       37.651483
      ],
      [
       127.062717,
       37.652
      ],
      [
       127.062771,
       37.652467
      ],
      [
       127.062098,
       37.653068
      ],
      [
       127.061884,
       37.653485
      ],
      [
       127.061658,
       37.653861
      ],
      [
       127.06065,
       37.6542
      ]
     ]
    ]
   }
  },
  {
   "type": "Feature",
   "properties": {
    "대상": "카페하다 노원점",
    "구간": "P5",
    "생성": "합성(예시)"
   },
   "geometry": {
    "type": "Polygon",
    "coordinates": [
     [
      [
       127.06057,
       37.6542
      ],
      [
       127.060368,
       37.654449
      ],
      [
       127.060769,
       37.654758
      ],
      [
       127.060421,
       37.654974
      ],
      [
       127.060464,
       37.655263
      ],
      [
       127.060308,
       37.655504
      ],
      [
       127.060312,
       37.655817
      ],
      [
       127.059903,
       37.655932
      ],
      [
       127.059554,
       37.656043
      ],
      [
       127.059336,
       37.656222
      ],
      [
       127.059048,
       37.656336
      ],
      [
       127.058789,
       37.656465
      ],
      [
       127.05836,
       37.656355
      ],
      [
       127.0582,
       37.656595
      ],
      [
       127.057849,
       37.656499
      ],
      [
       127.057574,
       37.656504
      ],
      [
       127.05721,
       37.656053
      ],
      [
       127.056999,
       37.656011
      ],
      [
       127.0568,
       37.6556
      ],
      [
       127.056658,
       37.655491
      ],
      [
       127.056608,
       37.655067
      ],
      [
       127.056445,
       37.655255
      ],
      [
       127.056184,
       37.65555
      ],
      [
       127.055788,
       37.65593
      ],
      [
       127.055434,
       37.656086
      ],
      [
       127.05477,
       37.656511
      ],
      [
       127.054521,
       37.656365
      ],
      [
       127.054051,
       37.656392
      ],
      [
       127.053933,
       37.656118
      ],
      [
       127.053537,
       37.656022
      ],
      [
       127.053572,
       37.655686
      ],
      [
       127.053436,
       37.655451
      ],
      [
       127.053372,
       37.655195
      ],
      [
       127.053412,
       37.654924
      ],
      [
       127.053318,
       37.65469
      ],
      [
       127.053281,
       37.654445
      ],
      [
       127.053663,
       37.6542
      ],
      [
       127.053554,
       37.653974
      ],
      [
       127.053726,
       37.653768
      ],
      [
       127.053924,
       37.653586
      ],
      [
       127.053986,
       37.653383
      ],
      [
       127.053926,
       37.653131
      ],
      [
       127.054255,
       37.653028
      ],
      [
       127.054643,
       37.652996
      ],
      [
       127.055291,
       37.65319
      ],
      [
       127.055631,
       37.653268
      ],
      [
       127.05606,
       37.653497
      ],
      [
       127.055812,
       37.653075
      ],
      [
       127.055629,
       37.652583
      ],
      [
       127.055568,
       37.652094
      ],
      [
       127.055613,
       37.651601
      ],
      [
       127.055765,
       37.65112
      ],
      [
       127.056156,
       37.65129
      ],
      [
       127.056461,
       37.651114
      ],
      [
       127.0568,
       37.651228
      ],
      [
       127.057115,
       37.651332
      ],
      [
       127.057438,
       37.651315
      ],
      [
       127.057753,
       37.651364
      ],
      [
       127.057999,
       37.651573
      ],
      [
       127.058116,
       37.65195
      ],
      [
       127.058509,
       37.65184
      ],
      [
       127.058556,
       37.652201
      ],
      [
       127.058832,
       37.652269
      ],
      [
       127.058964,
       37.652475
      ],
      [
       127.059017,
       37.652717
      ],
      [
       127.059209,
       37.652855
      ],
      [
       127.059301,
       37.653049
      ],
      [
       127.059837,
       37.653071
      ],
      [
       127.059821,
       37.653323
      ],
      [
       127.059971,
       37.653522
      ],
      [
       127.060239,
       37.653716
      ],
      [
       127.060424,
       37.653947
      ],
      [
       127.06057,
       37.6542
      ]
     ]
    ]
   }
  },
  {
   "type": "Feature",
   "properties": {
    "대상": "카페하다 수유점",
    "구간": "P10",
    "생성": "합성(예시)"
   },
   "geometry": {
    "type": "Polygon",
    "coordinates": [
     [
      [
       127.032149,
       37.6377
      ],
      [
       127.031375,
       37.63811
      ],
      [
       127.030931,
       37.638464
      ],
      [
       127.030044,
       37.638671
      ],
      [
       127.028901,
       37.638687
      ],
      [
       127.028165,
       37.638691
      ],
      [
       127.02739,
       37.63857
      ],
      [
       127.02692,
       37.638493
      ],
      [
       127.027075,
       37.638754
      ],
      [
       127.026857,
       37.638782
      ],
      [
       127.026672,
       37.638814
      ],
      [
       127.02642,
       37.638748
      ],
      [
       127.026624,
       37.639252
      ],
      [
       127.026587,
       37.639559
      ],
      [
       127.026627,
       37.64017
      ],
      [
       127.02656,
       37.640854
      ],
      [
       127.026369,
       37.641631
      ],
      [
       127.02595,
       37.6418
      ],
      [
       127.0255,
       37.642634
      ],
      [
       127.02491,
       37.643079
      ],
      [
       127.024332,
       37.642984
      ],
      [
       127.023723,
       37.642989
      ],
      [
       127.023405,
       37.64229
      ],
      [
       127.022889,
       37.642165
      ],
      [
       127.022957,
       37.641213
      ],
      [
       127.022906,
       37.640654
      ],
      [
       127.023075,
       37.640005
      ],
      [
       127.023251,
       37.639493
      ],
      [
       127.022864,
       37.639464
      ],
      [
       127.022259,
       37.63951
      ],
      [
       127.021646,
       37.639475
      ],
      [
       127.020365,
       37.639609
      ],
      [
       127.019979,
       37.639302
      ],
      [
       127.018851,
       37.639121
      ],
      [
       127.018279,
       37.638715
      ],
      [
       127.018496,
       37.638189
      ],
      [
       127.018685,
       37.6377
      ],
      [
       127.018408,
       37.637205
      ],
      [
       127.019059,
       37.636794
      ],
      [
       127.019251,
       37.636365
      ],
      [
       127.019517,
       37.635963
      ],
      [
       127.019032,
       37.635295
      ],
      [
       127.020011,
       37.635173
      ],
      [
       127.019475,
       37.634336
      ],
      [
       127.019972,
       37.634001
      ],
      [
       127.019893,
       37.633228
      ],
      [
       127.020592,
       37.633036
      ],
      [
       127.020711,
       37.632245
      ],
      [
       127.021125,
       37.631657
      ],
      [
       127.021919,
       37.631576
      ],
      [
       127.022565,
       37.631268
      ],
      [
       127.023305,
       37.631167
      ],
      [
       127.024017,
       37.630992
      ],
      [
       127.024756,
       37.630922
      ],
      [
       127.0255,
       37.631061
      ],
      [
       127.026229,
       37.631059
      ],
      [
       127.026867,
       37.631518
      ],
      [
       127.027544,
       37.631617
      ],
      [
       127.028176,
       37.631836
      ],
      [
       127.028573,
       37.632445
      ],
      [
       127.029209,
       37.632577
      ],
      [
       127.029166,
       37.633525
      ],
      [
       127.029758,
       37.633653
      ],
      [
       127.030236,
       37.633923
      ],
      [
       127.03051,
       37.634347
      ],
      [
       127.031111,
       37.634567
      ],
      [
       127.031648,
       37.634869
      ],
      [
       127.032139,
       37.635231
      ],
      [
       127.032719,
       37.635605
      ],
      [
       127.032144,
       37.63628
      ],
      [
       127.032708,
       37.636686
      ],
      [
       127.031784,
       37.637262
      ],
      [
       127.032149,
       37.6377
      ]
     ]
    ]
   }
  },
  {
   "type": "Feature",
   "properties": {
    "대상": "카페하다 수유점",
    "구간": "P5",
    "생성": "합성(예시)"
   },
   "geometry": {
    "type": "Polygon",
    "coordinates": [
     [
      [
       127.029245,
       37.6377
      ],
      [
       127.028964,
       37.637942
      ],
      [
       127.029079,
       37.638203
      ],
      [
       127.029016,
       37.638451
      ],
      [
       127.028818,
       37.638663
      ],
      [
       127.028652,
       37.638872
      ],
      [
       127.02855,
       37.639104
      ],
      [
       127.028576,
       37.639418
      ],
      [
       127.028272,
       37.639555
      ],
      [
       127.027861,
       37.639583
      ],
      [
       127.027456,
       37.639559
      ],
      [
       127.027447,
       37.639918
      ],
      [
       127.027039,
       37.639826
      ],
      [
       127.02674,
       37.639821
      ],
      [
       127.026464,
       37.639812
      ],
      [
       127.026314,
       37.640123
      ],
      [
       127.026021,
       37.640057
      ],
      [
       127.025757,
       37.640044
      ],
      [
       127.0255,
       37.640085
      ],
      [
       127.025245,
       37.640029
      ],
      [
       127.024968,
       37.640107
      ],
      [
       127.024678,
       37.640145
      ],
      [
       127.024344,
       37.640233
      ],
      [
       127.024112,
       37.640075
      ],
      [
       127.023738,
       37.640134
      ],
      [
       127.023364,
       37.640133
      ],
      [
       127.023226,
       37.639861
      ],
      [
       127.022865,
       37.639801
      ],
      [
       127.022602,
       37.639639
      ],
      [
       127.022486,
       37.639383
      ],
      [
       127.022399,
       37.639128
      ],
      [
       127.022448,
       37.638835
      ],
      [
       127.022077,
       37.638693
      ],
      [
       127.022531,
       37.638334
      ],
      [
       127.022404,
       37.638135
      ],
      [
       127.022657,
       37.637898
      ],
      [
       127.023293,
       37.6377
      ],
      [
       127.023252,
       37.637543
      ],
      [
       127.023603,
       37.637433
      ],
      [
       127.024133,
       37.637408
      ],
      [
       127.024382,
       37.637376
      ],
      [
       127.024533,
       37.63734
      ],
      [
       127.024421,
       37.637203
      ],
      [
       127.024243,
       37.636998
      ],
      [
       127.02414,
       37.63679
      ],
      [
       127.023999,
       37.636503
      ],
      [
       127.02389,
       37.63617
      ],
      [
       127.02385,
       37.63582
      ],
      [
       127.023836,
       37.635402
      ],
      [
       127.023964,
       37.635073
      ],
      [
       127.024223,
       37.634903
      ],
      [
       127.02459,
       37.634993
      ],
      [
       127.024878,
       37.634887
      ],
      [
       127.025191,
       37.634881
      ],
      [
       127.0255,
       37.634788
      ],
      [
       127.025795,
       37.635011
      ],
      [
       127.026108,
       37.634952
      ],
      [
       127.026455,
       37.634856
      ],
      [
       127.026616,
       37.635255
      ],
      [
       127.026848,
       37.635394
      ],
      [
       127.02719,
       37.635366
      ],
      [
       127.027156,
       37.635814
      ],
      [
       127.027332,
       37.635959
      ],
      [
       127.027444,
       37.63615
      ],
      [
       127.027868,
       37.636115
      ],
      [
       127.027793,
       37.636419
      ],
      [
       127.028179,
       37.636467
      ],
      [
       127.028297,
       37.63666
      ],
      [
       127.028641,
       37.636788
      ],
      [
       127.028435,
       37.637073
      ],
      [
       127.028773,
       37.63724
      ],
      [
       127.02896,
       37.637459
      ],
      [
       127.029245,
       37.6377
      ]
     ]
    ]
   }
  },
  {
   "type": "Feature",
   "properties": {
    "대상": "카페하다 화곡점",
    "구간": "P10",
    "생성": "합성(예시)"
   },
   "geometry": {
    "type": "Polygon",
    "coordinates": [
     [
      [
       126.84838,
       37.5416
      ],
      [
       126.848265,
       37.542149
      ],
      [
       126.848532,
       37.542745
      ],
      [
       126.848706,
       37.543377
      ],
      [
       126.847668,
       37.543712
      ],
      [
       126.847953,
       37.544412
      ],
      [
       126.847341,
       37.5448
      ],
      [
       126.8466,
       37.545066
      ],
      [
       126.846845,
       37.545918
      ],
      [
       126.846156,
       37.546197
      ],
      [
       126.84516,
       37.54613
      ],
      [
       126.84471,
       37.546515
      ],
      [
       126.843783,
       37.546279
      ],
      [
       126.84312,
       37.546257
      ],
      [
       126.842781,
       37.546824
      ],
      [
       126.842206,
       37.546981
      ],
      [
       126.841578,
       37.546933
      ],
      [
       126.840981,
       37.546905
      ],
      [
       126.8404,
       37.547134
      ],
      [
       126.839843,
       37.546686
      ],
      [
       126.839152,
       37.547253
      ],
      [
       126.838432,
       37.547466
      ],
      [
       126.837889,
       37.547109
      ],
      [
       126.837426,
       37.546693
      ],
      [
       126.837079,
       37.546193
      ],
      [
       126.836488,
       37.546061
      ],
      [
       126.836656,
       37.545163
      ],
      [
       126.836563,
       37.544664
      ],
      [
       126.836841,
       37.543984
      ],
      [
       126.836751,
       37.54364
      ],
      [
       126.83721,
       37.54307
      ],
      [
       126.837605,
       37.542641
      ],
      [
       126.837818,
       37.54235
      ],
      [
       126.837064,
       37.542314
      ],
      [
       126.836831,
       37.542103
      ],
      [
       126.836322,
       37.541885
      ],
      [
       126.835808,
       37.5416
      ],
      [
       126.835871,
       37.541284
      ],
      [
       126.835229,
       37.540872
      ],
      [
       126.835067,
       37.540459
      ],
      [
       126.835347,
       37.540131
      ],
      [
       126.836027,
       37.539972
      ],
      [
       126.836896,
       37.539984
      ],
      [
       126.837376,
       37.539909
      ],
      [
       126.838371,
       37.540241
      ],
      [
       126.838412,
       37.540013
      ],
      [
       126.838158,
       37.539467
      ],
      [
       126.837902,
       37.538752
      ],
      [
       126.837937,
       37.538194
      ],
      [
       126.837676,
       37.536935
      ],
      [
       126.837692,
       37.535658
      ],
      [
       126.838323,
       37.535411
      ],
      [
       126.838972,
       37.535134
      ],
      [
       126.83966,
       37.534844
      ],
      [
       126.8404,
       37.53501
      ],
      [
       126.841067,
       37.535515
      ],
      [
       126.841764,
       37.535423
      ],
      [
       126.842323,
       37.535871
      ],
      [
       126.843128,
       37.535616
      ],
      [
       126.843673,
       37.535996
      ],
      [
       126.843606,
       37.537166
      ],
      [
       126.844319,
       37.537131
      ],
      [
       126.844556,
       37.537645
      ],
      [
       126.844714,
       37.538155
      ],
      [
       126.845435,
       37.538226
      ],
      [
       126.846036,
       37.538449
      ],
      [
       126.846271,
       37.538893
      ],
      [
       126.8471,
       37.539105
      ],
      [
       126.846606,
       37.539796
      ],
      [
       126.847834,
       37.540009
      ],
      [
       126.847075,
       37.54066
      ],
      [
       126.847708,
       37.541089
      ],
      [
       126.84838,
       37.5416
      ]
     ]
    ]
   }
  },
  {
   "type": "Feature",
   "properties": {
    "대상": "카페하다 화곡점",
    "구간": "P5",
    "생성": "합성(예시)"
   },
   "geometry": {
    "type": "Polygon",
    "coordinates": [
     [
      [
       126.844077,
       37.5416
      ],
      [
       126.844065,
       37.541856
      ],
      [
       126.844476,
       37.542174
      ],
      [
       126.844096,
       37.542391
      ],
      [
       126.844393,
       37.542761
      ],
      [
       126.844139,
       37.542992
      ],
      [
       126.843996,
       37.543258
      ],
      [
       126.8438,
       37.543501
      ],
      [
       126.843645,
       37.543774
      ],
      [
       126.842949,
       37.543635
      ],
      [
       126.842623,
       37.543715
      ],
      [
       126.842299,
       37.543766
      ],
      [
       126.841719,
       37.543424
      ],
      [
       126.841401,
       37.543314
      ],
      [
       126.841084,
       37.5431
      ],
      [
       126.840797,
       37.542783
      ],
      [
       126.84062,
       37.542598
      ],
      [
       126.840506,
       37.54257
      ],
      [
       126.8404,
       37.542774
      ],
      [
       126.840236,
       37.5431
      ],
      [
       126.840045,
       37.543207
      ],
      [
       126.839679,
       37.543748
      ],
      [
       126.839383,
       37.543832
      ],
      [
       126.838982,
       37.544028
      ],
      [
       126.838467,
       37.544274
      ],
      [
       126.838162,
       37.544152
      ],
      [
       126.837696,
       37.544173
      ],
      [
       126.837487,
       37.543926
      ],
      [
       126.83711,
       37.543805
      ],
      [
       126.837172,
       37.543405
      ],
      [
       126.837444,
       37.542963
      ],
      [
       126.83739,
       37.542721
      ],
      [
       126.837853,
       37.54234
      ],
      [
       126.837978,
       37.542118
      ],
      [
       126.838254,
       37.541902
      ],
      [
       126.838536,
       37.54173
      ],
      [
       126.838732,
       37.5416
      ],
      [
       126.839029,
       37.541504
      ],
      [
       126.839311,
       37.541447
      ],
      [
       126.839172,
       37.541337
      ],
      [
       126.83896,
       37.541182
      ],
      [
       126.838816,
       37.54101
      ],
      [
       126.838593,
       37.540767
      ],
      [
       126.838598,
       37.540593
      ],
      [
       126.838606,
       37.540398
      ],
      [
       126.83854,
       37.540115
      ],
      [
       126.838373,
       37.539671
      ],
      [
       126.838341,
       37.539252
      ],
      [
       126.838446,
       37.538898
      ],
      [
       126.838788,
       37.538839
      ],
      [
       126.838954,
       37.538428
      ],
      [
       126.839386,
       37.538577
      ],
      [
       126.839719,
       37.538517
      ],
      [
       126.840045,
       37.538356
      ],
      [
       126.8404,
       37.538287
      ],
      [
       126.840768,
       37.538237
      ],
      [
       126.841137,
       37.538264
      ],
      [
       126.841425,
       37.538546
      ],
      [
       126.841675,
       37.538803
      ],
      [
       126.841892,
       37.539046
      ],
      [
       126.842026,
       37.539351
      ],
      [
       126.842307,
       37.539425
      ],
      [
       126.842614,
       37.539493
      ],
      [
       126.842582,
       37.539858
      ],
      [
       126.843043,
       37.539829
      ],
      [
       126.842961,
       37.540168
      ],
      [
       126.843482,
       37.540179
      ],
      [
       126.843263,
       37.540534
      ],
      [
       126.84351,
       37.540696
      ],
      [
       126.843927,
       37.540845
      ],
      [
       126.844184,
       37.541067
      ],
      [
       126.844397,
       37.541321
      ],
      [
       126.844077,
       37.5416
      ]
     ]
    ]
   }
  },
  {
   "type": "Feature",
   "properties": {
    "대상": "카페하다 부천중동점",
    "구간": "P10",
    "생성": "합성(예시)"
   },
   "geometry": {
    "type": "Polygon",
    "coordinates": [
     [
      [
       126.770157,
       37.5035
      ],
      [
       126.771334,
       37.503873
      ],
      [
       126.772049,
       37.504352
      ],
      [
       126.772519,
       37.504895
      ],
      [
       126.772668,
       37.505439
      ],
      [
       126.772835,
       37.506046
      ],
      [
       126.772655,
       37.50657
      ],
      [
       126.772061,
       37.50689
      ],
      [
       126.771522,
       37.507202
      ],
      [
       126.771331,
       37.507759
      ],
      [
       126.770392,
       37.507681
      ],
      [
       126.770153,
       37.508238
      ],
      [
       126.769359,
       37.508148
      ],
      [
       126.768533,
       37.50784
      ],
      [
       126.768024,
       37.507943
      ],
      [
       126.767483,
       37.507922
      ],
      [
       126.766987,
       37.507972
      ],
      [
       126.766539,
       37.508421
      ],
      [
       126.766,
       37.508556
      ],
      [
       126.765453,
       37.508493
      ],
      [
       126.764931,
       37.508343
      ],
      [
       126.76426,
       37.508688
      ],
      [
       126.763548,
       37.508881
      ],
      [
       126.762863,
       37.508875
      ],
      [
       126.762656,
       37.508127
      ],
      [
       126.761658,
       37.508454
      ],
      [
       126.761018,
       37.508243
      ],
      [
       126.761349,
       37.507216
      ],
      [
       126.762067,
       37.506137
      ],
      [
       126.762608,
       37.505397
      ],
      [
       126.763219,
       37.504783
      ],
      [
       126.763184,
       37.504549
      ],
      [
       126.762349,
       37.504562
      ],
      [
       126.761629,
       37.504436
      ],
      [
       126.760682,
       37.504249
      ],
      [
       126.759846,
       37.50393
      ],
      [
       126.759205,
       37.5035
      ],
      [
       126.760087,
       37.503087
      ],
      [
       126.760294,
       37.502696
      ],
      [
       126.76025,
       37.502269
      ],
      [
       126.760104,
       37.501786
      ],
      [
       126.760117,
       37.501308
      ],
      [
       126.760762,
       37.501084
      ],
      [
       126.76117,
       37.500798
      ],
      [
       126.761041,
       37.500176
      ],
      [
       126.761159,
       37.499632
      ],
      [
       126.761818,
       37.499518
      ],
      [
       126.762318,
       37.499298
      ],
      [
       126.762269,
       37.498338
      ],
      [
       126.762881,
       37.498156
      ],
      [
       126.763596,
       37.498223
      ],
      [
       126.764034,
       37.497637
      ],
      [
       126.764625,
       37.497269
      ],
      [
       126.765316,
       37.497252
      ],
      [
       126.766,
       37.497468
      ],
      [
       126.7667,
       37.497111
      ],
      [
       126.767296,
       37.497627
      ],
      [
       126.767801,
       37.498129
      ],
      [
       126.768431,
       37.498164
      ],
      [
       126.768879,
       37.498568
      ],
      [
       126.769152,
       37.499138
      ],
      [
       126.769719,
       37.499256
      ],
      [
       126.769828,
       37.499855
      ],
      [
       126.769912,
       37.500374
      ],
      [
       126.769885,
       37.500896
      ],
      [
       126.769424,
       37.501584
      ],
      [
       126.769152,
       37.502046
      ],
      [
       126.768795,
       37.502459
      ],
      [
       126.768726,
       37.502707
      ],
      [
       126.768157,
       37.503038
      ],
      [
       126.768902,
       37.503091
      ],
      [
       126.769749,
       37.503238
      ],
      [
       126.770157,
       37.5035
      ]
     ]
    ]
   }
  },
  {
   "type": "Feature",
   "properties": {
    "대상": "카페하다 부천중동점",
    "구간": "P5",
    "생성": "합성(예시)"
   },
   "geometry": {
    "type": "Polygon",
    "coordinates": [
     [
      [
       126.769587,
       37.5035
      ],
      [
       126.769755,
       37.503762
      ],
      [
       126.770197,
       37.504091
      ],
      [
       126.769704,
       37.504293
      ],
      [
       126.769296,
       37.504458
      ],
      [
       126.768652,
       37.504488
      ],
      [
       126.768002,
       37.504424
      ],
      [
       126.767451,
       37.504312
      ],
      [
       126.767015,
       37.50418
      ],
      [
       126.767283,
       37.504525
      ],
      [
       126.767485,
       37.504914
      ],
      [
       126.767462,
       37.505168
      ],
      [
       126.767512,
       37.505592
      ],
      [
       126.76731,
       37.505744
      ],
      [
       126.767158,
       37.506043
      ],
      [
       126.766902,
       37.506189
      ],
      [
       126.766541,
       37.505952
      ],
      [
       126.766274,
       37.506006
      ],
      [
       126.766,
       37.50616
      ],
      [
       126.765737,
       37.505902
      ],
      [
       126.765569,
       37.505452
      ],
      [
       126.765416,
       37.505242
      ],
      [
       126.765218,
       37.505217
      ],
      [
       126.765245,
       37.504793
      ],
      [
       126.765227,
       37.504569
      ],
      [
       126.765158,
       37.504461
      ],
      [
       126.764724,
       37.504715
      ],
      [
       126.764344,
       37.504823
      ],
      [
       126.763737,
       37.505017
      ],
      [
       126.763222,
       37.505054
      ],
      [
       126.762942,
       37.50491
      ],
      [
       126.76241,
       37.504837
      ],
      [
       126.76226,
       37.504588
      ],
      [
       126.76219,
       37.504316
      ],
      [
       126.762727,
       37.503961
      ],
      [
       126.762393,
       37.503752
      ],
      [
       126.76265,
       37.5035
      ],
      [
       126.762472,
       37.503253
      ],
      [
       126.762497,
       37.503007
      ],
      [
       126.762563,
       37.502764
      ],
      [
       126.762982,
       37.502622
      ],
      [
       126.763197,
       37.502456
      ],
      [
       126.76295,
       37.502093
      ],
      [
       126.762985,
       37.501813
      ],
      [
       126.763215,
       37.501633
      ],
      [
       126.763345,
       37.501379
      ],
      [
       126.763536,
       37.501154
      ],
      [
       126.763641,
       37.500808
      ],
      [
       126.764084,
       37.500849
      ],
      [
       126.764264,
       37.500525
      ],
      [
       126.764761,
       37.50078
      ],
      [
       126.765139,
       37.500933
      ],
      [
       126.765485,
       37.501169
      ],
      [
       126.76577,
       37.501399
      ],
      [
       126.766,
       37.501749
      ],
      [
       126.76616,
       37.502042
      ],
      [
       126.76624,
       37.502412
      ],
      [
       126.766399,
       37.502309
      ],
      [
       126.766697,
       37.501971
      ],
      [
       126.766887,
       37.501981
      ],
      [
       126.767231,
       37.501797
      ],
      [
       126.767615,
       37.501657
      ],
      [
       126.767922,
       37.50167
      ],
      [
       126.768133,
       37.501796
      ],
      [
       126.768486,
       37.501833
      ],
      [
       126.768609,
       37.502041
      ],
      [
       126.76915,
       37.502047
      ],
      [
       126.76916,
       37.502323
      ],
      [
       126.769308,
       37.502538
      ],
      [
       126.769651,
       37.502718
      ],
      [
       126.769543,
       37.503001
      ],
      [
       126.769604,
       37.503248
      ],
      [
       126.769587,
       37.5035
      ]
     ]
    ]
   }
  },
  {
   "type": "Feature",
   "properties": {
    "대상": "카페하다 분당서현점",
    "구간": "P10",
    "생성": "합성(예시)"
   },
   "geometry": {
    "type": "Polygon",
    "coordinates": [
     [
      [
       127.130743,
       37.3853
      ],
      [
       127.130627,
       37.385806
      ],
      [
       127.13062,
       37.386319
      ],
      [
       127.130722,
       37.38687
      ],
      [
       127.13048,
       37.387362
      ],
      [
       127.130456,
       37.387933
      ],
      [
       127.130163,
       37.388424
      ],
      [
       127.129741,
       37.388853
      ],
      [
       127.128663,
       37.388834
      ],
      [
       127.128304,
       37.389224
      ],
      [
       127.127853,
       37.389546
      ],
      [
       127.127149,
       37.389584
      ],
      [
       127.126461,
       37.389542
      ],
      [
       127.126042,
       37.389833
      ],
      [
       127.125508,
       37.389934
      ],
      [
       127.124906,
       37.389797
      ],
      [
       127.124437,
       37.390008
      ],
      [
       127.123904,
       37.389912
      ],
      [
       127.1234,
       37.390058
      ],
      [
       127.122804,
       37.39075
      ],
      [
       127.122251,
       37.390516
      ],
      [
       127.121642,
       37.39055
      ],
      [
       127.121126,
       37.390299
      ],
      [
       127.120396,
       37.390455
      ],
      [
       127.119893,
       37.390161
      ],
      [
       127.118967,
       37.390366
      ],
      [
       127.118603,
       37.389874
      ],
      [
       127.117693,
       37.389866
      ],
      [
       127.117444,
       37.389299
      ],
      [
       127.116856,
       37.388967
      ],
      [
       127.11726,
       37.388137
      ],
      [
       127.116438,
       37.387898
      ],
      [
       127.116782,
       37.387227
      ],
      [
       127.116305,
       37.386821
      ],
      [
       127.116692,
       37.386246
      ],
      [
       127.116303,
       37.385797
      ],
      [
       127.116632,
       37.3853
      ],
      [
       127.117112,
       37.38486
      ],
      [
       127.116962,
       37.384392
      ],
      [
       127.117359,
       37.384005
      ],
      [
       127.117603,
       37.383612
      ],
      [
       127.11821,
       37.383364
      ],
      [
       127.117809,
       37.382717
      ],
      [
       127.118502,
       37.382556
      ],
      [
       127.118418,
       37.381955
      ],
      [
       127.1191,
       37.381859
      ],
      [
       127.119724,
       37.381795
      ],
      [
       127.120196,
       37.381638
      ],
      [
       127.120776,
       37.381663
      ],
      [
       127.121367,
       37.381812
      ],
      [
       127.122034,
       37.382298
      ],
      [
       127.122388,
       37.382277
      ],
      [
       127.12283,
       37.382713
      ],
      [
       127.123165,
       37.383147
      ],
      [
       127.1234,
       37.382902
      ],
      [
       127.123699,
       37.382568
      ],
      [
       127.124092,
       37.38216
      ],
      [
       127.124478,
       37.38208
      ],
      [
       127.125013,
       37.381755
      ],
      [
       127.125487,
       37.381719
      ],
      [
       127.126132,
       37.381513
      ],
      [
       127.126576,
       37.381671
      ],
      [
       127.127109,
       37.381763
      ],
      [
       127.127652,
       37.381897
      ],
      [
       127.128303,
       37.382008
      ],
      [
       127.128042,
       37.382699
      ],
      [
       127.128872,
       37.382772
      ],
      [
       127.129335,
       37.383085
      ],
      [
       127.129015,
       37.383665
      ],
      [
       127.12965,
       37.38396
      ],
      [
       127.130648,
       37.384277
      ],
      [
       127.130434,
       37.384808
      ],
      [
       127.130743,
       37.3853
      ]
     ]
    ]
   }
  },
  {
   "type": "Feature",
   "properties": {
    "대상": "카페하다 분당서현점",
    "구간": "P5",
    "생성": "합성(예시)"
   },
   "geometry": {
    "type": "Polygon",
    "coordinates": [
     [
      [
       127.127107,
       37.3853
      ],
      [
       127.127495,
       37.385587
      ],
      [
       127.126862,
       37.385788
      ],
      [
       127.126097,
       37.385878
      ],
      [
       127.125353,
       37.385869
      ],
      [
       127.12475,
       37.385804
      ],
      [
       127.125004,
       37.386041
      ],
      [
       127.125583,
       37.386523
      ],
      [
       127.125543,
       37.386739
      ],
      [
       127.125926,
       37.387321
      ],
      [
       127.125644,
       37.38744
      ],
      [
       127.125398,
       37.387584
      ],
      [
       127.125094,
       37.387648
      ],
      [
       127.124808,
       37.387716
      ],
      [
       127.124469,
       37.38765
      ],
      [
       127.124254,
       37.387851
      ],
      [
       127.123955,
       37.387818
      ],
      [
       127.123611,
       37.387228
      ],
      [
       127.1234,
       37.386817
      ],
      [
       127.12327,
       37.38649
      ],
      [
       127.123176,
       37.386317
      ],
      [
       127.12287,
       37.386883
      ],
      [
       127.122486,
       37.38731
      ],
      [
       127.122029,
       37.387652
      ],
      [
       127.121306,
       37.388203
      ],
      [
       127.121097,
       37.387932
      ],
      [
       127.12069,
       37.387884
      ],
      [
       127.120681,
       37.387476
      ],
      [
       127.120277,
       37.387397
      ],
      [
       127.120086,
       37.387157
      ],
      [
       127.119911,
       37.386912
      ],
      [
       127.119832,
       37.386632
      ],
      [
       127.119563,
       37.386418
      ],
      [
       127.119555,
       37.386124
      ],
      [
       127.119787,
       37.38581
      ],
      [
       127.119983,
       37.385539
      ],
      [
       127.119842,
       37.3853
      ],
      [
       127.12022,
       37.385077
      ],
      [
       127.120245,
       37.384855
      ],
      [
       127.120158,
       37.384605
      ],
      [
       127.120443,
       37.384439
      ],
      [
       127.120493,
       37.384215
      ],
      [
       127.120365,
       37.383898
      ],
      [
       127.12038,
       37.383608
      ],
      [
       127.120956,
       37.383659
      ],
      [
       127.121056,
       37.383424
      ],
      [
       127.121585,
       37.383569
      ],
      [
       127.121755,
       37.38342
      ],
      [
       127.121972,
       37.383321
      ],
      [
       127.122408,
       37.383598
      ],
      [
       127.122705,
       37.383772
      ],
      [
       127.122971,
       37.384019
      ],
      [
       127.123152,
       37.384175
      ],
      [
       127.123252,
       37.383949
      ],
      [
       127.1234,
       37.383604
      ],
      [
       127.123619,
       37.383296
      ],
      [
       127.123903,
       37.383017
      ],
      [
       127.124148,
       37.383067
      ],
      [
       127.12452,
       37.382838
      ],
      [
       127.124772,
       37.382946
      ],
      [
       127.12503,
       37.38304
      ],
      [
       127.125242,
       37.383195
      ],
      [
       127.125616,
       37.383187
      ],
      [
       127.125766,
       37.383407
      ],
      [
       127.125785,
       37.383699
      ],
      [
       127.126026,
       37.383828
      ],
      [
       127.126299,
       37.383961
      ],
      [
       127.126427,
       37.384171
      ],
      [
       127.126431,
       37.384417
      ],
      [
       127.127078,
       37.384511
      ],
      [
       127.127033,
       37.384787
      ],
      [
       127.127324,
       37.385025
      ],
      [
       127.127107,
       37.3853
      ]
     ]
    ]
   }
  },
  {
   "type": "Feature",
   "properties": {
    "대상": "카페하다 안양범계점",
    "구간": "P10",
    "생성": "합성(예시)"
   },
   "geometry": {
    "type": "Polygon",
    "coordinates": [
     [
      [
       126.955819,
       37.3894
      ],
      [
       126.956215,
       37.389793
      ],
      [
       126.957167,
       37.390326
      ],
      [
       126.957735,
       37.39093
      ],
      [
       126.958106,
       37.391586
      ],
      [
       126.95772,
       37.392056
      ],
      [
       126.957299,
       37.392495
      ],
      [
       126.957001,
       37.392986
      ],
      [
       126.956261,
       37.393201
      ],
      [
       126.955576,
       37.393381
      ],
      [
       126.954949,
       37.393547
      ],
      [
       126.954569,
       37.393935
      ],
      [
       126.954182,
       37.394364
      ],
      [
       126.953495,
       37.394368
      ],
      [
       126.952899,
       37.394454
      ],
      [
       126.952249,
       37.394326
      ],
      [
       126.951764,
       37.394682
      ],
      [
       126.951167,
       37.394585
      ],
      [
       126.9506,
       37.394347
      ],
      [
       126.949998,
       37.394905
      ],
      [
       126.94945,
       37.394618
      ],
      [
       126.94881,
       37.394744
      ],
      [
       126.948303,
       37.394449
      ],
      [
       126.947392,
       37.394905
      ],
      [
       126.94654,
       37.395027
      ],
      [
       126.946068,
       37.394578
      ],
      [
       126.945797,
       37.39398
      ],
      [
       126.94585,
       37.393201
      ],
      [
       126.945902,
       37.392554
      ],
      [
       126.945728,
       37.39213
      ],
      [
       126.946213,
       37.391427
      ],
      [
       126.946121,
       37.391071
      ],
      [
       126.94674,
       37.390524
      ],
      [
       126.947216,
       37.390126
      ],
      [
       126.947677,
       37.389812
      ],
      [
       126.948215,
       37.389567
      ],
      [
       126.94785,
       37.3894
      ],
      [
       126.947606,
       37.38919
      ],
      [
       126.947113,
       37.388908
      ],
      [
       126.947075,
       37.388644
      ],
      [
       126.946681,
       37.388259
      ],
      [
       126.94655,
       37.387889
      ],
      [
       126.945992,
       37.387271
      ],
      [
       126.946313,
       37.386998
      ],
      [
       126.945657,
       37.386081
      ],
      [
       126.945766,
       37.385532
      ],
      [
       126.94612,
       37.385128
      ],
      [
       126.946355,
       37.38455
      ],
      [
       126.946707,
       37.384004
      ],
      [
       126.947159,
       37.383495
      ],
      [
       126.947961,
       37.383599
      ],
      [
       126.948626,
       37.383504
      ],
      [
       126.94926,
       37.38332
      ],
      [
       126.949924,
       37.383216
      ],
      [
       126.9506,
       37.382854
      ],
      [
       126.951273,
       37.383248
      ],
      [
       126.951799,
       37.383959
      ],
      [
       126.952372,
       37.384108
      ],
      [
       126.95315,
       37.383794
      ],
      [
       126.953413,
       37.384574
      ],
      [
       126.953623,
       37.38521
      ],
      [
       126.953687,
       37.385872
      ],
      [
       126.953626,
       37.386514
      ],
      [
       126.9535,
       37.38708
      ],
      [
       126.953298,
       37.387588
      ],
      [
       126.953205,
       37.387941
      ],
      [
       126.95299,
       37.388296
      ],
      [
       126.952809,
       37.388576
      ],
      [
       126.953025,
       37.388694
      ],
      [
       126.953938,
       37.388684
      ],
      [
       126.954487,
       37.388852
      ],
      [
       126.95495,
       37.389095
      ],
      [
       126.955819,
       37.3894
      ]
     ]
    ]
   }
  },
  {
   "type": "Feature",
   "properties": {
    "대상": "카페하다 안양범계점",
    "구간": "P5",
    "생성": "합성(예시)"
   },
   "geometry": {
    "type": "Polygon",
    "coordinates": [
     [
      [
       126.954251,
       37.3894
      ],
      [
       126.954327,
       37.389661
      ],
      [
       126.954124,
       37.389897
      ],
      [
       126.954003,
       37.39013
      ],
      [
       126.9543,
       37.390478
      ],
      [
       126.953875,
       37.390622
      ],
      [
       126.953693,
       37.390829
      ],
      [
       126.953637,
       37.391102
      ],
      [
       126.953254,
       37.391182
      ],
      [
       126.953033,
       37.391347
      ],
      [
       126.952686,
       37.39139
      ],
      [
       126.952004,
       37.391004
      ],
      [
       126.951618,
       37.390811
      ],
      [
       126.95127,
       37.390549
      ],
      [
       126.950962,
       37.390197
      ],
      [
       126.950969,
       37.390503
      ],
      [
       126.950894,
       37.390733
      ],
      [
       126.950793,
       37.391168
      ],
      [
       126.9506,
       37.39139
      ],
      [
       126.950327,
       37.3919
      ],
      [
       126.95004,
       37.391939
      ],
      [
       126.949805,
       37.391772
      ],
      [
       126.949435,
       37.391961
      ],
      [
       126.949103,
       37.391968
      ],
      [
       126.948706,
       37.392024
      ],
      [
       126.948551,
       37.391741
      ],
      [
       126.94829,
       37.391603
      ],
      [
       126.947937,
       37.391531
      ],
      [
       126.947775,
       37.391297
      ],
      [
       126.947475,
       37.391151
      ],
      [
       126.947256,
       37.390945
      ],
      [
       126.947283,
       37.390637
      ],
      [
       126.947225,
       37.390383
      ],
      [
       126.947194,
       37.39013
      ],
      [
       126.947249,
       37.389873
      ],
      [
       126.947537,
       37.389614
      ],
      [
       126.947372,
       37.3894
      ],
      [
       126.94755,
       37.389186
      ],
      [
       126.947535,
       37.388968
      ],
      [
       126.947657,
       37.388769
      ],
      [
       126.947873,
       37.388606
      ],
      [
       126.948024,
       37.388439
      ],
      [
       126.948089,
       37.38824
      ],
      [
       126.948157,
       37.388032
      ],
      [
       126.948122,
       37.387736
      ],
      [
       126.94827,
       37.387535
      ],
      [
       126.948458,
       37.387358
      ],
      [
       126.948557,
       37.387066
      ],
      [
       126.948756,
       37.386844
      ],
      [
       126.949182,
       37.386967
      ],
      [
       126.94932,
       37.386586
      ],
      [
       126.949627,
       37.386495
      ],
      [
       126.949966,
       37.386525
      ],
      [
       126.950265,
       37.386339
      ],
      [
       126.9506,
       37.386277
      ],
      [
       126.950917,
       37.386497
      ],
      [
       126.951148,
       37.386911
      ],
      [
       126.95136,
       37.387132
      ],
      [
       126.951514,
       37.38739
      ],
      [
       126.951536,
       37.387794
      ],
      [
       126.951611,
       37.387999
      ],
      [
       126.951449,
       37.38843
      ],
      [
       126.951533,
       37.388511
      ],
      [
       126.951389,
       37.388768
      ],
      [
       126.95143,
       37.388842
      ],
      [
       126.951738,
       37.388762
      ],
      [
       126.952058,
       37.388726
      ],
      [
       126.952299,
       37.388766
      ],
      [
       126.952735,
       37.388778
      ],
      [
       126.95306,
       37.388873
      ],
      [
       126.953251,
       37.389026
      ],
      [
       126.953935,
       37.389167
      ],
      [
       126.954251,
       37.3894
      ]
     ]
    ]
   }
  },
  {
   "type": "Feature",
   "properties": {
    "대상": "카페하다 일산라페스타점",
    "구간": "P10",
    "생성": "합성(예시)"
   },
   "geometry": {
    "type": "Polygon",
    "coordinates": [
     [
      [
       126.777293,
       37.6584
      ],
      [
       126.777134,
       37.658905
      ],
      [
       126.77721,
       37.659428
      ],
      [
       126.77722,
       37.659964
      ],
      [
       126.776811,
       37.660405
      ],
      [
       126.776717,
       37.660934
      ],
      [
       126.776744,
       37.66155
      ],
      [
       126.775999,
       37.661805
      ],
      [
       126.775563,
       37.662188
      ],
      [
       126.774433,
       37.662014
      ],
      [
       126.77385,
       37.662153
      ],
      [
       126.773334,
       37.662309
      ],
      [
       126.773119,
       37.662845
      ],
      [
       126.772621,
       37.663052
      ],
      [
       126.771842,
       37.662655
      ],
      [
       126.771451,
       37.663013
      ],
      [
       126.770881,
       37.662835
      ],
      [
       126.770435,
       37.663276
      ],
      [
       126.7699,
       37.662871
      ],
      [
       126.769371,
       37.663219
      ],
      [
       126.768786,
       37.663439
      ],
      [
       126.76809,
       37.663785
      ],
      [
       126.767704,
       37.66321
      ],
      [
       126.767013,
       37.663337
      ],
      [
       126.766222,
       37.663479
      ],
      [
       126.765687,
       37.663197
      ],
      [
       126.76523,
       37.662837
      ],
      [
       126.764603,
       37.662623
      ],
      [
       126.76426,
       37.662173
      ],
      [
       126.764061,
       37.661659
      ],
      [
       126.763794,
       37.661211
      ],
      [
       126.763629,
       37.660731
      ],
      [
       126.7629,
       37.660431
      ],
      [
       126.763174,
       37.659837
      ],
      [
       126.763436,
       37.659309
      ],
      [
       126.763571,
       37.658841
      ],
      [
       126.7636,
       37.6584
      ],
      [
       126.763836,
       37.657977
      ],
      [
       126.764202,
       37.657599
      ],
      [
       126.764404,
       37.657226
      ],
      [
       126.76507,
       37.656999
      ],
      [
       126.766016,
       37.656956
      ],
      [
       126.767016,
       37.657072
      ],
      [
       126.767854,
       37.657258
      ],
      [
       126.768162,
       37.657237
      ],
      [
       126.767388,
       37.656397
      ],
      [
       126.76702,
       37.655664
      ],
      [
       126.766347,
       37.654355
      ],
      [
       126.766573,
       37.653806
      ],
      [
       126.766999,
       37.65344
      ],
      [
       126.76747,
       37.653078
      ],
      [
       126.768001,
       37.652751
      ],
      [
       126.768547,
       37.652283
      ],
      [
       126.76929,
       37.652845
      ],
      [
       126.7699,
       37.652787
      ],
      [
       126.770528,
       37.652678
      ],
      [
       126.771113,
       37.652917
      ],
      [
       126.771645,
       37.653208
      ],
      [
       126.772129,
       37.653517
      ],
      [
       126.772672,
       37.653661
      ],
      [
       126.772932,
       37.654214
      ],
      [
       126.773538,
       37.654258
      ],
      [
       126.773665,
       37.654823
      ],
      [
       126.774174,
       37.654993
      ],
      [
       126.77442,
       37.655377
      ],
      [
       126.774607,
       37.655772
      ],
      [
       126.775411,
       37.655863
      ],
      [
       126.775255,
       37.656409
      ],
      [
       126.775521,
       37.656769
      ],
      [
       126.775763,
       37.657148
      ],
      [
       126.776829,
       37.657426
      ],
      [
       126.77701,
       37.657904
      ],
      [
       126.777293,
       37.6584
      ]
     ]
    ]
   }
  },
  {
   "type": "Feature",
   "properties": {
    "대상": "카페하다 일산라페스타점",
    "구간": "P5",
    "생성": "합성(예시)"
   },
   "geometry": {
    "type": "Polygon",
    "coordinates": [
     [
      [
       126.77338,
       37.6584
      ],
      [
       126.773615,
       37.658659
      ],
      [
       126.773839,
       37.658954
      ],
      [
       126.773696,
       37.659211
      ],
      [
       126.773591,
       37.659471
      ],
      [
       126.773366,
       37.659688
      ],
      [
       126.773247,
       37.65994
      ],
      [
       126.772756,
       37.659995
      ],
      [
       126.772884,
       37.660397
      ],
      [
       126.772579,
       37.660535
      ],
      [
       126.772301,
       37.660681
      ],
      [
       126.771912,
       37.660691
      ],
      [
       126.771586,
       37.660729
      ],
      [
       126.77137,
       37.660914
      ],
      [
       126.770972,
       37.660748
      ],
      [
       126.770748,
       37.660922
      ],
      [
       126.770442,
       37.660849
      ],
      [
       126.770176,
       37.660912
      ],
      [
       126.7699,
       37.661053
      ],
      [
       126.769641,
       37.660757
      ],
      [
       126.769357,
       37.660855
      ],
      [
       126.769065,
       37.660885
      ],
      [
       126.768768,
       37.66088
      ],
      [
       126.768347,
       37.661056
      ],
      [
       126.768151,
       37.660815
      ],
      [
       126.767948,
       37.660622
      ],
      [
       126.768064,
       37.660144
      ],
      [
       126.767994,
       37.65992
      ],
      [
       126.768052,
       37.659637
      ],
      [
       126.768167,
       37.659368
      ],
      [
       126.768123,
       37.659218
      ],
      [
       126.768361,
       37.658972
      ],
      [
       126.768637,
       37.658766
      ],
      [
       126.768518,
       37.658695
      ],
      [
       126.768366,
       37.658616
      ],
      [
       126.768054,
       37.658529
      ],
      [
       126.768061,
       37.6584
      ],
      [
       126.767732,
       37.658249
      ],
      [
       126.767597,
       37.658076
      ],
      [
       126.767643,
       37.657918
      ],
      [
       126.767331,
       37.657655
      ],
      [
       126.767421,
       37.657478
      ],
      [
       126.767134,
       37.657127
      ],
      [
       126.767389,
       37.656998
      ],
      [
       126.767656,
       37.656899
      ],
      [
       126.767484,
       37.656474
      ],
      [
       126.767839,
       37.656441
      ],
      [
       126.767899,
       37.656122
      ],
      [
       126.768097,
       37.655911
      ],
      [
       126.768351,
       37.655751
      ],
      [
       126.768597,
       37.655547
      ],
      [
       126.768882,
       37.655372
      ],
      [
       126.769226,
       37.65535
      ],
      [
       126.769555,
       37.655254
      ],
      [
       126.7699,
       37.655304
      ],
      [
       126.770225,
       37.655435
      ],
      [
       126.77059,
       37.655282
      ],
      [
       126.770779,
       37.655786
      ],
      [
       126.771079,
       37.655817
      ],
      [
       126.771356,
       37.655911
      ],
      [
       126.771604,
       37.656047
      ],
      [
       126.771627,
       37.656434
      ],
      [
       126.772109,
       37.656301
      ],
      [
       126.77223,
       37.656543
      ],
      [
       126.772194,
       37.656865
      ],
      [
       126.772491,
       37.656954
      ],
      [
       126.772729,
       37.657098
      ],
      [
       126.772556,
       37.657413
      ],
      [
       126.773043,
       37.657488
      ],
      [
       126.77295,
       37.657748
      ],
      [
       126.773008,
       37.657963
      ],
      [
       126.773723,
       37.658133
      ],
      [
       126.77338,
       37.6584
      ]
     ]
    ]
   }
  }
 ]
}